{
"type": "FeatureCollection",
"name": "desiertos_parques_prioritarios",
"crs": { "type": "name", "properties": { "name": "urn:ogc:def:crs:OGC:1.3:CRS84" } },
"features": [
{ "type": "Feature", "properties": { "CVE_ENT": "31", "CVE_MUN": "050", "CVE_LOC": "0001", "CVE_AGEB": "5827", "CVEGEO": "3105000015827", "POBTOT": 2032, "cantidad_parques": 0.0, "parques_por_1000_hab": 0.0 }, "geometry": { "type": "Polygon", "coordinates": [ [ [ -89.695545493202275, 20.991288545617582 ], [ -89.695214653821623, 20.991246286110368 ], [ -89.695136858234846, 20.99135429309699 ], [ -89.695208778102682, 20.990975122840688 ], [ -89.695292228547999, 20.990531832825869 ], [ -89.695379638040677, 20.990067403304625 ], [ -89.695469628950065, 20.989589433146438 ], [ -89.695556748113503, 20.989126583127561 ], [ -89.695640808131557, 20.988680063776386 ], [ -89.695725628603142, 20.988229543754791 ], [ -89.695810778418362, 20.987777083553123 ], [ -89.695894798682815, 20.987330863700869 ], [ -89.695978808007467, 20.986884513787249 ], [ -89.696063697833154, 20.986433434402105 ], [ -89.697468297489877, 20.986643154388858 ], [ -89.697841467987047, 20.986707033971349 ], [ -89.698918576336453, 20.986891893894761 ], [ -89.699791666636443, 20.98702268521086 ], [ -89.700390977019808, 20.987124353509092 ], [ -89.700552746944581, 20.98715180390797 ], [ -89.700640256035001, 20.987131234156191 ], [ -89.701556315516825, 20.987579143653274 ], [ -89.701060915667583, 20.988466914446896 ], [ -89.70104931585719, 20.98848760481312 ], [ -89.700833316557734, 20.988872464208729 ], [ -89.700554066424999, 20.989370014597807 ], [ -89.700110657246725, 20.990160014053771 ], [ -89.699866776651035, 20.990594493622787 ], [ -89.699599237674946, 20.991071143496136 ], [ -89.699176716585399, 20.991818802489313 ], [ -89.699071836530663, 20.992006172950951 ], [ -89.698609177609271, 20.992832752780952 ], [ -89.697733377545063, 20.992401372153154 ], [ -89.697298177707083, 20.99218628307705 ], [ -89.696875627989442, 20.991977432995693 ], [ -89.696448237717163, 20.991766182840095 ], [ -89.696009845653052, 20.991533634270667 ], [ -89.69558350204079, 20.991299325660709 ], [ -89.695545493202275, 20.991288545617582 ] ] ] } },
{ "type": "Feature", "properties": { "CVE_ENT": "31", "CVE_MUN": "050", "CVE_LOC": "0001", "CVE_AGEB": "3784", "CVEGEO": "3105000013784", "POBTOT": 3838, "cantidad_parques": 0.0, "parques_por_1000_hab": 0.0 }, "geometry": { "type": "Polygon", "coordinates": [ [ [ -89.677778803861926, 20.96757815869703 ], [ -89.677760503492067, 20.967578438418816 ], [ -89.677742663958725, 20.967582298583824 ], [ -89.677751863113954, 20.967470158728041 ], [ -89.677777033188178, 20.96716351903855 ], [ -89.677780353299767, 20.967123008930614 ], [ -89.677784783631537, 20.967077919058603 ], [ -89.677824443569847, 20.966673639246665 ], [ -89.67786778316767, 20.966234958659854 ], [ -89.677870783163982, 20.966204578649609 ], [ -89.677894934030178, 20.965954838736465 ], [ -89.677915413491121, 20.965749609026886 ], [ -89.677920103393419, 20.965701719147376 ], [ -89.677957723118752, 20.965318179406385 ], [ -89.677959473268174, 20.965300319269843 ], [ -89.677961973286713, 20.965274979089251 ], [ -89.677964573493924, 20.96524914891414 ], [ -89.67800310339247, 20.964864519177706 ], [ -89.678005433562362, 20.964841358907673 ], [ -89.678010263578727, 20.964793209034397 ], [ -89.678037043331855, 20.964526159311607 ], [ -89.678047333948626, 20.964408349344762 ], [ -89.678048203742705, 20.964398419468342 ], [ -89.678050303134285, 20.964370639259652 ], [ -89.678053173223432, 20.964336959682701 ], [ -89.678088933604599, 20.963917019715371 ], [ -89.678093353907116, 20.963865259881441 ], [ -89.67809992320241, 20.963786489681794 ], [ -89.678116093673097, 20.963592859712197 ], [ -89.678126703162476, 20.963473579500484 ], [ -89.678127773784652, 20.96346109979994 ], [ -89.678148403901076, 20.963219159877458 ], [ -89.678159933687127, 20.963082790209146 ], [ -89.67816547392998, 20.963017420089059 ], [ -89.678167433347809, 20.962994380105464 ], [ -89.678204103247751, 20.962561130094141 ], [ -89.678206402994761, 20.962534039975584 ], [ -89.678243693581635, 20.962093690276514 ], [ -89.67826683373066, 20.961767890580433 ], [ -89.678275643858257, 20.961643840014563 ], [ -89.678482303069998, 20.961462160226588 ], [ -89.67871641345576, 20.961256359971166 ], [ -89.678935873279514, 20.961060210436507 ], [ -89.678995233717998, 20.961006760347765 ], [ -89.679035133687862, 20.960970820368736 ], [ -89.679059923463356, 20.960949330402148 ], [ -89.679081492957309, 20.960930640459416 ], [ -89.67909998308582, 20.96091461988722 ], [ -89.679117103565844, 20.960899760626141 ], [ -89.679131353058523, 20.960883489892137 ], [ -89.679137433111094, 20.960869810056924 ], [ -89.679141153476408, 20.960861460307779 ], [ -89.679148533564089, 20.960841330225804 ], [ -89.67915012281108, 20.960821299917896 ], [ -89.679151013220363, 20.960799460173615 ], [ -89.679148073583889, 20.960779500597607 ], [ -89.679145133422082, 20.960758330791695 ], [ -89.679140132813913, 20.960736890500804 ], [ -89.679136603201158, 20.960714790640775 ], [ -89.679132383403712, 20.960695460541668 ], [ -89.679127523283071, 20.960677330719719 ], [ -89.679123473350288, 20.960657300451068 ], [ -89.679098293327257, 20.960532130379214 ], [ -89.679050873162467, 20.960285750594963 ], [ -89.679032662806108, 20.960192350596508 ], [ -89.67900495359315, 20.960051670574213 ], [ -89.67899320337574, 20.959991980891512 ], [ -89.67898258293036, 20.959938060191799 ], [ -89.678980973268096, 20.959929870259735 ], [ -89.678939003317168, 20.95971884105823 ], [ -89.678882952900906, 20.959437041087735 ], [ -89.678855703367816, 20.959294670862189 ], [ -89.678774173236349, 20.958868501229738 ], [ -89.6787582035588, 20.958785040499912 ], [ -89.678833123816048, 20.958772291064101 ], [ -89.67955444346525, 20.958649550862823 ], [ -89.680920212458489, 20.958405240799504 ], [ -89.682662238083878, 20.958110929484551 ], [ -89.682390202712384, 20.959112150849801 ], [ -89.682336382716656, 20.959313290974912 ], [ -89.682271952473315, 20.959545300989653 ], [ -89.682151352630527, 20.959991670668231 ], [ -89.682034722586209, 20.960433610911373 ], [ -89.681921042437963, 20.960856750120588 ], [ -89.681797462942953, 20.961318520475334 ], [ -89.681676932496799, 20.961780470150202 ], [ -89.681556472934673, 20.962222389744213 ], [ -89.681439832871263, 20.96266480957236 ], [ -89.681322502347939, 20.963102749962662 ], [ -89.681227352593169, 20.963464869343905 ], [ -89.681203292270283, 20.963554100011958 ], [ -89.681083722898421, 20.963985809492815 ], [ -89.680962172413544, 20.964434119362117 ], [ -89.68084483235269, 20.964863289369049 ], [ -89.680724373105406, 20.965314578856656 ], [ -89.680605732382617, 20.965748888923326 ], [ -89.680485752599012, 20.966199298595569 ], [ -89.680365732464409, 20.966630259180494 ], [ -89.680250692491811, 20.967064838915221 ], [ -89.680139732720491, 20.967514038870537 ], [ -89.680024922724371, 20.967959058360819 ], [ -89.679998633334407, 20.968049458452192 ], [ -89.679933172918467, 20.968037498127554 ], [ -89.679923843287781, 20.968035788283263 ], [ -89.679104843471094, 20.967886208753587 ], [ -89.679046523499963, 20.967875558662964 ], [ -89.679027933697341, 20.967872238273046 ], [ -89.678512303114559, 20.967779898243712 ], [ -89.677956753872223, 20.967688158933186 ], [ -89.67785781376169, 20.967671608866119 ], [ -89.677858673888849, 20.967658718718351 ], [ -89.677856463138326, 20.967641658166546 ], [ -89.67785050355684, 20.967625388888365 ], [ -89.677841093777104, 20.967610618906427 ], [ -89.677828603976167, 20.967598058388614 ], [ -89.677813613353308, 20.967588178532441 ], [ -89.677796783702817, 20.967581459038435 ], [ -89.677778803861926, 20.96757815869703 ] ] ] } },
{ "type": "Feature", "properties": { "CVE_ENT": "31", "CVE_MUN": "050", "CVE_LOC": "0001", "CVE_AGEB": "0760", "CVEGEO": "3105000010760", "POBTOT": 3389, "cantidad_parques": 0.0, "parques_por_1000_hab": 0.0 }, "geometry": { "type": "Polygon", "coordinates": [ [ [ -89.610791091882547, 20.938602474985437 ], [ -89.610822392241531, 20.93870701503867 ], [ -89.611032202357578, 20.939408615241717 ], [ -89.611061832425747, 20.939507735030595 ], [ -89.611320052424247, 20.940360274622719 ], [ -89.611611802178132, 20.941323534531424 ], [ -89.611910661945629, 20.94231033397249 ], [ -89.611854691659687, 20.942346444026626 ], [ -89.610944232282435, 20.943215154005511 ], [ -89.610863291711851, 20.943294464115361 ], [ -89.61080563217061, 20.94334956416089 ], [ -89.610205311769263, 20.943917224000991 ], [ -89.61017814253357, 20.943942904284814 ], [ -89.609445802574399, 20.944661753496057 ], [ -89.608700342934483, 20.945377963653748 ], [ -89.608688392891992, 20.945389473316741 ], [ -89.607972112885463, 20.94608382328526 ], [ -89.607962682826653, 20.946093043744327 ], [ -89.607216493332999, 20.946822783136675 ], [ -89.607170973075753, 20.946776523267541 ], [ -89.606495192988845, 20.94609018325086 ], [ -89.606313433204363, 20.945905593252188 ], [ -89.605773853639207, 20.945357583785455 ], [ -89.605744343060749, 20.945349093553595 ], [ -89.60576380304208, 20.945329963200734 ], [ -89.605149453634766, 20.944700063342164 ], [ -89.605455263563698, 20.944353473968832 ], [ -89.605517993883936, 20.944286074171661 ], [ -89.605790293123931, 20.943973784125689 ], [ -89.605857883789696, 20.943897193597216 ], [ -89.605829593739188, 20.943168723848981 ], [ -89.605815863852001, 20.942815823795613 ], [ -89.605809882968146, 20.942661384178596 ], [ -89.605791923539869, 20.942189933951557 ], [ -89.60579068365972, 20.942167294057192 ], [ -89.605782973867974, 20.941968504567786 ], [ -89.60577737301324, 20.941824324144992 ], [ -89.605743863381207, 20.940961824903066 ], [ -89.605735603848473, 20.940807584288848 ], [ -89.605685173623286, 20.940290725078455 ], [ -89.605639833560687, 20.939826064959661 ], [ -89.605802853208004, 20.939815524671737 ], [ -89.605770203140565, 20.938843675552306 ], [ -89.606442823570617, 20.938789064854834 ], [ -89.606472093723411, 20.938787785380025 ], [ -89.606920373016251, 20.938768464748481 ], [ -89.607515653258702, 20.938742765540425 ], [ -89.607544722675129, 20.938741665310708 ], [ -89.608124942836383, 20.938719565414431 ], [ -89.608228753184392, 20.938715615600689 ], [ -89.608632192377641, 20.938700065511906 ], [ -89.6094302821013, 20.938663995356098 ], [ -89.60971165210033, 20.938651275298888 ], [ -89.610669171753074, 20.938607554817381 ], [ -89.610676221907241, 20.938607225060387 ], [ -89.610791091882547, 20.938602474985437 ] ] ] } },
{ "type": "Feature", "properties": { "CVE_ENT": "31", "CVE_MUN": "050", "CVE_LOC": "0001", "CVE_AGEB": "021A", "CVEGEO": "310500001021A", "POBTOT": 1571, "cantidad_parques": 0.0, "parques_por_1000_hab": 0.0 }, "geometry": { "type": "Polygon", "coordinates": [ [ [ -89.624402048128147, 20.986696413586234 ], [ -89.624926147881652, 20.986774663450095 ], [ -89.62512410796478, 20.986801033450387 ], [ -89.625805487382777, 20.986897583547858 ], [ -89.627012737216134, 20.98705241349548 ], [ -89.6279629666208, 20.987178893208426 ], [ -89.62891136620479, 20.987305113549908 ], [ -89.629841826569475, 20.987428953202368 ], [ -89.630816345755989, 20.9875586329442 ], [ -89.631750306291025, 20.987682923395351 ], [ -89.631745415579559, 20.987714753028662 ], [ -89.631593256060455, 20.988576582972556 ], [ -89.63147245572614, 20.989477952598051 ], [ -89.631325685805578, 20.990343911998082 ], [ -89.631307285949418, 20.990455092050212 ], [ -89.631182475751004, 20.991247262416884 ], [ -89.631046286274369, 20.992111662321889 ], [ -89.631041645880487, 20.992141011743211 ], [ -89.63090710583441, 20.992990541384202 ], [ -89.63090374602379, 20.993013911684645 ], [ -89.630764025632985, 20.993898151217834 ], [ -89.630711876069, 20.994247171316765 ], [ -89.630586166436643, 20.995092461590069 ], [ -89.630535745985938, 20.995262060916158 ], [ -89.630199585957257, 20.995021001487771 ], [ -89.629314306701389, 20.994386211361618 ], [ -89.629295116896557, 20.994372461327686 ], [ -89.62893568635549, 20.994114741263392 ], [ -89.62841513654547, 20.993740681186143 ], [ -89.627540086970811, 20.993111851298945 ], [ -89.626696107080036, 20.992500111724336 ], [ -89.62666302678862, 20.992482141468983 ], [ -89.626582887062213, 20.992444212233213 ], [ -89.62578745731048, 20.991863651721836 ], [ -89.624747138050679, 20.991104352477297 ], [ -89.623923317684856, 20.990503052720239 ], [ -89.623694387681212, 20.990337172071744 ], [ -89.623208588557901, 20.989988542929602 ], [ -89.623257477704357, 20.989852542901797 ], [ -89.623461078365636, 20.989303282630814 ], [ -89.623659118154052, 20.988757402634853 ], [ -89.62377511780312, 20.988437712641538 ], [ -89.624072077895349, 20.987627173445603 ], [ -89.624188367819045, 20.987308953220822 ], [ -89.624343388105089, 20.986863753678694 ], [ -89.624402048128147, 20.986696413586234 ] ] ] } },
{ "type": "Feature", "properties": { "CVE_ENT": "31", "CVE_MUN": "050", "CVE_LOC": "0001", "CVE_AGEB": "1542", "CVEGEO": "3105000011542", "POBTOT": 1715, "cantidad_parques": 0.0, "parques_por_1000_hab": 0.0 }, "geometry": { "type": "Polygon", "coordinates": [ [ [ -89.621996078479441, 21.030837711966999 ], [ -89.621971258059446, 21.030838342169591 ], [ -89.620928018150565, 21.030862241881483 ], [ -89.620894918501676, 21.03086337226113 ], [ -89.619825798720683, 21.030899942254756 ], [ -89.618739488727641, 21.030945962384209 ], [ -89.617623508909432, 21.030986572294193 ], [ -89.616562859516776, 21.031011562055848 ], [ -89.616514829667267, 21.030774672360263 ], [ -89.615508399423277, 21.030950972195001 ], [ -89.615240279342899, 21.030055712625209 ], [ -89.615230339849774, 21.030023882591404 ], [ -89.614943349778741, 21.029105082543243 ], [ -89.614923140196353, 21.029040392927776 ], [ -89.614622389986337, 21.028077482925756 ], [ -89.614264140306602, 21.027133333139904 ], [ -89.613880320448871, 21.026165083104917 ], [ -89.613906190370145, 21.026153852831229 ], [ -89.614765550065272, 21.025786333756454 ], [ -89.614806230415411, 21.025781303128603 ], [ -89.614889999798194, 21.025770933109399 ], [ -89.615862029757849, 21.025522453649973 ], [ -89.616681599532882, 21.025376943787791 ], [ -89.617237739838444, 21.025259533372605 ], [ -89.617757259512558, 21.025149853711682 ], [ -89.618799548638066, 21.024929803553253 ], [ -89.619856488369507, 21.024725243577915 ], [ -89.620885308815502, 21.024506193669616 ], [ -89.621964388211467, 21.024276443450415 ], [ -89.622127628034903, 21.02526810365918 ], [ -89.622217398321723, 21.025813303117328 ], [ -89.622280718192556, 21.026197912913148 ], [ -89.622300857938001, 21.026320273710738 ], [ -89.622397887495026, 21.02690967318285 ], [ -89.622474047963919, 21.027370243366104 ], [ -89.622554627618243, 21.027784072681019 ], [ -89.622676537901171, 21.02840576319652 ], [ -89.622741507351577, 21.028788972744675 ], [ -89.62276134786822, 21.028912852900689 ], [ -89.622908367496407, 21.029809362043078 ], [ -89.623017997652482, 21.030471852456802 ], [ -89.623080857488006, 21.030788672229292 ], [ -89.622423478237494, 21.030824971987567 ], [ -89.621996078479441, 21.030837711966999 ] ] ] } },
{ "type": "Feature", "properties": { "CVE_ENT": "31", "CVE_MUN": "050", "CVE_LOC": "0001", "CVE_AGEB": "0629", "CVEGEO": "3105000010629", "POBTOT": 1873, "cantidad_parques": 0.0, "parques_por_1000_hab": 0.0 }, "geometry": { "type": "Polygon", "coordinates": [ [ [ -89.620760739212443, 20.959402529738647 ], [ -89.620721689054292, 20.959382150290335 ], [ -89.619630349714853, 20.959101300203166 ], [ -89.619619509869878, 20.959099010316436 ], [ -89.619604709097061, 20.959094549873601 ], [ -89.618450769356741, 20.958775610184691 ], [ -89.618686519362925, 20.957602670888214 ], [ -89.618723549637309, 20.957416760738209 ], [ -89.618926970155414, 20.956485350731047 ], [ -89.61918261942219, 20.955387551395358 ], [ -89.619440539409297, 20.954274961150784 ], [ -89.619632619938798, 20.953385441540149 ], [ -89.619662339463332, 20.95323939133668 ], [ -89.619897349159643, 20.952084152248673 ], [ -89.621101508840809, 20.952393781516758 ], [ -89.621274428663057, 20.952428982184045 ], [ -89.622290679015833, 20.952620781760295 ], [ -89.622802119004234, 20.952715691662146 ], [ -89.623442598950049, 20.95285276154187 ], [ -89.624655347783488, 20.95311235153763 ], [ -89.625872847511403, 20.953365751964942 ], [ -89.625600137514525, 20.954479691457021 ], [ -89.62559638794238, 20.954497661241007 ], [ -89.625506317885822, 20.954899421663647 ], [ -89.625369427900324, 20.955669561066902 ], [ -89.625359507634528, 20.955713610679457 ], [ -89.625108597891881, 20.957001530883126 ], [ -89.625100398318835, 20.957044810625337 ], [ -89.624982797797827, 20.957637550890432 ], [ -89.624673347666516, 20.959171490548112 ], [ -89.624540998064205, 20.959784189849298 ], [ -89.623284018039342, 20.959533040479304 ], [ -89.623186648809153, 20.960015519649524 ], [ -89.621873078983398, 20.959689580318184 ], [ -89.620760739212443, 20.959402529738647 ] ] ] } },
{ "type": "Feature", "properties": { "CVE_ENT": "31", "CVE_MUN": "050", "CVE_LOC": "0001", "CVE_AGEB": "0493", "CVEGEO": "3105000010493", "POBTOT": 2715, "cantidad_parques": 0.0, "parques_por_1000_hab": 0.0 }, "geometry": { "type": "Polygon", "coordinates": [ [ [ -89.629615746219486, 20.968525257557012 ], [ -89.629916056327318, 20.967491688318646 ], [ -89.629921246667465, 20.967470007920749 ], [ -89.630177396607664, 20.96656718807915 ], [ -89.630337656816437, 20.965780298445484 ], [ -89.630384766625951, 20.965520639080264 ], [ -89.630527686837468, 20.964025438693007 ], [ -89.630605346282991, 20.963156588833122 ], [ -89.630616116509273, 20.963071189685248 ], [ -89.630799076197746, 20.961807189985574 ], [ -89.630811766654148, 20.961718789719448 ], [ -89.631096536625122, 20.960557320075701 ], [ -89.632468146372204, 20.960705499618758 ], [ -89.63261302611339, 20.96071933020399 ], [ -89.633881285831308, 20.960894859487276 ], [ -89.635251395619548, 20.961092259428924 ], [ -89.63530499564348, 20.961087859723101 ], [ -89.635629615292231, 20.961122260001698 ], [ -89.636689654427485, 20.96123279001743 ], [ -89.637352944582062, 20.961299519885959 ], [ -89.63759198464632, 20.961337010023989 ], [ -89.638084984667643, 20.961471179477261 ], [ -89.637676904286124, 20.962735389361573 ], [ -89.637679934493832, 20.962787989821582 ], [ -89.637695014379759, 20.963768149575216 ], [ -89.637169964857023, 20.963735608931941 ], [ -89.637145014491679, 20.963999749420989 ], [ -89.637051454608667, 20.965588068575482 ], [ -89.637043914455845, 20.965616588392731 ], [ -89.637029844660589, 20.965693498868013 ], [ -89.636928514279489, 20.966638518749857 ], [ -89.636931904943893, 20.96709698866502 ], [ -89.637056074592351, 20.967773917772426 ], [ -89.63703924452463, 20.967948238170575 ], [ -89.636555594557422, 20.969457067961525 ], [ -89.636530285030759, 20.969538787795202 ], [ -89.636139085088928, 20.970726267078884 ], [ -89.63492461474732, 20.970524547183963 ], [ -89.633704195797563, 20.970327867398186 ], [ -89.633672225743908, 20.970323157324984 ], [ -89.631939116127583, 20.970046267955908 ], [ -89.630460916332197, 20.969830317896356 ], [ -89.629175857021224, 20.969643127448261 ], [ -89.629486716794659, 20.968805417416181 ], [ -89.629615746219486, 20.968525257557012 ] ] ] } },
{ "type": "Feature", "properties": { "CVE_ENT": "31", "CVE_MUN": "050", "CVE_LOC": "0001", "CVE_AGEB": "5742", "CVEGEO": "3105000015742", "POBTOT": 2208, "cantidad_parques": 0.0, "parques_por_1000_hab": 0.0 }, "geometry": { "type": "Polygon", "coordinates": [ [ [ -89.696087768231607, 20.997272541388515 ], [ -89.696705778485139, 20.996141211273748 ], [ -89.696754008304694, 20.996162631851899 ], [ -89.696874177901293, 20.996183231915374 ], [ -89.696933807889636, 20.99617977181056 ], [ -89.697014168409339, 20.996165491302431 ], [ -89.697735997932369, 20.998141851419227 ], [ -89.697930797562094, 20.998675210798286 ], [ -89.698018567483331, 20.99891552051163 ], [ -89.698117808075679, 20.999187210941798 ], [ -89.698222777586594, 20.999474601196006 ], [ -89.698297577220217, 20.999679450515835 ], [ -89.698379807710126, 20.999904550840633 ], [ -89.698482627889803, 21.00018608063316 ], [ -89.698538057323347, 21.000337830594628 ], [ -89.698658947314712, 21.000668780403824 ], [ -89.698694517378144, 21.000766180457681 ], [ -89.69883991696959, 21.001164250755728 ], [ -89.698854197285513, 21.001203379990354 ], [ -89.699011807088382, 21.00163489029482 ], [ -89.699034377281933, 21.001696549942221 ], [ -89.699166997314236, 21.002058649759373 ], [ -89.699218866857947, 21.002200260181198 ], [ -89.69932805745205, 21.002498399886992 ], [ -89.699410796932895, 21.002724280302136 ], [ -89.699488117528077, 21.002935400133659 ], [ -89.699590917196062, 21.003216049869771 ], [ -89.699643167506622, 21.003358679849814 ], [ -89.699804917263918, 21.003800379347144 ], [ -89.699938066922499, 21.004163910098285 ], [ -89.699785486175784, 21.004192340889624 ], [ -89.699618567166226, 21.00423331960447 ], [ -89.699485347196898, 21.004284709910376 ], [ -89.699396826078953, 21.004364399337881 ], [ -89.699354855872897, 21.004450169146349 ], [ -89.699364497299854, 21.004582779129535 ], [ -89.699127027138076, 21.004638599346332 ], [ -89.698169807910503, 21.00486362990215 ], [ -89.697441987442716, 21.005034718036285 ], [ -89.697441945522669, 21.005034731042411 ], [ -89.697440772088882, 21.005035006910287 ], [ -89.697439599617638, 21.005035282855854 ], [ -89.696914456879867, 21.005158739003104 ], [ -89.696041876303582, 21.005363837657839 ], [ -89.695530798609013, 21.005483969485226 ], [ -89.694554833223677, 21.005713367151113 ], [ -89.694176287962733, 21.005802339572917 ], [ -89.693488197672977, 21.005964748851813 ], [ -89.693385697800295, 21.005989429347871 ], [ -89.692231831533419, 21.006267045241994 ], [ -89.691577826630621, 21.00642438215387 ], [ -89.691397694850309, 21.006467717084558 ], [ -89.691213579714741, 21.00651200942518 ], [ -89.691213452414985, 21.006511631250053 ], [ -89.691213324235463, 21.006511252093155 ], [ -89.691191969608383, 21.006447848714114 ], [ -89.691142329884073, 21.006371769109194 ], [ -89.691095628739632, 21.006325598558675 ], [ -89.691025319284122, 21.006280949162541 ], [ -89.69102537705389, 21.006280837270278 ], [ -89.691689383582613, 21.005147553352561 ], [ -89.692385598953024, 21.003959259904704 ], [ -89.692764039237716, 21.003313309727407 ], [ -89.693113638519634, 21.002716569486513 ], [ -89.693458668684826, 21.002085080418045 ], [ -89.693807228877773, 21.00144701017809 ], [ -89.69415743873779, 21.000806000502795 ], [ -89.694473268924469, 21.000227890904913 ], [ -89.695150578403812, 20.998988081092332 ], [ -89.695593128591398, 20.998177951162514 ], [ -89.696087768231607, 20.997272541388515 ] ] ] } },
{ "type": "Feature", "properties": { "CVE_ENT": "31", "CVE_MUN": "050", "CVE_LOC": "0001", "CVE_AGEB": "1468", "CVEGEO": "3105000011468", "POBTOT": 1512, "cantidad_parques": 0.0, "parques_por_1000_hab": 0.0 }, "geometry": { "type": "Polygon", "coordinates": [ [ [ -89.619011828740867, 21.01156702676386 ], [ -89.619810288791086, 21.01183187721967 ], [ -89.620337018597894, 21.011654426557005 ], [ -89.621415048150126, 21.01124724733905 ], [ -89.621616547993668, 21.011162146992948 ], [ -89.623590478039176, 21.010384457217654 ], [ -89.623636627959101, 21.010366277399562 ], [ -89.623744107862734, 21.011000847559089 ], [ -89.623750627803062, 21.011039367199768 ], [ -89.623761567375709, 21.011092707139507 ], [ -89.623850687548639, 21.011582796844664 ], [ -89.623963387465352, 21.0121948571228 ], [ -89.623985847910049, 21.012297547280966 ], [ -89.624006688091072, 21.012394686484019 ], [ -89.624013387510857, 21.012431006898446 ], [ -89.624036017286201, 21.01253000715446 ], [ -89.624082197441524, 21.012742196783648 ], [ -89.624158108091862, 21.013261706250947 ], [ -89.624261827370162, 21.013895976840534 ], [ -89.624292967799519, 21.014083366048268 ], [ -89.624399907538248, 21.014714686454766 ], [ -89.624424057898622, 21.014849646632658 ], [ -89.624547817346297, 21.015578776122457 ], [ -89.624584537202836, 21.015787936291819 ], [ -89.624599487665321, 21.015889515661005 ], [ -89.624703587175901, 21.016521336015071 ], [ -89.624771677196421, 21.017009855726865 ], [ -89.624794937257533, 21.017129885287087 ], [ -89.624868277395976, 21.017494455817495 ], [ -89.624911817281742, 21.017710945344099 ], [ -89.624905167667734, 21.017712505252959 ], [ -89.624859597787207, 21.017723195278695 ], [ -89.624778047745508, 21.017742305274297 ], [ -89.622906587554255, 21.018180975750017 ], [ -89.622824508272004, 21.018200285819734 ], [ -89.62279382798225, 21.018207645125866 ], [ -89.62273647825009, 21.018221675056775 ], [ -89.621063767921669, 21.01862317524532 ], [ -89.621034718455121, 21.018630285142478 ], [ -89.620953288592375, 21.018650455690118 ], [ -89.620911798481984, 21.018659164787504 ], [ -89.620634658650843, 21.018725644792667 ], [ -89.620475568608285, 21.018763175421988 ], [ -89.619827538775041, 21.018916075531472 ], [ -89.618900349054471, 21.019146114646656 ], [ -89.618713368659556, 21.019191275240772 ], [ -89.618637509307177, 21.019101935037249 ], [ -89.618404858781162, 21.018829374835487 ], [ -89.617970289121473, 21.018304005106849 ], [ -89.617951369137472, 21.018281935649831 ], [ -89.617233539895153, 21.017425045405119 ], [ -89.617005249095854, 21.017145905215294 ], [ -89.617012279490865, 21.017126885399673 ], [ -89.617095199579339, 21.016902565375858 ], [ -89.61734804916523, 21.016224796079253 ], [ -89.61759162905264, 21.015571795859216 ], [ -89.61783654929225, 21.014915276551715 ], [ -89.618097569708752, 21.014215626175677 ], [ -89.61833696934535, 21.013569546303366 ], [ -89.618548139137616, 21.012889976711463 ], [ -89.618783049049185, 21.012209116395347 ], [ -89.619011828740867, 21.01156702676386 ] ] ] } },
{ "type": "Feature", "properties": { "CVE_ENT": "31", "CVE_MUN": "050", "CVE_LOC": "0001", "CVE_AGEB": "1523", "CVEGEO": "3105000011523", "POBTOT": 1795, "cantidad_parques": 0.0, "parques_por_1000_hab": 0.0 }, "geometry": { "type": "Polygon", "coordinates": [ [ [ -89.619678048412396, 21.036956931033011 ], [ -89.618627588679061, 21.037050440278172 ], [ -89.617932628635572, 21.037008370496721 ], [ -89.617491119094197, 21.036981360304235 ], [ -89.617405199199538, 21.036111391214344 ], [ -89.617284849346063, 21.035243851054005 ], [ -89.617122029473876, 21.034260021539463 ], [ -89.617120649013614, 21.034248270901433 ], [ -89.61695651905417, 21.033237961059797 ], [ -89.616951709227394, 21.033207161778286 ], [ -89.616803149680266, 21.032210102059128 ], [ -89.61679570970216, 21.032160171563707 ], [ -89.616562859516776, 21.031011562055848 ], [ -89.617623508909432, 21.030986572294193 ], [ -89.618739488727641, 21.030945962384209 ], [ -89.619825798720683, 21.030899942254756 ], [ -89.620894918501676, 21.03086337226113 ], [ -89.620928018150565, 21.030862241881483 ], [ -89.621971258059446, 21.030838342169591 ], [ -89.621996078479441, 21.030837711966999 ], [ -89.622423478237494, 21.030824971987567 ], [ -89.623080857488006, 21.030788672229292 ], [ -89.623129018045972, 21.031054372285773 ], [ -89.623251367353589, 21.031793762309043 ], [ -89.623417677564476, 21.032793592076803 ], [ -89.623464117399521, 21.033024621583891 ], [ -89.623487657413079, 21.033139221157569 ], [ -89.623519307144448, 21.033284331284079 ], [ -89.623541767302513, 21.033389081645264 ], [ -89.62355654757242, 21.033459541555445 ], [ -89.623598017456345, 21.033685141414146 ], [ -89.623612877608252, 21.03376605142082 ], [ -89.623621027307166, 21.033810371032828 ], [ -89.623629707828329, 21.0338653412859 ], [ -89.623683537178039, 21.034206541453582 ], [ -89.623745277681891, 21.034592201268268 ], [ -89.623770657356786, 21.034749761076849 ], [ -89.623796487133333, 21.034894541529908 ], [ -89.623814737869367, 21.034996850934867 ], [ -89.623830367560217, 21.035095561580214 ], [ -89.623880827389485, 21.035414020950615 ], [ -89.623902347731232, 21.035540820768706 ], [ -89.623923797851745, 21.035654961063941 ], [ -89.623961877245009, 21.035809131014407 ], [ -89.623980627598328, 21.035881450606606 ], [ -89.624034017629583, 21.036175401333406 ], [ -89.624035367015168, 21.036184400932346 ], [ -89.624221687332522, 21.037264050142642 ], [ -89.624232106981168, 21.037324500975039 ], [ -89.624243597330178, 21.037387680633035 ], [ -89.624270676930863, 21.037569850277723 ], [ -89.623359057886205, 21.03750262021174 ], [ -89.623025687508473, 21.037477440681776 ], [ -89.622052547534366, 21.037403170520779 ], [ -89.622011048305126, 21.037399560110039 ], [ -89.620897547767456, 21.037315530423964 ], [ -89.619707818154666, 21.037198730389832 ], [ -89.619683718077084, 21.037012190778274 ], [ -89.619678048412396, 21.036956931033011 ] ] ] } },
{ "type": "Feature", "properties": { "CVE_ENT": "31", "CVE_MUN": "050", "CVE_LOC": "0001", "CVE_AGEB": "2682", "CVEGEO": "3105000012682", "POBTOT": 2008, "cantidad_parques": 0.0, "parques_por_1000_hab": 0.0 }, "geometry": { "type": "Polygon", "coordinates": [ [ [ -89.656423069781695, 20.964798119592547 ], [ -89.657107869490716, 20.965041329111852 ], [ -89.657399329161109, 20.965167899064213 ], [ -89.657436808706294, 20.965184179265403 ], [ -89.65808624914294, 20.965470698834213 ], [ -89.658281498431336, 20.965508188700301 ], [ -89.658556958899453, 20.965509699238112 ], [ -89.659013298332553, 20.965518918698688 ], [ -89.659500808608414, 20.965495978811834 ], [ -89.659879808690349, 20.965444188971691 ], [ -89.660013538143929, 20.965406859237291 ], [ -89.660778108243576, 20.965212698865429 ], [ -89.66133246801364, 20.965013259436514 ], [ -89.661597868065485, 20.96490992943378 ], [ -89.661815477457836, 20.964836419444485 ], [ -89.66238884805702, 20.964676619186765 ], [ -89.662480907720379, 20.964649778885406 ], [ -89.662489727360807, 20.96515872939025 ], [ -89.662481788082573, 20.965715858971706 ], [ -89.662483847245809, 20.965788148989574 ], [ -89.662482907234718, 20.966376548875715 ], [ -89.662478937845123, 20.96702746852382 ], [ -89.662477607979156, 20.967703418291254 ], [ -89.662480077827155, 20.968478518717568 ], [ -89.662081977394436, 20.968422258583445 ], [ -89.661976267914994, 20.969406977731165 ], [ -89.661899907367925, 20.970178157984265 ], [ -89.661881618208056, 20.970201518107782 ], [ -89.660931637980724, 20.969591948327302 ], [ -89.661741977700146, 20.968485518597689 ], [ -89.661191408425154, 20.968379318004697 ], [ -89.66060018857668, 20.968249238660501 ], [ -89.660638218254945, 20.968166388432074 ], [ -89.660725838561874, 20.967838888612356 ], [ -89.660524018674721, 20.967831218806076 ], [ -89.660148158018814, 20.967695458178163 ], [ -89.659676618265792, 20.967527188884507 ], [ -89.659296558919351, 20.968254498488296 ], [ -89.659145698640984, 20.968455377945237 ], [ -89.658206738734791, 20.967870348789283 ], [ -89.657274609492617, 20.967265088503726 ], [ -89.656366479207747, 20.966680818890843 ], [ -89.655463959693179, 20.966115748698641 ], [ -89.65455072988739, 20.965561038942088 ], [ -89.654503279907473, 20.965530148567311 ], [ -89.653581079786932, 20.964936548844495 ], [ -89.653966271228242, 20.964529328345378 ], [ -89.654040653651464, 20.964523792755301 ], [ -89.654736132815131, 20.964475358201842 ], [ -89.655333481782193, 20.964417884523318 ], [ -89.65616089910506, 20.964699289253026 ], [ -89.656423069781695, 20.964798119592547 ] ] ] } },
{ "type": "Feature", "properties": { "CVE_ENT": "31", "CVE_MUN": "050", "CVE_LOC": "0001", "CVE_AGEB": "3163", "CVEGEO": "3105000013163", "POBTOT": 2418, "cantidad_parques": 0.0, "parques_por_1000_hab": 0.0 }, "geometry": { "type": "Polygon", "coordinates": [ [ [ -89.608995352980287, 20.93232949672424 ], [ -89.608899462774261, 20.932006817425979 ], [ -89.608801463005562, 20.931668587866511 ], [ -89.608705883181557, 20.931338767182421 ], [ -89.608608791896586, 20.93100366754225 ], [ -89.608510492599521, 20.930664497445111 ], [ -89.608503802171612, 20.930641416962839 ], [ -89.608454771780913, 20.930472927067918 ], [ -89.608405742520176, 20.930304447275088 ], [ -89.60915546311017, 20.930283847422139 ], [ -89.60922114294678, 20.930282077233215 ], [ -89.609577372318739, 20.930272447098879 ], [ -89.610304972761227, 20.93025716732696 ], [ -89.611128681905583, 20.930239866932947 ], [ -89.611173802462545, 20.930238847291587 ], [ -89.611178191716505, 20.930413337523017 ], [ -89.611182552045335, 20.930587847275326 ], [ -89.611186942535227, 20.93076156726201 ], [ -89.611191091883597, 20.930926967353077 ], [ -89.611199552337098, 20.931263447533105 ], [ -89.611199764252987, 20.931271874346269 ], [ -89.61120797166771, 20.931598586738723 ], [ -89.611211911624707, 20.931754586854403 ], [ -89.611216622595634, 20.931941876694317 ], [ -89.611225322268723, 20.932288066462544 ], [ -89.611625292444273, 20.932276786458342 ], [ -89.612002421987142, 20.932271266434977 ], [ -89.612650991604497, 20.932262587151886 ], [ -89.612708591661303, 20.932262076787538 ], [ -89.613757941734562, 20.932252707070681 ], [ -89.613911251372713, 20.93225130673882 ], [ -89.61446202110433, 20.932246016521507 ], [ -89.614343190795182, 20.933490596730827 ], [ -89.614337690935557, 20.933678476391076 ], [ -89.614312831461774, 20.934525096357717 ], [ -89.614225551504006, 20.934531566508571 ], [ -89.614222371574499, 20.93582093565005 ], [ -89.613055251363221, 20.935913265695262 ], [ -89.613019971787878, 20.935916066377999 ], [ -89.611774251485329, 20.936014586143159 ], [ -89.611777911968815, 20.936130816153444 ], [ -89.610608142655892, 20.936199105939746 ], [ -89.610622191729377, 20.937091535980411 ], [ -89.610627631776964, 20.937436555800172 ], [ -89.610456122217286, 20.937473505834358 ], [ -89.610248482597981, 20.936722275298393 ], [ -89.609905222470402, 20.935521246432355 ], [ -89.609622832281531, 20.934533156212225 ], [ -89.609478892764699, 20.934029496013931 ], [ -89.60924968254281, 20.9332274464088 ], [ -89.60900603264264, 20.932362296690634 ], [ -89.608995352980287, 20.93232949672424 ] ] ] } },
{ "type": "Feature", "properties": { "CVE_ENT": "31", "CVE_MUN": "050", "CVE_LOC": "0001", "CVE_AGEB": "5314", "CVEGEO": "3105000015314", "POBTOT": 2103, "cantidad_parques": 0.0, "parques_por_1000_hab": 0.0 }, "geometry": { "type": "Polygon", "coordinates": [ [ [ -89.62065728977106, 20.944181794234947 ], [ -89.620641819024641, 20.944103824003339 ], [ -89.620490969641679, 20.943266504339739 ], [ -89.620459489452216, 20.943075764416907 ], [ -89.620317679849336, 20.942381674750333 ], [ -89.620248419741259, 20.942027924879188 ], [ -89.62015791924027, 20.941517924153661 ], [ -89.620058149992971, 20.940960324939621 ], [ -89.620798489235611, 20.941042554514055 ], [ -89.621878139470923, 20.941162444915872 ], [ -89.622964509146087, 20.941283094937674 ], [ -89.623324248995814, 20.941323024792567 ], [ -89.624019718149654, 20.941392924468364 ], [ -89.625068308178399, 20.941498274839933 ], [ -89.62561588772266, 20.941553444875797 ], [ -89.626168057600893, 20.941609064207103 ], [ -89.627247337919158, 20.941718095055819 ], [ -89.62834111702783, 20.941828394355749 ], [ -89.628213737201307, 20.942806924199605 ], [ -89.627949367304282, 20.944447903538308 ], [ -89.627756457370225, 20.944453703757578 ], [ -89.627180367827279, 20.94452858355741 ], [ -89.626716188115438, 20.944586693995149 ], [ -89.625806077789164, 20.944698073857051 ], [ -89.625776288478491, 20.944701793656272 ], [ -89.624656858680098, 20.944840104163312 ], [ -89.623546078548273, 20.944995663793176 ], [ -89.623111149086938, 20.945055643481076 ], [ -89.62245427853766, 20.945137523493361 ], [ -89.622108018750922, 20.945182354062865 ], [ -89.621362259178753, 20.9452765539498 ], [ -89.620963019020138, 20.945329533791426 ], [ -89.620918818983185, 20.945333673957499 ], [ -89.62065728977106, 20.944181794234947 ] ] ] } },
{ "type": "Feature", "properties": { "CVE_ENT": "31", "CVE_MUN": "050", "CVE_LOC": "0001", "CVE_AGEB": "2663", "CVEGEO": "3105000012663", "POBTOT": 2777, "cantidad_parques": 0.0, "parques_por_1000_hab": 0.0 }, "geometry": { "type": "Polygon", "coordinates": [ [ [ -89.667121265944402, 20.974228176671659 ], [ -89.666632016427016, 20.974132376827974 ], [ -89.666583126453489, 20.974120886566674 ], [ -89.666170726735515, 20.97403466688662 ], [ -89.665660266426102, 20.973923376935566 ], [ -89.665190137044533, 20.973836066750433 ], [ -89.665138576818279, 20.973822636892717 ], [ -89.66463475746626, 20.973714977265168 ], [ -89.664176877101369, 20.973613327410828 ], [ -89.664804046773725, 20.972433467310175 ], [ -89.664933606858469, 20.972216017774542 ], [ -89.665175577118461, 20.971810467566339 ], [ -89.665279696683427, 20.971600127641356 ], [ -89.665385006796328, 20.971411457467219 ], [ -89.665614527163058, 20.970998317823749 ], [ -89.66564500669493, 20.970942317282557 ], [ -89.66592310709558, 20.970472377946734 ], [ -89.666226896261279, 20.969956577490834 ], [ -89.66658158624503, 20.969425888380499 ], [ -89.666720336429876, 20.969197408148649 ], [ -89.666738496753609, 20.969133008574456 ], [ -89.666826276508132, 20.96882452812703 ], [ -89.666920816828295, 20.968477748440037 ], [ -89.667053506701109, 20.968243948498252 ], [ -89.667348846209464, 20.967900258851586 ], [ -89.667600606773775, 20.967594418575743 ], [ -89.667957416407404, 20.967123748591362 ], [ -89.668005465754234, 20.966961559051136 ], [ -89.668207136156866, 20.965763239404058 ], [ -89.669004846188287, 20.965939208760346 ], [ -89.669269355818955, 20.965997558678804 ], [ -89.669715936017468, 20.966096088836402 ], [ -89.670331605641081, 20.966231899149989 ], [ -89.670357005806679, 20.966237288992364 ], [ -89.671393835166242, 20.966466208470724 ], [ -89.672379185124029, 20.966656239103425 ], [ -89.67247729501905, 20.966675158774283 ], [ -89.672214134984301, 20.967147349139204 ], [ -89.671943924776656, 20.967632528592322 ], [ -89.671731245547321, 20.968013718728461 ], [ -89.671498675472577, 20.968431128230339 ], [ -89.671250604932837, 20.968876927872145 ], [ -89.671227075237823, 20.968919978314908 ], [ -89.671019114698382, 20.969283771301349 ], [ -89.670994235084322, 20.969326898230175 ], [ -89.67076046576868, 20.96973551849279 ], [ -89.670541505163314, 20.970147488176607 ], [ -89.670291462888542, 20.970575421754617 ], [ -89.670039005670219, 20.97097815794405 ], [ -89.670035035977492, 20.970985327293956 ], [ -89.669791272392814, 20.971410836620191 ], [ -89.669552634180064, 20.971833417846163 ], [ -89.669333245962676, 20.972221178296351 ], [ -89.669320065995606, 20.972253617336076 ], [ -89.669080096167349, 20.972670116880963 ], [ -89.668824437946753, 20.973090260812306 ], [ -89.668580246328659, 20.97349952674794 ], [ -89.66835351559142, 20.973928916496881 ], [ -89.6681959746725, 20.974177587778918 ], [ -89.668069034930014, 20.974397373049662 ], [ -89.66798015589373, 20.974392066986137 ], [ -89.667121265944402, 20.974228176671659 ] ] ] } },
{ "type": "Feature", "properties": { "CVE_ENT": "31", "CVE_MUN": "050", "CVE_LOC": "0001", "CVE_AGEB": "0309", "CVEGEO": "3105000010309", "POBTOT": 2261, "cantidad_parques": 0.0, "parques_por_1000_hab": 0.0 }, "geometry": { "type": "Polygon", "coordinates": [ [ [ -89.635328394578409, 20.97921405498861 ], [ -89.635342594741942, 20.979153665103279 ], [ -89.63563694483787, 20.977959415601461 ], [ -89.637080934098165, 20.978244175407347 ], [ -89.63846356456051, 20.978520785478718 ], [ -89.63840802436161, 20.978767035676828 ], [ -89.638947683973086, 20.979558355389496 ], [ -89.63986581350278, 20.979124604882582 ], [ -89.639863483946058, 20.979141855382551 ], [ -89.639837993372424, 20.979346485161987 ], [ -89.639837013479962, 20.979351635415171 ], [ -89.640949193479003, 20.979464574892972 ], [ -89.641011103845443, 20.97947086558974 ], [ -89.642061343369321, 20.979577495489217 ], [ -89.642098103510605, 20.979581215365496 ], [ -89.64315819238189, 20.979688855192872 ], [ -89.643173512863214, 20.979690404879843 ], [ -89.643036422974873, 20.980684034810007 ], [ -89.643032932807358, 20.980740804592362 ], [ -89.643025872945444, 20.98080834533598 ], [ -89.643025252697441, 20.980815574612592 ], [ -89.643023412637049, 20.980864175115912 ], [ -89.643021502854126, 20.980914725091782 ], [ -89.643019382436336, 20.980962694553451 ], [ -89.642956842955371, 20.982245254641395 ], [ -89.642904853107254, 20.98327831391601 ], [ -89.642852873179621, 20.984311383844588 ], [ -89.64282033303229, 20.984945414158705 ], [ -89.642802082767105, 20.984920943820651 ], [ -89.642582143172049, 20.984625974228472 ], [ -89.6413580228798, 20.984500403962826 ], [ -89.640437943264672, 20.984376234075754 ], [ -89.64040656374803, 20.984371834014425 ], [ -89.639313334027435, 20.984218414418979 ], [ -89.639290594159135, 20.984215234235329 ], [ -89.639277313436253, 20.984213324268818 ], [ -89.639044583719581, 20.984179974104524 ], [ -89.638024314557612, 20.984035743728757 ], [ -89.637722474498418, 20.983994984537098 ], [ -89.637154584537484, 20.983915973760197 ], [ -89.637071644040972, 20.983904434307298 ], [ -89.636184514688239, 20.983781004593475 ], [ -89.635487414623839, 20.983684013822025 ], [ -89.635256614505494, 20.983652974402418 ], [ -89.634283455647406, 20.983526144597707 ], [ -89.634463715050614, 20.982637584796581 ], [ -89.634813944715972, 20.98143692499913 ], [ -89.634905074698835, 20.981012115143283 ], [ -89.63500965473375, 20.980567915160378 ], [ -89.635328394578409, 20.97921405498861 ] ] ] } },
{ "type": "Feature", "properties": { "CVE_ENT": "31", "CVE_MUN": "050", "CVE_LOC": "0001", "CVE_AGEB": "053A", "CVEGEO": "310500001053A", "POBTOT": 4090, "cantidad_parques": 0.0, "parques_por_1000_hab": 0.0 }, "geometry": { "type": "Polygon", "coordinates": [ [ [ -89.603205993875235, 20.957035010113596 ], [ -89.602877063654077, 20.956318010350834 ], [ -89.60299997417107, 20.956126690991962 ], [ -89.604571033291961, 20.956740990276341 ], [ -89.605645282933779, 20.957172720369687 ], [ -89.605977293693201, 20.955989520660946 ], [ -89.606234683517201, 20.956095900700777 ], [ -89.607047033366371, 20.956413520389006 ], [ -89.607204252596517, 20.956472190463177 ], [ -89.607256833257793, 20.956491490836271 ], [ -89.608558422893296, 20.956973020526263 ], [ -89.608691752178459, 20.956481070444553 ], [ -89.610015682328566, 20.956857130215027 ], [ -89.610115401891818, 20.956464750483892 ], [ -89.61012868211111, 20.956413260774042 ], [ -89.610929292048453, 20.95666002086562 ], [ -89.611437421730287, 20.956814870326841 ], [ -89.612592991097571, 20.957138180413473 ], [ -89.612371801542722, 20.958062460229382 ], [ -89.612336261929585, 20.958229040630076 ], [ -89.612258651609892, 20.958592790328968 ], [ -89.612174881361838, 20.958993469858608 ], [ -89.612096971715431, 20.959316750393189 ], [ -89.611774941850683, 20.960402530063483 ], [ -89.611645551271735, 20.960864259284467 ], [ -89.611392091366497, 20.961689209146591 ], [ -89.611305431583943, 20.961964159308842 ], [ -89.611149321775073, 20.962485019670304 ], [ -89.610711172031174, 20.963951008830644 ], [ -89.610570541642772, 20.964466988351131 ], [ -89.610396221583372, 20.965008838941912 ], [ -89.610314892170024, 20.965270988738091 ], [ -89.61025666238686, 20.965458728679646 ], [ -89.610153911709631, 20.96572221851175 ], [ -89.61008172236734, 20.96589255796281 ], [ -89.610020312261341, 20.965939858765228 ], [ -89.60995200242904, 20.965961058431141 ], [ -89.60985329213004, 20.965992157944633 ], [ -89.609680681713044, 20.966712068011301 ], [ -89.609504942435692, 20.966700378037764 ], [ -89.608847882047741, 20.966695718077947 ], [ -89.60852525240233, 20.966687898276412 ], [ -89.607885452561021, 20.966664298301211 ], [ -89.607320062817664, 20.96665501859707 ], [ -89.607010513040521, 20.966582188091561 ], [ -89.606157152937342, 20.966407688230088 ], [ -89.605809082825644, 20.96632878844968 ], [ -89.605687833166286, 20.966310638583003 ], [ -89.604579113274298, 20.966126758031422 ], [ -89.603873893768849, 20.966025288658603 ], [ -89.603261603700773, 20.965941948569352 ], [ -89.603622454060428, 20.964801458928079 ], [ -89.603844373467297, 20.963811318919944 ], [ -89.603949483608986, 20.963353809241564 ], [ -89.604043323928963, 20.962935298660472 ], [ -89.604047353476048, 20.962918069425886 ], [ -89.604192353782082, 20.962437059152702 ], [ -89.60430069330323, 20.96197837930999 ], [ -89.604333023984836, 20.961852959770418 ], [ -89.604486193827043, 20.961326409585851 ], [ -89.604495193309759, 20.96128535905402 ], [ -89.604742093917167, 20.960158559936115 ], [ -89.604489313702913, 20.960065119632059 ], [ -89.604396493429377, 20.959833860036408 ], [ -89.604010464066178, 20.958872070333719 ], [ -89.603754323613629, 20.958289980654214 ], [ -89.603629063835541, 20.958000289972077 ], [ -89.603529484317562, 20.957777240125836 ], [ -89.603205993875235, 20.957035010113596 ] ] ] } },
{ "type": "Feature", "properties": { "CVE_ENT": "31", "CVE_MUN": "050", "CVE_LOC": "0001", "CVE_AGEB": "4316", "CVEGEO": "3105000014316", "POBTOT": 1716, "cantidad_parques": 0.0, "parques_por_1000_hab": 0.0 }, "geometry": { "type": "Polygon", "coordinates": [ [ [ -89.68320847157996, 20.978323466350734 ], [ -89.68317827186965, 20.978275636121786 ], [ -89.683062861736033, 20.97809105591724 ], [ -89.682658271960634, 20.977445256600731 ], [ -89.682489751940864, 20.977174206304593 ], [ -89.682468672527207, 20.97714165674136 ], [ -89.682449332015622, 20.977111756512798 ], [ -89.682921602389357, 20.976844346664986 ], [ -89.683340871756201, 20.976607726651054 ], [ -89.683761782156097, 20.976382316771033 ], [ -89.684178291249353, 20.976144086551589 ], [ -89.684387171684861, 20.976028486990636 ], [ -89.684596061519855, 20.975912897047717 ], [ -89.683827331996483, 20.974708267225985 ], [ -89.683940701607952, 20.974639916527487 ], [ -89.684251801292561, 20.974479347350449 ], [ -89.684662121985852, 20.974248636917835 ], [ -89.685033531161409, 20.974037096748088 ], [ -89.685047351910143, 20.973962746829351 ], [ -89.685054491323186, 20.973925066790763 ], [ -89.685896671355067, 20.974033987516886 ], [ -89.686331381512886, 20.974081116761603 ], [ -89.686544611321594, 20.97410423725233 ], [ -89.686484151259677, 20.97456377711412 ], [ -89.686962690807846, 20.974621156803146 ], [ -89.687487950936301, 20.974684157224022 ], [ -89.687950090744792, 20.974739577102 ], [ -89.687934130274442, 20.974906297092151 ], [ -89.688224600196207, 20.974949032278076 ], [ -89.688246695007976, 20.975023925925001 ], [ -89.688199608054077, 20.975407461831399 ], [ -89.688199600577136, 20.97540760692376 ], [ -89.688030119684299, 20.975778346380238 ], [ -89.687870660947581, 20.97597780709993 ], [ -89.687659269719333, 20.976141066880668 ], [ -89.687403999562676, 20.976305776169919 ], [ -89.687145218557106, 20.976441319647055 ], [ -89.687021915421766, 20.976510378714586 ], [ -89.686560290020253, 20.976741016488354 ], [ -89.686344252589095, 20.976875500110758 ], [ -89.685956980987768, 20.977083486412106 ], [ -89.684362433495082, 20.978000433435096 ], [ -89.684637405529031, 20.978478736920763 ], [ -89.68375763084542, 20.978933681595645 ], [ -89.683656498055043, 20.978987934168732 ], [ -89.683579014103415, 20.978877722402082 ], [ -89.683578214010126, 20.978876582282446 ], [ -89.683370981859198, 20.978581436186158 ], [ -89.68320847157996, 20.978323466350734 ] ] ] } },
{ "type": "Feature", "properties": { "CVE_ENT": "31", "CVE_MUN": "050", "CVE_LOC": "0001", "CVE_AGEB": "5102", "CVEGEO": "3105000015102", "POBTOT": 2531, "cantidad_parques": 0.0, "parques_por_1000_hab": 0.0 }, "geometry": { "type": "Polygon", "coordinates": [ [ [ -89.656479588921727, 20.982290215155349 ], [ -89.65642390940107, 20.982328414434161 ], [ -89.656387108794959, 20.982208384265512 ], [ -89.656345019169365, 20.982125124558692 ], [ -89.656265878793164, 20.982046514506997 ], [ -89.654908959523368, 20.981956174788319 ], [ -89.65491158937634, 20.981922454345856 ], [ -89.654951379910827, 20.981522805373999 ], [ -89.654989499936093, 20.981127585189643 ], [ -89.655035159780823, 20.980690684895404 ], [ -89.655081449498638, 20.980313295041562 ], [ -89.65517672968889, 20.979436885665748 ], [ -89.655222649913142, 20.979082525937574 ], [ -89.655279869578351, 20.978584415746216 ], [ -89.655968009583276, 20.978646315776395 ], [ -89.656882819042053, 20.978722915613712 ], [ -89.657201758883417, 20.978754415913102 ], [ -89.657454138672605, 20.978904355278669 ], [ -89.658252468535579, 20.979381125903164 ], [ -89.658392898600297, 20.979466615570654 ], [ -89.658426438399729, 20.979489235534601 ], [ -89.658728108148139, 20.979660215685609 ], [ -89.659016898779271, 20.979833855288447 ], [ -89.659589038441041, 20.980177465564434 ], [ -89.659912477911021, 20.980377174891579 ], [ -89.660651808029854, 20.980831385329175 ], [ -89.660784707558975, 20.980930945498859 ], [ -89.661490927762486, 20.981376235420424 ], [ -89.661493757805331, 20.981446495136574 ], [ -89.663320847246297, 20.981417084837005 ], [ -89.663328637781305, 20.98192408495704 ], [ -89.66335432747077, 20.982460914344276 ], [ -89.663395737078474, 20.982965634485769 ], [ -89.663415336891461, 20.983524464284429 ], [ -89.663440006907848, 20.984096854269495 ], [ -89.663469677444652, 20.984638724650921 ], [ -89.663486336778959, 20.985031494199291 ], [ -89.662785067121348, 20.985058614382112 ], [ -89.66105657746283, 20.985122254022844 ], [ -89.66095566767882, 20.985125514157104 ], [ -89.660329728514611, 20.985149804424328 ], [ -89.659447618674079, 20.984613064131381 ], [ -89.658598248253469, 20.984094694556603 ], [ -89.658584908389173, 20.984086544626173 ], [ -89.658853898056236, 20.983704124117637 ], [ -89.658839528612788, 20.983695613968575 ], [ -89.657083709077654, 20.982657034816242 ], [ -89.656479588921727, 20.982290215155349 ] ] ] } },
{ "type": "Feature", "properties": { "CVE_ENT": "31", "CVE_MUN": "050", "CVE_LOC": "0001", "CVE_AGEB": "5070", "CVEGEO": "3105000015070", "POBTOT": 1962, "cantidad_parques": 0.0, "parques_por_1000_hab": 0.0 }, "geometry": { "type": "Polygon", "coordinates": [ [ [ -89.65093698078698, 20.963502699041321 ], [ -89.651301621207068, 20.963454839542365 ], [ -89.65182474075381, 20.963813359709441 ], [ -89.652438470043109, 20.964201418875717 ], [ -89.652458130443961, 20.964214348968298 ], [ -89.652692440869586, 20.964367289129289 ], [ -89.653581079786932, 20.964936548844495 ], [ -89.654503279907473, 20.965530148567311 ], [ -89.65391707971196, 20.966343698827718 ], [ -89.653880589868521, 20.966390068303731 ], [ -89.653272530013979, 20.96728040887206 ], [ -89.652635870619918, 20.968157547894229 ], [ -89.652028160130556, 20.969000817821453 ], [ -89.651602530414124, 20.969545807442703 ], [ -89.651552650541248, 20.969604978023771 ], [ -89.651358640387897, 20.969819747512272 ], [ -89.651205730499214, 20.970018857948396 ], [ -89.651032581209677, 20.970012547697731 ], [ -89.650502240650411, 20.969997437790337 ], [ -89.650385580848933, 20.969988007505577 ], [ -89.649689071194075, 20.969961157627711 ], [ -89.64975099077256, 20.969100057872552 ], [ -89.648995731753644, 20.969063658302446 ], [ -89.648866051582146, 20.968302257945066 ], [ -89.648829421577943, 20.96808868827766 ], [ -89.648734731385517, 20.96758974802502 ], [ -89.648721481622829, 20.967544378263998 ], [ -89.648712501394371, 20.967470668343072 ], [ -89.648572251233176, 20.966534208550591 ], [ -89.648541761821889, 20.966403438800004 ], [ -89.648458391435469, 20.965494098781129 ], [ -89.648448281535522, 20.965448419072334 ], [ -89.648437701529204, 20.965386759020976 ], [ -89.648297941288007, 20.964573438997181 ], [ -89.648236441480933, 20.964603299247727 ], [ -89.648127022002797, 20.963934179495695 ], [ -89.64946014174852, 20.963714869212456 ], [ -89.65022067124265, 20.963601099069788 ], [ -89.650390191034134, 20.963576419680706 ], [ -89.650402910652986, 20.963574719154707 ], [ -89.650674930705392, 20.963538588991209 ], [ -89.65093698078698, 20.963502699041321 ] ] ] } },
{ "type": "Feature", "properties": { "CVE_ENT": "31", "CVE_MUN": "050", "CVE_LOC": "0001", "CVE_AGEB": "4890", "CVEGEO": "3105000014890", "POBTOT": 2755, "cantidad_parques": 0.0, "parques_por_1000_hab": 0.0 }, "geometry": { "type": "Polygon", "coordinates": [ [ [ -89.692283400233549, 20.94878967325922 ], [ -89.690582000433778, 20.949008953107469 ], [ -89.6893356907417, 20.94917350355815 ], [ -89.687880370600411, 20.949364193660625 ], [ -89.686132751603012, 20.949610073270918 ], [ -89.686106701455302, 20.949613732878564 ], [ -89.686260011434769, 20.949037193839612 ], [ -89.686318471649798, 20.948805073542701 ], [ -89.686622586383834, 20.947714929208164 ], [ -89.687893349541696, 20.947542638225435 ], [ -89.688362754405205, 20.947478678112233 ], [ -89.688748482875155, 20.947426118646256 ], [ -89.689189360322331, 20.947366041966948 ], [ -89.690203057768244, 20.947227906190335 ], [ -89.690360045553319, 20.947206513688805 ], [ -89.690842351854926, 20.947140787976362 ], [ -89.691309190145006, 20.947077167064425 ], [ -89.691658454615947, 20.947029570023531 ], [ -89.692064770128624, 20.946974195241189 ], [ -89.693276924057457, 20.946808990830533 ], [ -89.694217570394997, 20.946680784727956 ], [ -89.694738676402366, 20.946609757395635 ], [ -89.695009130323456, 20.946572893153938 ], [ -89.695297134972648, 20.946533589223115 ], [ -89.695666579173974, 20.946483279297695 ], [ -89.697084697922108, 20.9462899688004 ], [ -89.698000624274798, 20.946165107295553 ], [ -89.698295778109085, 20.947975694348127 ], [ -89.698351568232781, 20.948405994392953 ], [ -89.698307487128574, 20.94847855483988 ], [ -89.698377497812416, 20.948582763990711 ], [ -89.698547457018435, 20.948888563149357 ], [ -89.698744167778287, 20.949320334763897 ], [ -89.698860297542197, 20.949883693038753 ], [ -89.697633037844142, 20.950048243537996 ], [ -89.696436628556185, 20.950212793525463 ], [ -89.694955439136635, 20.950412752698934 ], [ -89.694107029482524, 20.95051882354289 ], [ -89.694059198942213, 20.950525323100759 ], [ -89.692585100137606, 20.950725322879325 ], [ -89.692524149964058, 20.950733592782104 ], [ -89.692445089961481, 20.950168923166316 ], [ -89.692374269982096, 20.949711183157721 ], [ -89.692319639853508, 20.949259673281826 ], [ -89.692314569652424, 20.949227723575792 ], [ -89.692283400233549, 20.94878967325922 ] ] ] } },
{ "type": "Feature", "properties": { "CVE_ENT": "31", "CVE_MUN": "050", "CVE_LOC": "0001", "CVE_AGEB": "3727", "CVEGEO": "3105000013727", "POBTOT": 2484, "cantidad_parques": 0.0, "parques_por_1000_hab": 0.0 }, "geometry": { "type": "Polygon", "coordinates": [ [ [ -89.65334872927032, 21.034214741440774 ], [ -89.653344419075353, 21.034224761872878 ], [ -89.653297309282948, 21.034334271669394 ], [ -89.652738100010495, 21.035732301360884 ], [ -89.651839940047552, 21.037654420892885 ], [ -89.651459009700503, 21.037557390881371 ], [ -89.651413510306838, 21.037545390459247 ], [ -89.649707130015358, 21.036934500575558 ], [ -89.64828342062286, 21.03642337095982 ], [ -89.648099871105771, 21.036846801097514 ], [ -89.647967021279072, 21.03715328099636 ], [ -89.647917080648909, 21.037263051162579 ], [ -89.647723331255705, 21.037689001171632 ], [ -89.646260961152976, 21.037147711162078 ], [ -89.646441471658747, 21.036712201311335 ], [ -89.646611440892556, 21.036301941058962 ], [ -89.646786850856813, 21.035878791591863 ], [ -89.646973531428543, 21.035428511033402 ], [ -89.647150301351331, 21.035001961213585 ], [ -89.647323931069266, 21.03458308141505 ], [ -89.64750871085316, 21.03414460193612 ], [ -89.647685710539676, 21.033725241284852 ], [ -89.647863471313102, 21.033304131931285 ], [ -89.648046330458897, 21.032870941591234 ], [ -89.648271760540879, 21.03235099204273 ], [ -89.64837110121691, 21.032388302009085 ], [ -89.649677380573962, 21.032865802137486 ], [ -89.64968734037619, 21.03287045234212 ], [ -89.649745470786911, 21.032895081625231 ], [ -89.649836420049937, 21.032934511666994 ], [ -89.649843840374714, 21.032937802238571 ], [ -89.651083789879763, 21.033389201801469 ], [ -89.65117442006428, 21.033422192286363 ], [ -89.651302300151315, 21.033468401631247 ], [ -89.652788880045776, 21.034008771394223 ], [ -89.65288700997101, 21.03404560132552 ], [ -89.652956529119422, 21.034071071967031 ], [ -89.652962899726347, 21.034073332061098 ], [ -89.65334872927032, 21.034214741440774 ] ] ] } },
{ "type": "Feature", "properties": { "CVE_ENT": "31", "CVE_MUN": "050", "CVE_LOC": "0001", "CVE_AGEB": "2555", "CVEGEO": "3105000012555", "POBTOT": 2355, "cantidad_parques": 0.0, "parques_por_1000_hab": 0.0 }, "geometry": { "type": "Polygon", "coordinates": [ [ [ -89.59000482688387, 21.014919406166623 ], [ -89.589285227285217, 21.014598545603292 ], [ -89.58869231743148, 21.014330566075035 ], [ -89.588333807092582, 21.014163055909808 ], [ -89.588253927005809, 21.014114516089982 ], [ -89.587799627195793, 21.013910946380669 ], [ -89.587399577517075, 21.013709135789096 ], [ -89.587623027098758, 21.013128796292669 ], [ -89.588142427205668, 21.013284646557999 ], [ -89.588521027402592, 21.013447446408115 ], [ -89.589532177339876, 21.013850305869731 ], [ -89.5906187264072, 21.014263075971648 ], [ -89.590852396393828, 21.013443446058748 ], [ -89.590954856994315, 21.013065285918596 ], [ -89.591069856872934, 21.01264077631841 ], [ -89.590289466411775, 21.012479176337489 ], [ -89.589786267014588, 21.01240425645944 ], [ -89.589862666955227, 21.011946826140495 ], [ -89.589782606635168, 21.010431306827741 ], [ -89.589184266759716, 21.01047304706135 ], [ -89.588590627373222, 21.010507646599635 ], [ -89.587903557678999, 21.01055347700024 ], [ -89.587136408233505, 21.010596546603271 ], [ -89.58707183735639, 21.00967780728751 ], [ -89.587002407676877, 21.00873853742824 ], [ -89.587001577363679, 21.008727287548481 ], [ -89.587637796919083, 21.008189658049396 ], [ -89.587719716283118, 21.008120738485491 ], [ -89.58804923642171, 21.007843077202001 ], [ -89.588161727123207, 21.007748828659292 ], [ -89.588259577401288, 21.007663878347117 ], [ -89.588391687173171, 21.007548448288052 ], [ -89.588459997718473, 21.007489978076745 ], [ -89.588624086761357, 21.007342607439234 ], [ -89.588806457623264, 21.007183677793602 ], [ -89.589311955985934, 21.006761378728335 ], [ -89.589398685923797, 21.00668762852111 ], [ -89.589581356588823, 21.006532277867244 ], [ -89.59015888732975, 21.006041088703594 ], [ -89.590337717200242, 21.005890278399558 ], [ -89.590369267195541, 21.005862539178018 ], [ -89.590549096181334, 21.005713778945172 ], [ -89.590960096982371, 21.005371378192166 ], [ -89.59113923548648, 21.00522228797546 ], [ -89.59180297598806, 21.004665678830481 ], [ -89.592006456805336, 21.004490208359243 ], [ -89.592552225019901, 21.004019609262176 ], [ -89.592813806213471, 21.003794059007642 ], [ -89.592827716248081, 21.003803569113021 ], [ -89.59373969640167, 21.004427148794843 ], [ -89.594554466127263, 21.004981718208686 ], [ -89.594588775331999, 21.005005078542929 ], [ -89.595390235292456, 21.005532288279323 ], [ -89.594936755290135, 21.006168398517897 ], [ -89.594900375697605, 21.00620577825989 ], [ -89.594870025872339, 21.006236998318318 ], [ -89.594836635510035, 21.006271318433502 ], [ -89.594500316098262, 21.006764687599699 ], [ -89.594344356004257, 21.006993458006463 ], [ -89.594265345692548, 21.007109057452787 ], [ -89.593886085848254, 21.007626027365951 ], [ -89.593772955895091, 21.007790948009266 ], [ -89.593669556015456, 21.007971178014341 ], [ -89.593327836036806, 21.008629367274214 ], [ -89.593168576098677, 21.008936087241452 ], [ -89.592914715917686, 21.009425007598118 ], [ -89.592819176038276, 21.00957607742809 ], [ -89.592763856108789, 21.009616847572712 ], [ -89.592176486572598, 21.010021367335341 ], [ -89.592003556191742, 21.010176626934044 ], [ -89.591429436704644, 21.010608736926145 ], [ -89.59060385656349, 21.011272766719177 ], [ -89.590475496485382, 21.011694506312725 ], [ -89.591303376646039, 21.01182847668057 ], [ -89.592248756648488, 21.011957457042715 ], [ -89.592004496470125, 21.012792856672082 ], [ -89.591963796173943, 21.012840056492426 ], [ -89.591743486898466, 21.013639446237001 ], [ -89.59144937670969, 21.014655566307393 ], [ -89.591240206301066, 21.015452855940985 ], [ -89.590391496673476, 21.015083595926569 ], [ -89.59000482688387, 21.014919406166623 ] ] ] } },
{ "type": "Feature", "properties": { "CVE_ENT": "31", "CVE_MUN": "050", "CVE_LOC": "0001", "CVE_AGEB": "1631", "CVEGEO": "3105000011631", "POBTOT": 2663, "cantidad_parques": 0.0, "parques_por_1000_hab": 0.0 }, "geometry": { "type": "Polygon", "coordinates": [ [ [ -89.585042128304266, 20.980977884218042 ], [ -89.585040268925141, 20.98098668449877 ], [ -89.585039898829081, 20.981006724456748 ], [ -89.585011578842483, 20.981373944628 ], [ -89.584977408629229, 20.981819293902422 ], [ -89.584975129098481, 20.981866063793731 ], [ -89.584969918906168, 20.981952063938746 ], [ -89.584958158284508, 20.982095124279638 ], [ -89.584929128501798, 20.982438204351205 ], [ -89.584917628559481, 20.98255297432609 ], [ -89.58491234905155, 20.982658434326982 ], [ -89.584888628394538, 20.982920003773099 ], [ -89.584674748995752, 20.983224523846733 ], [ -89.584232558880544, 20.983238893567815 ], [ -89.583847489087617, 20.983830323435352 ], [ -89.583681378996999, 20.984085063383588 ], [ -89.583645228640208, 20.984142853650738 ], [ -89.583359159242775, 20.984607403569072 ], [ -89.582846119272659, 20.985463323290301 ], [ -89.582805669013922, 20.985530773023346 ], [ -89.582415399605111, 20.986177743398553 ], [ -89.582316429728152, 20.986342182601778 ], [ -89.58170454966006, 20.987380352251503 ], [ -89.581615149624099, 20.987502922938233 ], [ -89.581365000055072, 20.98747298252 ], [ -89.58104003969521, 20.987434062224722 ], [ -89.580478870082814, 20.987363693087385 ], [ -89.580378749665186, 20.987351062508761 ], [ -89.580084869552238, 20.987314012974966 ], [ -89.579962029780816, 20.987299722813802 ], [ -89.579417780092626, 20.987236452793731 ], [ -89.579189830035219, 20.987209942541185 ], [ -89.57887649053329, 20.987180552719003 ], [ -89.578647490064867, 20.98715955297499 ], [ -89.578251749948123, 20.987115283102696 ], [ -89.578050670123616, 20.987091382967954 ], [ -89.577689490210602, 20.987048522863464 ], [ -89.577445521135303, 20.987019572576518 ], [ -89.577181690395165, 20.986988312760939 ], [ -89.577205180641471, 20.986950382897064 ], [ -89.577697930623401, 20.986155083134062 ], [ -89.578068160263157, 20.985437183145137 ], [ -89.57810872083536, 20.985436833470825 ], [ -89.578687000218821, 20.98444180305362 ], [ -89.578694779978022, 20.984426813084347 ], [ -89.578711440790514, 20.984399143160438 ], [ -89.578718470801846, 20.984388403163045 ], [ -89.578731900352452, 20.984370113740237 ], [ -89.578746329922183, 20.984352513277635 ], [ -89.578761700435564, 20.984335653419322 ], [ -89.578780720154569, 20.984317153221671 ], [ -89.578795180751101, 20.984304293498507 ], [ -89.578813180522459, 20.984289913778216 ], [ -89.57883198036933, 20.984276403417326 ], [ -89.57885147009101, 20.984263863620399 ], [ -89.578896669934053, 20.984237923418743 ], [ -89.579515660168369, 20.983399113318281 ], [ -89.580075830104519, 20.982338923656048 ], [ -89.580107889674466, 20.982337484256281 ], [ -89.580171269902678, 20.981290834203847 ], [ -89.580175429604182, 20.981222284158452 ], [ -89.580177780208359, 20.981183354484035 ], [ -89.580781490196685, 20.981155984377985 ], [ -89.58083049961995, 20.981153653769386 ], [ -89.580924039621905, 20.981149213813026 ], [ -89.580949719974313, 20.981148064654864 ], [ -89.581368760004452, 20.981129354275176 ], [ -89.581886439492067, 20.981105883949098 ], [ -89.58195819983348, 20.981102614713294 ], [ -89.582529179425251, 20.981076723914402 ], [ -89.58279279946143, 20.981064754259126 ], [ -89.583161379556984, 20.981053033893581 ], [ -89.583218669372584, 20.981049414112174 ], [ -89.583736098978349, 20.981033314528013 ], [ -89.584003268613515, 20.981022434428624 ], [ -89.584338868988596, 20.981010914416924 ], [ -89.584612468979273, 20.981001514491638 ], [ -89.584917498899273, 20.980984744047074 ], [ -89.585042128304266, 20.980977884218042 ] ] ] } },
{ "type": "Feature", "properties": { "CVE_ENT": "31", "CVE_MUN": "050", "CVE_LOC": "0001", "CVE_AGEB": "0756", "CVEGEO": "3105000010756", "POBTOT": 2350, "cantidad_parques": 0.0, "parques_por_1000_hab": 0.0 }, "geometry": { "type": "Polygon", "coordinates": [ [ [ -89.619696709547938, 20.938864445633421 ], [ -89.619863279454819, 20.939834665289784 ], [ -89.619874320065335, 20.939899064937812 ], [ -89.619990089653413, 20.940575045036205 ], [ -89.620058149992971, 20.940960324939621 ], [ -89.62015791924027, 20.941517924153661 ], [ -89.619206189688256, 20.941988984733879 ], [ -89.618372170296922, 20.942412294081805 ], [ -89.617631250076869, 20.942788354307716 ], [ -89.617554570188247, 20.942826823817605 ], [ -89.616738880838142, 20.943236274447724 ], [ -89.616594650556451, 20.943308664289784 ], [ -89.615913370463034, 20.943665934338512 ], [ -89.615527720806654, 20.943868163534756 ], [ -89.615115461078815, 20.944097733892349 ], [ -89.614868681090584, 20.944235154219069 ], [ -89.614341951196181, 20.944512413849296 ], [ -89.613509860847628, 20.944950444073477 ], [ -89.612788881774719, 20.945329953246553 ], [ -89.612553251221286, 20.944515073651658 ], [ -89.612544691342293, 20.94448547407822 ], [ -89.612352091516954, 20.943819464290911 ], [ -89.612205692145793, 20.943313183738699 ], [ -89.61202219196791, 20.942678533794094 ], [ -89.611910661945629, 20.94231033397249 ], [ -89.611611802178132, 20.941323534531424 ], [ -89.611320052424247, 20.940360274622719 ], [ -89.611061832425747, 20.939507735030595 ], [ -89.611032202357578, 20.939408615241717 ], [ -89.610822392241531, 20.93870701503867 ], [ -89.610791091882547, 20.938602474985437 ], [ -89.610661021833678, 20.938214674971952 ], [ -89.611817632139321, 20.938197384962439 ], [ -89.613089851325569, 20.938183905232258 ], [ -89.613211291612672, 20.938182615466051 ], [ -89.614183421519968, 20.938172305038997 ], [ -89.615218920597172, 20.938161305029052 ], [ -89.616349550341155, 20.938149305782563 ], [ -89.617465119935289, 20.938137465023868 ], [ -89.61809565015642, 20.938130755649208 ], [ -89.6185939903323, 20.938125445454968 ], [ -89.618661029752701, 20.938124735765449 ], [ -89.619385029545995, 20.938117045282397 ], [ -89.619562050118844, 20.938115155114321 ], [ -89.619688520190664, 20.938818215187091 ], [ -89.619696709547938, 20.938864445633421 ] ] ] } },
{ "type": "Feature", "properties": { "CVE_ENT": "31", "CVE_MUN": "050", "CVE_LOC": "0001", "CVE_AGEB": "2470", "CVEGEO": "3105000012470", "POBTOT": 1731, "cantidad_parques": 0.0, "parques_por_1000_hab": 0.0 }, "geometry": { "type": "Polygon", "coordinates": [ [ [ -89.625140367574971, 21.019130135516374 ], [ -89.625136847136829, 21.019106044829417 ], [ -89.62514107694345, 21.019106474877599 ], [ -89.625188797095078, 21.019111254878737 ], [ -89.626561766653069, 21.019249144948343 ], [ -89.62710267626629, 21.019301855448436 ], [ -89.627854906966689, 21.019374365172855 ], [ -89.62902838646697, 21.01946094530323 ], [ -89.628974566587289, 21.019136424938395 ], [ -89.62880382619926, 21.018141745339552 ], [ -89.628779716039702, 21.017995595384146 ], [ -89.628648116471808, 21.01709114605535 ], [ -89.629597185824878, 21.017140485577109 ], [ -89.63046334623634, 21.017202876058995 ], [ -89.630635336078839, 21.017215255988798 ], [ -89.630606715740683, 21.018289645599175 ], [ -89.631757515249774, 21.01833505546967 ], [ -89.631750705758535, 21.018428625824626 ], [ -89.631671745304814, 21.019123315558343 ], [ -89.631642785908454, 21.019327105611129 ], [ -89.631587305416375, 21.020166535345567 ], [ -89.631572285348554, 21.0203297351099 ], [ -89.631476655898012, 21.02088473492206 ], [ -89.631385795331923, 21.021134934576583 ], [ -89.631254535831729, 21.021414084982339 ], [ -89.631234425572273, 21.021456854582574 ], [ -89.6309724553537, 21.022102024296242 ], [ -89.630762996147524, 21.022617904392597 ], [ -89.630583386083586, 21.023060204567788 ], [ -89.630516025744001, 21.023234774483743 ], [ -89.630497646103819, 21.023283043825963 ], [ -89.630277966092734, 21.023826803821706 ], [ -89.630269535894527, 21.023849424256866 ], [ -89.630053185897324, 21.024429044296976 ], [ -89.629908446363785, 21.024810733955714 ], [ -89.629929286314379, 21.02491151344643 ], [ -89.629966885702174, 21.025071503515107 ], [ -89.630010516247268, 21.02528079395119 ], [ -89.630095766019053, 21.025874243282068 ], [ -89.630104286162691, 21.025920803359675 ], [ -89.630274136168993, 21.026846373185332 ], [ -89.630278565724595, 21.02687047292661 ], [ -89.630447085993637, 21.028044142606721 ], [ -89.630450855815056, 21.028070372578537 ], [ -89.630383685598133, 21.028042773337759 ], [ -89.630371485333086, 21.028036573018383 ], [ -89.630305085563577, 21.028018112899115 ], [ -89.630121585956303, 21.027966912799755 ], [ -89.63002354589409, 21.027939593106865 ], [ -89.630006086114861, 21.027937442623863 ], [ -89.629742715873761, 21.027905082810985 ], [ -89.62971542563578, 21.027901732628802 ], [ -89.629333106013888, 21.027873253400486 ], [ -89.629314026137749, 21.027872222565652 ], [ -89.629296246195977, 21.0278712526415 ], [ -89.629072586571809, 21.027858902809459 ], [ -89.628908735846139, 21.0278499732112 ], [ -89.628568135943709, 21.027831473322806 ], [ -89.628515276008017, 21.02782850298075 ], [ -89.628460216591932, 21.027824222993228 ], [ -89.627507186522337, 21.027744762580937 ], [ -89.626734196840943, 21.027680592586414 ], [ -89.626663746397213, 21.027674733401277 ], [ -89.626517887190772, 21.02692847338637 ], [ -89.626310796494508, 21.025760253663684 ], [ -89.626291147029889, 21.025642703617947 ], [ -89.626163347215325, 21.025020254012542 ], [ -89.626147187292915, 21.024910963895852 ], [ -89.626093147033131, 21.024607163540161 ], [ -89.62605391691605, 21.024383253910191 ], [ -89.626000746881914, 21.024088173772789 ], [ -89.625954797268122, 21.023837534083121 ], [ -89.625765566677444, 21.022739643799785 ], [ -89.625699387302518, 21.022360244156619 ], [ -89.625681916828327, 21.022281054473698 ], [ -89.625647946939878, 21.022065314638532 ], [ -89.625404477171656, 21.020669505129629 ], [ -89.625335967661243, 21.020258085044038 ], [ -89.625296766961441, 21.020022734613779 ], [ -89.625233256784995, 21.019691245321361 ], [ -89.625140367574971, 21.019130135516374 ] ] ] } },
{ "type": "Feature", "properties": { "CVE_ENT": "31", "CVE_MUN": "050", "CVE_LOC": "0001", "CVE_AGEB": "3981", "CVEGEO": "3105000013981", "POBTOT": 1850, "cantidad_parques": 0.0, "parques_por_1000_hab": 0.0 }, "geometry": { "type": "Polygon", "coordinates": [ [ [ -89.573895701639529, 21.017484565236991 ], [ -89.573932720935716, 21.017484574563849 ], [ -89.574745980704179, 21.016714454767314 ], [ -89.5748064306012, 21.016657055042639 ], [ -89.575432661143068, 21.015963315629893 ], [ -89.576142980911357, 21.016128205453622 ], [ -89.576200410443377, 21.016142085443601 ], [ -89.576779210746423, 21.016221126822657 ], [ -89.577815171783428, 21.016367077038993 ], [ -89.577883230512654, 21.016395945038184 ], [ -89.577583610519625, 21.016986935537737 ], [ -89.57764003059269, 21.016998175433063 ], [ -89.578842890045109, 21.017237905421844 ], [ -89.579612489490231, 21.017939304713128 ], [ -89.580506429580453, 21.018758774505081 ], [ -89.580567209186583, 21.018814505132184 ], [ -89.579944519547922, 21.019336484227164 ], [ -89.579768580024648, 21.01948396452876 ], [ -89.579258059793318, 21.019945334503777 ], [ -89.578994320008405, 21.020194084312827 ], [ -89.578242700420006, 21.020902974274566 ], [ -89.577470669785612, 21.02163113418851 ], [ -89.576708860647571, 21.022349653487588 ], [ -89.575945070288341, 21.023069283403231 ], [ -89.575603151183245, 21.023390533867651 ], [ -89.575452661152084, 21.023254933599635 ], [ -89.574759861317347, 21.022630673903979 ], [ -89.574687410717118, 21.022581393875953 ], [ -89.574363931166843, 21.02237682417389 ], [ -89.574311201370406, 21.022345224129364 ], [ -89.574269551340009, 21.02228880416893 ], [ -89.574267691372398, 21.022286283770338 ], [ -89.573806891198217, 21.022000253976628 ], [ -89.573764431606762, 21.021973903624829 ], [ -89.572935731795397, 21.021425164061291 ], [ -89.572879581738263, 21.021388143655091 ], [ -89.572844321622284, 21.021331544112165 ], [ -89.572838401292302, 21.021322044456632 ], [ -89.572354471514501, 21.020818314373095 ], [ -89.572168361513192, 21.020609504193995 ], [ -89.571825202057212, 21.020242684255816 ], [ -89.571783352210943, 21.020198484256195 ], [ -89.571637121488891, 21.020026004521313 ], [ -89.571480922219678, 21.019841764033043 ], [ -89.571496332105795, 21.019826964584674 ], [ -89.572281261392149, 21.019073244589741 ], [ -89.572572601665854, 21.018788734596427 ], [ -89.572994011470144, 21.018365404714395 ], [ -89.573288501122718, 21.018074485246132 ], [ -89.573895701639529, 21.017484565236991 ] ] ] } },
{ "type": "Feature", "properties": { "CVE_ENT": "31", "CVE_MUN": "050", "CVE_LOC": "0001", "CVE_AGEB": "5583", "CVEGEO": "3105000015583", "POBTOT": 3298, "cantidad_parques": 0.0, "parques_por_1000_hab": 0.0 }, "geometry": { "type": "Polygon", "coordinates": [ [ [ -89.580468758947731, 21.026544932854836 ], [ -89.580249949758922, 21.027019622840417 ], [ -89.580004869668031, 21.027557332493778 ], [ -89.580000999234031, 21.02756584254821 ], [ -89.579774719590972, 21.027479933025724 ], [ -89.579686489518323, 21.027429002346675 ], [ -89.579548319603219, 21.02730971219879 ], [ -89.579480459731528, 21.027221242833779 ], [ -89.579400209773866, 21.027073852419768 ], [ -89.579351979876535, 21.026933203001516 ], [ -89.579290559994234, 21.026822642329883 ], [ -89.579223659531593, 21.026733452372909 ], [ -89.579086959759536, 21.026618803205668 ], [ -89.579043699388009, 21.026582332374865 ], [ -89.579002779355122, 21.026552713126332 ], [ -89.578977150048615, 21.026534482736473 ], [ -89.578249829498233, 21.025961668950846 ], [ -89.578171089846904, 21.025902853038033 ], [ -89.578146869787005, 21.0258849932892 ], [ -89.577652199912734, 21.025479302725532 ], [ -89.577627639912961, 21.025459163026344 ], [ -89.577583920145926, 21.025416602730466 ], [ -89.577414410088593, 21.025251562982529 ], [ -89.577368890007406, 21.02520724300242 ], [ -89.577340000681303, 21.025172363139337 ], [ -89.577321500420055, 21.02515444319997 ], [ -89.576549100652514, 21.02440556366064 ], [ -89.576490230521401, 21.024348483439486 ], [ -89.576428930586218, 21.024288573170924 ], [ -89.575645120479237, 21.023522483290787 ], [ -89.575556260412753, 21.023435643706847 ], [ -89.575603151183245, 21.023390533867651 ], [ -89.575945070288341, 21.023069283403231 ], [ -89.576708860647571, 21.022349653487588 ], [ -89.577470669785612, 21.02163113418851 ], [ -89.578242700420006, 21.020902974274566 ], [ -89.578994320008405, 21.020194084312827 ], [ -89.579258059793318, 21.019945334503777 ], [ -89.579768580024648, 21.01948396452876 ], [ -89.579944519547922, 21.019336484227164 ], [ -89.580567209186583, 21.018814505132184 ], [ -89.580611979421121, 21.018771134664885 ], [ -89.580683869127171, 21.018701454695716 ], [ -89.581142359673763, 21.018257205001461 ], [ -89.581300689474773, 21.018081775310421 ], [ -89.581672929480277, 21.01767316469379 ], [ -89.581996918908345, 21.017317545200871 ], [ -89.583288148575662, 21.016098315636842 ], [ -89.583302498404265, 21.016084765670218 ], [ -89.583398268422201, 21.015836365491026 ], [ -89.583403358608223, 21.015801075984943 ], [ -89.583432118254876, 21.015420875492605 ], [ -89.583464358320924, 21.01479147572946 ], [ -89.583453657942371, 21.014422275490343 ], [ -89.583443638670943, 21.014076566390205 ], [ -89.583442298882701, 21.013955946353935 ], [ -89.583482298433296, 21.013975135822438 ], [ -89.583520638744076, 21.013993536188782 ], [ -89.58353155907956, 21.013998776479816 ], [ -89.583635118416041, 21.014048476373805 ], [ -89.583679258707321, 21.014069656125578 ], [ -89.58426757808941, 21.014352005837097 ], [ -89.584265068382393, 21.014393976009313 ], [ -89.584843158532919, 21.014707676070671 ], [ -89.5848306979114, 21.014840115973843 ], [ -89.585422497971479, 21.015061375370703 ], [ -89.585431798314147, 21.014797365551598 ], [ -89.585434888501851, 21.014709735467584 ], [ -89.585453747808614, 21.014363575944373 ], [ -89.585477118091191, 21.013935316246403 ], [ -89.58552569861024, 21.013969645964217 ], [ -89.585636297709641, 21.01405177556984 ], [ -89.585765517885079, 21.014146315928322 ], [ -89.585846007698095, 21.014194735593851 ], [ -89.586007958089738, 21.014292175705872 ], [ -89.586064798291105, 21.014319316297836 ], [ -89.586113097675081, 21.014342375972518 ], [ -89.586078148238656, 21.014423146373343 ], [ -89.586096208439699, 21.014516475749339 ], [ -89.58613623826588, 21.014588625906836 ], [ -89.586207807785314, 21.014645575654328 ], [ -89.58615528784523, 21.014731795621607 ], [ -89.585965258089061, 21.015857225955312 ], [ -89.585911087968356, 21.016133515162213 ], [ -89.585874377753825, 21.016406055242655 ], [ -89.585744258257165, 21.017237575216068 ], [ -89.585725527784092, 21.017390974805274 ], [ -89.585672207978718, 21.017765915245846 ], [ -89.585618397578529, 21.018123335201338 ], [ -89.585602918344321, 21.018386314848676 ], [ -89.585588178042499, 21.018691514950589 ], [ -89.58557745784087, 21.019028304698388 ], [ -89.585553608310178, 21.019283054741646 ], [ -89.585496808047495, 21.019591304840105 ], [ -89.585405858420998, 21.019884175008592 ], [ -89.585286028556055, 21.02014037464005 ], [ -89.585176668266911, 21.02034876476241 ], [ -89.585038528088788, 21.020545844124058 ], [ -89.585964437571491, 21.021373544053318 ], [ -89.586282918063546, 21.021703944573961 ], [ -89.58635520824032, 21.02177891439651 ], [ -89.586887838039473, 21.022329974033262 ], [ -89.58717062765983, 21.022587594211011 ], [ -89.587361947108093, 21.022761873770538 ], [ -89.587122977400853, 21.023216943343193 ], [ -89.586507198163062, 21.024392903035633 ], [ -89.586358467568942, 21.024742703700756 ], [ -89.586162498085571, 21.025423243010163 ], [ -89.586142608127545, 21.025494443099554 ], [ -89.585984577961113, 21.025975823066176 ], [ -89.5857679177238, 21.026635853022473 ], [ -89.585657407627025, 21.026923822809547 ], [ -89.585510947863554, 21.027294682581267 ], [ -89.585479288094604, 21.027372962449135 ], [ -89.585292488412861, 21.02780753234283 ], [ -89.585252148168635, 21.027879672687835 ], [ -89.585044718491545, 21.028282992442257 ], [ -89.583430158684038, 21.027668052341337 ], [ -89.581935228827462, 21.027095732650576 ], [ -89.580468758947731, 21.026544932854836 ] ] ] } },
{ "type": "Feature", "properties": { "CVE_ENT": "31", "CVE_MUN": "050", "CVE_LOC": "0001", "CVE_AGEB": "3214", "CVEGEO": "3105000013214", "POBTOT": 1585, "cantidad_parques": 0.0, "parques_por_1000_hab": 0.0 }, "geometry": { "type": "Polygon", "coordinates": [ [ [ -89.593754330300428, 20.932073121365054 ], [ -89.593620591286452, 20.931716352605541 ], [ -89.593572376761102, 20.931633397214938 ], [ -89.59320594599005, 20.931141490521924 ], [ -89.593250370001527, 20.9311112018455 ], [ -89.593346755404212, 20.931045485219773 ], [ -89.593381407746435, 20.931021858409643 ], [ -89.593663513112503, 20.930829514623216 ], [ -89.593757320326901, 20.930762070620442 ], [ -89.594351156412628, 20.930324570896541 ], [ -89.594834789368036, 20.929971738595611 ], [ -89.595014309635516, 20.929833187638966 ], [ -89.595288451384576, 20.92963708375148 ], [ -89.595290431974618, 20.929635619628193 ], [ -89.59533178624477, 20.929605058526921 ], [ -89.596440861979644, 20.928785417437712 ], [ -89.59690855384045, 20.928450093929541 ], [ -89.596946805387432, 20.928422813884112 ], [ -89.597307837933883, 20.928165324664334 ], [ -89.597325769540532, 20.928154236799838 ], [ -89.597428591007485, 20.928090655003864 ], [ -89.59747952942682, 20.928059155715339 ], [ -89.597487560383769, 20.92805418946023 ], [ -89.598523596124679, 20.927287599111956 ], [ -89.598524667550805, 20.927286806710043 ], [ -89.598530070303838, 20.927282665380691 ], [ -89.598673594092602, 20.927172624942756 ], [ -89.599044649674354, 20.926888132768479 ], [ -89.599059001536602, 20.926877129286257 ], [ -89.599075214127637, 20.926864699230787 ], [ -89.599080226786455, 20.926860856672789 ], [ -89.599157568459162, 20.927118157865177 ], [ -89.599067540389441, 20.927418847223922 ], [ -89.598889976842273, 20.928580750932113 ], [ -89.598776061283843, 20.929281754666846 ], [ -89.598693104035704, 20.929811753023632 ], [ -89.598584476111839, 20.930444312787372 ], [ -89.598432232105907, 20.9314703520261 ], [ -89.598285336275453, 20.932433394176954 ], [ -89.598485813429363, 20.932427772567667 ], [ -89.598393635971476, 20.933150936668355 ], [ -89.597803095597214, 20.933151816440628 ], [ -89.59722066585968, 20.933152676116016 ], [ -89.596659516251734, 20.933153506654257 ], [ -89.596568665697404, 20.933680725921878 ], [ -89.596565175889666, 20.933705496715763 ], [ -89.596524575952387, 20.93399279609546 ], [ -89.59648871574106, 20.934234615923405 ], [ -89.596407156172589, 20.934784766206207 ], [ -89.596390796374678, 20.934895186144324 ], [ -89.596321926369569, 20.935345165576894 ], [ -89.595844826500823, 20.935349506207498 ], [ -89.595757746568751, 20.935350296234969 ], [ -89.595027776361732, 20.935356955546034 ], [ -89.594887806196425, 20.935005245824748 ], [ -89.594808796319924, 20.9348066963212 ], [ -89.594586886729488, 20.934249046087505 ], [ -89.594429556833433, 20.933853735921581 ], [ -89.594164886564414, 20.933168506342753 ], [ -89.59395894846655, 20.93262447374055 ], [ -89.593754330300428, 20.932073121365054 ] ] ] } },
{ "type": "Feature", "properties": { "CVE_ENT": "31", "CVE_MUN": "050", "CVE_LOC": "0001", "CVE_AGEB": "4208", "CVEGEO": "3105000014208", "POBTOT": 3205, "cantidad_parques": 0.0, "parques_por_1000_hab": 0.0 }, "geometry": { "type": "Polygon", "coordinates": [ [ [ -89.651103780626798, 20.959212670308769 ], [ -89.6499322409976, 20.95940369054393 ], [ -89.649829611072377, 20.958500490683406 ], [ -89.649766621141652, 20.957943961098461 ], [ -89.649733851761198, 20.957654381075869 ], [ -89.650083471086205, 20.957385220633014 ], [ -89.650475420894296, 20.957097871206535 ], [ -89.650872701449345, 20.956806621405214 ], [ -89.651661910951859, 20.956227981663211 ], [ -89.651735040904967, 20.956173751211121 ], [ -89.651821270280095, 20.956112011189624 ], [ -89.652839730114337, 20.955382991725653 ], [ -89.652955620440338, 20.955298101304685 ], [ -89.653889240673294, 20.954614351676007 ], [ -89.654234070450414, 20.954397131721027 ], [ -89.654975450280432, 20.953831331554273 ], [ -89.655237159608731, 20.955253661255092 ], [ -89.655244579560616, 20.955289931265106 ], [ -89.655400469598689, 20.956052621696386 ], [ -89.6555879400061, 20.956969891012783 ], [ -89.655637699944037, 20.95721330091764 ], [ -89.655755010132623, 20.957749470811528 ], [ -89.65576359008142, 20.95777893059676 ], [ -89.655926739322922, 20.95853439111189 ], [ -89.656127049938164, 20.959534660085342 ], [ -89.655251639543607, 20.959684440609127 ], [ -89.65535800994401, 20.960242090509421 ], [ -89.65555287001078, 20.961290660312397 ], [ -89.655585779709824, 20.96146393011729 ], [ -89.655631109595745, 20.961706690166459 ], [ -89.655721989367365, 20.962191319338881 ], [ -89.655791279698633, 20.96256519011294 ], [ -89.655817639840805, 20.962700039402179 ], [ -89.655823559736376, 20.962731559290717 ], [ -89.655774419449742, 20.96274083974242 ], [ -89.655659110056945, 20.962762579906656 ], [ -89.655603139624716, 20.962773129790012 ], [ -89.655072780188263, 20.962858589376619 ], [ -89.654440759886739, 20.962961749578948 ], [ -89.654363879640869, 20.962973779487317 ], [ -89.653730110435433, 20.963068979272478 ], [ -89.653073670466526, 20.963171719886063 ], [ -89.651355051217806, 20.963445209827341 ], [ -89.651335640801307, 20.963448699150735 ], [ -89.651301621207068, 20.963454839542365 ], [ -89.65093698078698, 20.963502699041321 ], [ -89.650674930705392, 20.963538588991209 ], [ -89.650402910652986, 20.963574719154707 ], [ -89.650344250850324, 20.963063259842261 ], [ -89.650271700631933, 20.962436219825793 ], [ -89.650378131408871, 20.962418639231256 ], [ -89.65092813048426, 20.962325789521149 ], [ -89.651615530833297, 20.962210689927481 ], [ -89.651444940354267, 20.961211349825629 ], [ -89.651274361149746, 20.960212009989405 ], [ -89.651227100635808, 20.959935100241566 ], [ -89.651103780626798, 20.959212670308769 ] ] ] } },
{ "type": "Feature", "properties": { "CVE_ENT": "31", "CVE_MUN": "050", "CVE_LOC": "0001", "CVE_AGEB": "3144", "CVEGEO": "3105000013144", "POBTOT": 2931, "cantidad_parques": 0.0, "parques_por_1000_hab": 0.0 }, "geometry": { "type": "Polygon", "coordinates": [ [ [ -89.620123619552857, 20.932562247205013 ], [ -89.619052460221098, 20.932314336908419 ], [ -89.618569830343077, 20.932201737308393 ], [ -89.61856368025893, 20.931680496956336 ], [ -89.618559370159545, 20.931315187212256 ], [ -89.618557280512306, 20.931137967235564 ], [ -89.618555139738163, 20.930956367615369 ], [ -89.618551000391605, 20.930606397581013 ], [ -89.618546790218417, 20.930248737188162 ], [ -89.618546749867647, 20.930176827199364 ], [ -89.618547289843846, 20.929873187438584 ], [ -89.618547920084083, 20.929532677922587 ], [ -89.618548290384624, 20.929138077803799 ], [ -89.618539650062857, 20.928790537795408 ], [ -89.618530749828011, 20.928432667670418 ], [ -89.618524339802178, 20.928174468261432 ], [ -89.618521479809544, 20.928059557579449 ], [ -89.618511969922622, 20.927677467636872 ], [ -89.618509940929087, 20.927521960212552 ], [ -89.618506450144451, 20.927254198303721 ], [ -89.618503261597738, 20.927010322720207 ], [ -89.618494468057889, 20.926337927857436 ], [ -89.618493947370567, 20.926298010704524 ], [ -89.61849378985977, 20.926285968704832 ], [ -89.618493426277809, 20.926266315440369 ], [ -89.618493336847919, 20.926261478279624 ], [ -89.618481030176369, 20.925596468168095 ], [ -89.618472876510992, 20.925155109926951 ], [ -89.618467480185046, 20.924863108714838 ], [ -89.618465751517334, 20.924770124004471 ], [ -89.618464689623266, 20.92471301879953 ], [ -89.618461537907876, 20.924542281465758 ], [ -89.618456618902627, 20.924275769858696 ], [ -89.618451399392043, 20.923999189820623 ], [ -89.618450310412385, 20.923940358654697 ], [ -89.618451067772085, 20.923940364691468 ], [ -89.619526600204622, 20.923948679320887 ], [ -89.619526618908111, 20.923948791936095 ], [ -89.619556250127161, 20.924127278649141 ], [ -89.62062831918054, 20.924398969145642 ], [ -89.620639889180381, 20.924401898553402 ], [ -89.620646799306869, 20.924403648689026 ], [ -89.621552719513929, 20.924633228644794 ], [ -89.622604368767554, 20.924900188705458 ], [ -89.623655999183214, 20.925167138788211 ], [ -89.62344738904423, 20.925903668550642 ], [ -89.623427848518034, 20.925972678948735 ], [ -89.623185908733433, 20.92681058814194 ], [ -89.622529429279382, 20.926685998322849 ], [ -89.622516799391846, 20.926768368145719 ], [ -89.622451169231951, 20.927196218183905 ], [ -89.622444089316616, 20.927242367955881 ], [ -89.62243825906225, 20.927276968041468 ], [ -89.622423188775585, 20.927411497843718 ], [ -89.622404789472185, 20.927575557718388 ], [ -89.622367479330038, 20.928025448440458 ], [ -89.62232542867882, 20.928402587654048 ], [ -89.62231899866336, 20.928460297695064 ], [ -89.622312939034757, 20.928500597808245 ], [ -89.622278909260643, 20.928726737633049 ], [ -89.62223970869789, 20.929141798040082 ], [ -89.622190788917791, 20.929491787484636 ], [ -89.622190319099872, 20.92949544729214 ], [ -89.622174308937218, 20.929623527533213 ], [ -89.622136998865088, 20.929921677139866 ], [ -89.622061058972648, 20.930595187612489 ], [ -89.622058259029941, 20.930620097492994 ], [ -89.622047398708773, 20.930699737493509 ], [ -89.622044799031642, 20.930723567276353 ], [ -89.622004449115067, 20.931093997656209 ], [ -89.621985719575591, 20.931251497469578 ], [ -89.621932059021532, 20.931704647079968 ], [ -89.621927369601323, 20.931744337460103 ], [ -89.621849588976332, 20.932749426965859 ], [ -89.62100790931261, 20.932658157037711 ], [ -89.620123619552857, 20.932562247205013 ] ] ] } },
{ "type": "Feature", "properties": { "CVE_ENT": "31", "CVE_MUN": "050", "CVE_LOC": "0001", "CVE_AGEB": "4176", "CVEGEO": "3105000014176", "POBTOT": 2003, "cantidad_parques": 0.0, "parques_por_1000_hab": 0.0 }, "geometry": { "type": "Polygon", "coordinates": [ [ [ -89.656423069781695, 20.964798119592547 ], [ -89.65616089910506, 20.964699289253026 ], [ -89.655333481782193, 20.964417884523318 ], [ -89.654736132815131, 20.964475358201842 ], [ -89.654040653651464, 20.964523792755301 ], [ -89.653966271228242, 20.964529328345378 ], [ -89.653581079786932, 20.964936548844495 ], [ -89.652692440869586, 20.964367289129289 ], [ -89.652458130443961, 20.964214348968298 ], [ -89.652438470043109, 20.964201418875717 ], [ -89.65182474075381, 20.963813359709441 ], [ -89.651301621207068, 20.963454839542365 ], [ -89.651335640801307, 20.963448699150735 ], [ -89.651355051217806, 20.963445209827341 ], [ -89.653073670466526, 20.963171719886063 ], [ -89.653730110435433, 20.963068979272478 ], [ -89.654363879640869, 20.962973779487317 ], [ -89.654440759886739, 20.962961749578948 ], [ -89.655072780188263, 20.962858589376619 ], [ -89.655603139624716, 20.962773129790012 ], [ -89.655659110056945, 20.962762579906656 ], [ -89.655774419449742, 20.96274083974242 ], [ -89.655823559736376, 20.962731559290717 ], [ -89.655857899119752, 20.962726069435501 ], [ -89.656632669343367, 20.962602349412368 ], [ -89.656682809169567, 20.962593489356323 ], [ -89.657414478896342, 20.962471589670496 ], [ -89.657513989551973, 20.962455019667626 ], [ -89.657546679184648, 20.962449989476635 ], [ -89.657608738711033, 20.962438929748942 ], [ -89.658402878406918, 20.962297360013054 ], [ -89.658450109227985, 20.962288989440047 ], [ -89.65913469912897, 20.962164979813096 ], [ -89.65923581890678, 20.962146579468701 ], [ -89.659261668473803, 20.962141289751152 ], [ -89.659284558235001, 20.962137689801484 ], [ -89.659340078180861, 20.962127329770883 ], [ -89.65934837880917, 20.962126039947009 ], [ -89.660134068695882, 20.961981729847484 ], [ -89.661082938100947, 20.961816420159096 ], [ -89.661083978231915, 20.961823780201644 ], [ -89.661206298542211, 20.962692149769293 ], [ -89.661353788226492, 20.963704319849313 ], [ -89.661597868065485, 20.96490992943378 ], [ -89.66133246801364, 20.965013259436514 ], [ -89.660778108243576, 20.965212698865429 ], [ -89.660013538143929, 20.965406859237291 ], [ -89.659879808690349, 20.965444188971691 ], [ -89.659500808608414, 20.965495978811834 ], [ -89.659013298332553, 20.965518918698688 ], [ -89.658556958899453, 20.965509699238112 ], [ -89.658281498431336, 20.965508188700301 ], [ -89.65808624914294, 20.965470698834213 ], [ -89.657436808706294, 20.965184179265403 ], [ -89.657399329161109, 20.965167899064213 ], [ -89.657107869490716, 20.965041329111852 ], [ -89.656423069781695, 20.964798119592547 ] ] ] } },
{ "type": "Feature", "properties": { "CVE_ENT": "31", "CVE_MUN": "050", "CVE_LOC": "0001", "CVE_AGEB": "5672", "CVEGEO": "3105000015672", "POBTOT": 2680, "cantidad_parques": 0.0, "parques_por_1000_hab": 0.0 }, "geometry": { "type": "Polygon", "coordinates": [ [ [ -89.721922893414629, 21.002913075882002 ], [ -89.721739858254239, 21.003268470468772 ], [ -89.721575309276133, 21.00361068135177 ], [ -89.721540919625937, 21.003682202298393 ], [ -89.72136134583846, 21.004050290885061 ], [ -89.721316288110842, 21.00414264991198 ], [ -89.721123394197733, 21.004539913358876 ], [ -89.72091852202189, 21.004961792060261 ], [ -89.720711582079375, 21.005378949212798 ], [ -89.720559029006154, 21.005732514864377 ], [ -89.720556133173602, 21.005821700993572 ], [ -89.720356166287658, 21.006239227040943 ], [ -89.720147725326569, 21.006676096072919 ], [ -89.71995950241346, 21.007054336204181 ], [ -89.719763485597682, 21.007467394330749 ], [ -89.719547863602415, 21.007890334923488 ], [ -89.719346995248259, 21.008306515019143 ], [ -89.719140339697745, 21.008720004893124 ], [ -89.718933842218419, 21.009133257934806 ], [ -89.718729802901649, 21.009555611150265 ], [ -89.71846176377224, 21.010124860617452 ], [ -89.717211762730628, 21.00959520809413 ], [ -89.715892372588911, 21.009036148783963 ], [ -89.716186392927241, 21.008434168354437 ], [ -89.716388692359601, 21.008019939097817 ], [ -89.716594222098493, 21.007599108786309 ], [ -89.716792492777557, 21.007193118878494 ], [ -89.716996592430078, 21.00677525920641 ], [ -89.717196422655647, 21.006366079396059 ], [ -89.717398691857824, 21.005951889305827 ], [ -89.717564682299454, 21.005611999368547 ], [ -89.717787512452503, 21.005155570034695 ], [ -89.717997992606115, 21.004724449709144 ], [ -89.71820034213313, 21.004309909822421 ], [ -89.718402491945326, 21.003895779942638 ], [ -89.718604761719007, 21.003481480287405 ], [ -89.718806322336349, 21.003068570360487 ], [ -89.719027251623345, 21.002630890632695 ], [ -89.719243312230105, 21.002190890632502 ], [ -89.719459311607778, 21.001753210398462 ], [ -89.719666561537366, 21.001334460170579 ], [ -89.719872121428352, 21.000932880554963 ], [ -89.720085221236147, 21.000502711070254 ], [ -89.720415651627562, 20.999821890674564 ], [ -89.720616791235599, 20.999932080912327 ], [ -89.721603800201379, 21.000605231316531 ], [ -89.722740679513691, 21.00129073248452 ], [ -89.722594962563036, 21.001577517672374 ], [ -89.722386235221663, 21.001998241096953 ], [ -89.72218504852971, 21.002427754796759 ], [ -89.721984480369358, 21.002838920501645 ], [ -89.721922893414629, 21.002913075882002 ] ] ] } },
{ "type": "Feature", "properties": { "CVE_ENT": "31", "CVE_MUN": "050", "CVE_LOC": "0001", "CVE_AGEB": "5831", "CVEGEO": "3105000015831", "POBTOT": 2888, "cantidad_parques": 0.0, "parques_por_1000_hab": 0.0 }, "geometry": { "type": "Polygon", "coordinates": [ [ [ -89.690675579672217, 20.990417602668746 ], [ -89.690689768694526, 20.990283863008376 ], [ -89.690702089237746, 20.990220653130887 ], [ -89.690788629785629, 20.98977608449156 ], [ -89.69087942829637, 20.989309713968769 ], [ -89.690971889603944, 20.988834754290256 ], [ -89.691060578226669, 20.98837914453209 ], [ -89.691149239028206, 20.987923683819243 ], [ -89.691235689640109, 20.987479684067672 ], [ -89.691322660002413, 20.987032883514807 ], [ -89.69158789883484, 20.98567043497043 ], [ -89.691685398726506, 20.985192155467264 ], [ -89.691940999636074, 20.983864454405396 ], [ -89.693597469474028, 20.984129664316338 ], [ -89.694212607921557, 20.984236665280541 ], [ -89.695000458659322, 20.984360605218207 ], [ -89.696423096851305, 20.984584944446315 ], [ -89.696333068268345, 20.985047155641485 ], [ -89.696332487019475, 20.985049924287427 ], [ -89.696247348551168, 20.985486955311242 ], [ -89.696160167855624, 20.98594092451107 ], [ -89.696063697833154, 20.986433434402105 ], [ -89.695978808007467, 20.986884513787249 ], [ -89.695894798682815, 20.987330863700869 ], [ -89.695810778418362, 20.987777083553123 ], [ -89.695725628603142, 20.988229543754791 ], [ -89.695640808131557, 20.988680063776386 ], [ -89.695556748113503, 20.989126583127561 ], [ -89.695469628950065, 20.989589433146438 ], [ -89.695379638040677, 20.990067403304625 ], [ -89.695292228547999, 20.990531832825869 ], [ -89.695208778102682, 20.990975122840688 ], [ -89.695136858234846, 20.99135429309699 ], [ -89.695214653821623, 20.991246286110368 ], [ -89.695545493202275, 20.991288545617582 ], [ -89.69558350204079, 20.991299325660709 ], [ -89.69486800814424, 20.992473262399375 ], [ -89.694757378508072, 20.99241768234004 ], [ -89.693623089314315, 20.991847832456141 ], [ -89.69353260898518, 20.9918060030001 ], [ -89.692529568952068, 20.991322122714156 ], [ -89.692226299689693, 20.991168773016419 ], [ -89.691971149441372, 20.991044172745138 ], [ -89.691210549891409, 20.990662863437024 ], [ -89.690675579672217, 20.990417602668746 ] ] ] } },
{ "type": "Feature", "properties": { "CVE_ENT": "31", "CVE_MUN": "050", "CVE_LOC": "0001", "CVE_AGEB": "5719", "CVEGEO": "3105000015719", "POBTOT": 2950, "cantidad_parques": 0.0, "parques_por_1000_hab": 0.0 }, "geometry": { "type": "Polygon", "coordinates": [ [ [ -89.705282485299662, 20.997982850970114 ], [ -89.705421025174644, 20.997253251760082 ], [ -89.706859435153959, 20.997492771184142 ], [ -89.707599374711251, 20.997615971152424 ], [ -89.708291974963132, 20.997731291313691 ], [ -89.70965536464081, 20.997958291140115 ], [ -89.709647544581728, 20.998032211567171 ], [ -89.709669524868659, 20.998105601161487 ], [ -89.709712064695765, 20.998172171581611 ], [ -89.709784624267883, 20.998221460933269 ], [ -89.709866174053843, 20.99824078079407 ], [ -89.709509224882055, 21.000108741032669 ], [ -89.709417974868757, 21.000586230687585 ], [ -89.709153604541413, 21.001956250069973 ], [ -89.708888054887652, 21.003325630046159 ], [ -89.708796175004835, 21.003799400105745 ], [ -89.708626924362576, 21.004672279200229 ], [ -89.708451382604196, 21.005577487860858 ], [ -89.708451364806677, 21.005577629390935 ], [ -89.708450488460969, 21.005577657947789 ], [ -89.708449612115345, 21.005577686504672 ], [ -89.708360172461624, 21.005580599604361 ], [ -89.708272464308934, 21.005613289996482 ], [ -89.708206663706378, 21.005664080501177 ], [ -89.708160765151618, 21.005729230648658 ], [ -89.708138315320568, 21.005790369084114 ], [ -89.708137079432944, 21.005790161923628 ], [ -89.708135844507893, 21.00578995484079 ], [ -89.708069755961915, 21.005778877918431 ], [ -89.707015474447076, 21.005602167490348 ], [ -89.707004398026811, 21.005600303076505 ], [ -89.706993322734959, 21.005598436931631 ], [ -89.706802695066614, 21.005566309831291 ], [ -89.706633114639814, 21.0055380297831 ], [ -89.706480205312175, 21.005512629091331 ], [ -89.70624879486526, 21.00547411904116 ], [ -89.706011052084833, 21.005434210727529 ], [ -89.706001095508796, 21.005432539500251 ], [ -89.705812004111777, 21.00540067897008 ], [ -89.705523115623933, 21.005351859315844 ], [ -89.70536602552599, 21.005325309665224 ], [ -89.704147996025682, 21.00512157922061 ], [ -89.703934006032071, 21.005085049707827 ], [ -89.704058995909151, 21.004426829282774 ], [ -89.70414363544468, 21.003980970136357 ], [ -89.704229545918153, 21.003528539812638 ], [ -89.704320195510434, 21.00305114976679 ], [ -89.704411775732794, 21.002568850285922 ], [ -89.704500375924994, 21.002102120480586 ], [ -89.704585576287357, 21.001653460686988 ], [ -89.704670835892344, 21.001204380547826 ], [ -89.704755975670437, 21.000756010248946 ], [ -89.704841006122862, 21.000308150303077 ], [ -89.70493109588061, 20.999833630918854 ], [ -89.70502145527999, 20.99935781123461 ], [ -89.705111485229338, 20.998883571421665 ], [ -89.705197256018764, 20.998431781471499 ], [ -89.705282485299662, 20.997982850970114 ] ] ] } },
{ "type": "Feature", "properties": { "CVE_ENT": "31", "CVE_MUN": "050", "CVE_LOC": "0001", "CVE_AGEB": "3430", "CVEGEO": "3105000013430", "POBTOT": 2021, "cantidad_parques": 0.0, "parques_por_1000_hab": 0.0 }, "geometry": { "type": "Polygon", "coordinates": [ [ [ -89.649037730966398, 20.999935920314574 ], [ -89.650192820828011, 21.000072909770754 ], [ -89.650575511087155, 21.000112739875476 ], [ -89.650646500305925, 20.999542260120364 ], [ -89.650716140825807, 20.999568290738139 ], [ -89.650903810695695, 20.999590830086373 ], [ -89.651163380588244, 20.999620210738239 ], [ -89.651229710708179, 20.99964261070404 ], [ -89.651682740657492, 20.999801199860958 ], [ -89.651726020770795, 20.999815610009779 ], [ -89.651801130218558, 20.999840539849412 ], [ -89.651825189826141, 20.999849880677569 ], [ -89.65182985058631, 20.999851260144801 ], [ -89.652016709901176, 20.999941749780977 ], [ -89.652039100664012, 20.999948980137514 ], [ -89.651937590303334, 21.000196120214415 ], [ -89.651821790514006, 21.000499400408273 ], [ -89.651977180587963, 21.000515490021513 ], [ -89.652320789764772, 21.000551049830253 ], [ -89.652823790221518, 21.000608229811604 ], [ -89.653171939784741, 21.000646049774019 ], [ -89.653304279377821, 21.000660410170294 ], [ -89.653374109649633, 21.000668579970856 ], [ -89.654088300046681, 21.000752080004577 ], [ -89.654578079557496, 21.000809719866716 ], [ -89.654725159667692, 21.000827010069198 ], [ -89.655852449247774, 21.000959690476911 ], [ -89.656149739101295, 21.000992889944683 ], [ -89.657325498773332, 21.001124230258725 ], [ -89.656799679219901, 21.001504249954408 ], [ -89.656764268701409, 21.001529830241793 ], [ -89.655698559342525, 21.002301279919923 ], [ -89.655635279554758, 21.00234716929786 ], [ -89.655128729813512, 21.002714289278185 ], [ -89.655095279416699, 21.002738519148938 ], [ -89.654502779882023, 21.003168319510785 ], [ -89.654463279559266, 21.003162889441573 ], [ -89.654131989206135, 21.003126199610726 ], [ -89.653976709445431, 21.003108739016895 ], [ -89.652699190397072, 21.002965059945907 ], [ -89.652144129629818, 21.002902479677012 ], [ -89.651710760024201, 21.002853649067365 ], [ -89.651435879833357, 21.002822489752475 ], [ -89.651354809968097, 21.002814479037987 ], [ -89.651317220353604, 21.002809279501395 ], [ -89.650855280518883, 21.002753779643317 ], [ -89.650010070617341, 21.002661979230297 ], [ -89.649536581061241, 21.00260865981959 ], [ -89.649323781043663, 21.002586149906499 ], [ -89.649268671186334, 21.002578459532554 ], [ -89.649141980596795, 21.00256488972223 ], [ -89.648264310690863, 21.002472119918291 ], [ -89.648178871420797, 21.002462779764631 ], [ -89.648285640864074, 21.00219080994454 ], [ -89.648363741006875, 21.001985609815613 ], [ -89.648515281477216, 21.001573400263823 ], [ -89.648553480851916, 21.001467919636521 ], [ -89.648609101363945, 21.001314279736082 ], [ -89.648674310756661, 21.001119479490665 ], [ -89.6488191914287, 21.000686739716645 ], [ -89.648860561446369, 21.00065174020002 ], [ -89.648885360692418, 21.000631949974252 ], [ -89.649025881199677, 21.000211720455464 ], [ -89.649028811153045, 21.000171000128358 ], [ -89.649037730966398, 20.999935920314574 ] ] ] } },
{ "type": "Feature", "properties": { "CVE_ENT": "31", "CVE_MUN": "050", "CVE_LOC": "0001", "CVE_AGEB": "4104", "CVEGEO": "3105000014104", "POBTOT": 1673, "cantidad_parques": 0.0, "parques_por_1000_hab": 0.0 }, "geometry": { "type": "Polygon", "coordinates": [ [ [ -89.610573031951716, 20.980051054612854 ], [ -89.61068865183303, 20.980056494487378 ], [ -89.610803771177061, 20.980067615171841 ], [ -89.610845851491391, 20.98007377512689 ], [ -89.610918141776295, 20.980084374623264 ], [ -89.611031421995335, 20.980106745056371 ], [ -89.611143291688251, 20.980134654902415 ], [ -89.611253461276618, 20.980167984993926 ], [ -89.611361621472909, 20.980206724749973 ], [ -89.611467461174882, 20.980250715007248 ], [ -89.611570711344214, 20.980299834628941 ], [ -89.611671081481077, 20.980353974393438 ], [ -89.611768310985894, 20.980412984710881 ], [ -89.611862091712638, 20.980476684805961 ], [ -89.611952230880391, 20.980544915124646 ], [ -89.612038401704865, 20.980617455129646 ], [ -89.612120451193334, 20.980694144860898 ], [ -89.612172321404813, 20.980748014487361 ], [ -89.612221230897205, 20.980797315003379 ], [ -89.612286141693929, 20.980864854854094 ], [ -89.612347000764359, 20.980935284319727 ], [ -89.612403861288129, 20.981008604998497 ], [ -89.612456550873389, 20.981084604354763 ], [ -89.612504941497349, 20.981163114440204 ], [ -89.612548880793355, 20.981243884278999 ], [ -89.61258828134531, 20.981326694585832 ], [ -89.612622991013211, 20.981411344488546 ], [ -89.612652941610762, 20.981497574375222 ], [ -89.612726911363438, 20.981684124892315 ], [ -89.61265099114037, 20.981985514602684 ], [ -89.612642141538771, 20.982022354679447 ], [ -89.612610860989236, 20.982152604550024 ], [ -89.612499511057763, 20.98256463383392 ], [ -89.612345711332864, 20.983165953846822 ], [ -89.612317881122934, 20.983275254397764 ], [ -89.612127281230073, 20.984022924116378 ], [ -89.612027661486735, 20.984430604101924 ], [ -89.61173017105736, 20.985619283199238 ], [ -89.611433370958508, 20.986808863381373 ], [ -89.611461341471582, 20.987146983259251 ], [ -89.611162691533238, 20.987323033351309 ], [ -89.610666551991002, 20.987615482996166 ], [ -89.610437351456525, 20.987750572955601 ], [ -89.610231771979542, 20.987870253139871 ], [ -89.610226721677165, 20.987873652559308 ], [ -89.610110661913964, 20.987940742554922 ], [ -89.609908051897619, 20.988062262992486 ], [ -89.609252062113185, 20.988455692875625 ], [ -89.609209492345499, 20.988481602539466 ], [ -89.609171891486881, 20.98850228305129 ], [ -89.609117292367586, 20.988531552587549 ], [ -89.608259882084454, 20.989038522844471 ], [ -89.608101692765175, 20.989132052164013 ], [ -89.607121742570655, 20.989710212744942 ], [ -89.607094512201343, 20.989723182682216 ], [ -89.607080372642116, 20.989731662584756 ], [ -89.607007602903593, 20.989766121973986 ], [ -89.607140682182461, 20.988775742393695 ], [ -89.607268452280522, 20.987582713207246 ], [ -89.607357222919632, 20.986963033413506 ], [ -89.607422772078309, 20.986411553304119 ], [ -89.607587091997786, 20.985244053681637 ], [ -89.607751742456756, 20.984012973675519 ], [ -89.607928002343655, 20.982695054101473 ], [ -89.607935662372256, 20.982637684183949 ], [ -89.607942142702584, 20.982583664206981 ], [ -89.608183692231947, 20.98010709507739 ], [ -89.609236252194691, 20.980081724539662 ], [ -89.610393921329873, 20.980053834365087 ], [ -89.610457081270695, 20.980051294783596 ], [ -89.610573031951716, 20.980051054612854 ] ] ] } },
{ "type": "Feature", "properties": { "CVE_ENT": "31", "CVE_MUN": "050", "CVE_LOC": "0001", "CVE_AGEB": "5780", "CVEGEO": "3105000015780", "POBTOT": 2022, "cantidad_parques": 0.0, "parques_por_1000_hab": 0.0 }, "geometry": { "type": "Polygon", "coordinates": [ [ [ -89.717288783040772, 20.999247883330543 ], [ -89.715785522782255, 20.998996320834241 ], [ -89.715008722926825, 20.998865080885874 ], [ -89.714353853473767, 20.998754410920203 ], [ -89.712924773746806, 20.998512941010755 ], [ -89.711485484402715, 20.998269741457761 ], [ -89.710133654155371, 20.998041281448174 ], [ -89.71013469452609, 20.997963411176887 ], [ -89.710100514553048, 20.997887911120976 ], [ -89.710046914747437, 20.997829171317775 ], [ -89.709982924334028, 20.997801411659129 ], [ -89.709927944893764, 20.997787891361828 ], [ -89.710112634305176, 20.996829201339263 ], [ -89.71019589441218, 20.996396602159063 ], [ -89.71028549412587, 20.995934231456022 ], [ -89.710329203964932, 20.99570485228142 ], [ -89.71038492475482, 20.995454082169037 ], [ -89.710481994304246, 20.99491177235625 ], [ -89.710639283892135, 20.994095212549819 ], [ -89.710666664277454, 20.9939530825195 ], [ -89.710811834143954, 20.993243252490103 ], [ -89.710867177719081, 20.992931558549532 ], [ -89.711497693137062, 20.993381138497995 ], [ -89.71157905410783, 20.99343824145507 ], [ -89.71230761775135, 20.993992175615741 ], [ -89.713083535390041, 20.994494387574086 ], [ -89.713650571781258, 20.994892251873289 ], [ -89.714922832189885, 20.99571157213914 ], [ -89.715807858389724, 20.996332386001935 ], [ -89.716241962935953, 20.996636891495573 ], [ -89.716705991742728, 20.996963411752084 ], [ -89.717596742476289, 20.997575511679806 ], [ -89.718419176566059, 20.998112645390304 ], [ -89.718818601884536, 20.998388710288637 ], [ -89.718947174745495, 20.998477572074695 ], [ -89.720102678797872, 20.999270440389999 ], [ -89.72031941012709, 20.999419150482137 ], [ -89.720507603581325, 20.999585795479003 ], [ -89.720415651627562, 20.999821890674564 ], [ -89.720215631711881, 20.999711781295783 ], [ -89.719325311582836, 20.999571411265034 ], [ -89.718753561944055, 20.99947865109602 ], [ -89.71821539231162, 20.99939640144904 ], [ -89.717288783040772, 20.999247883330543 ] ] ] } },
{ "type": "Feature", "properties": { "CVE_ENT": "31", "CVE_MUN": "050", "CVE_LOC": "0001", "CVE_AGEB": "2964", "CVEGEO": "3105000012964", "POBTOT": 2056, "cantidad_parques": 0.0, "parques_por_1000_hab": 0.0 }, "geometry": { "type": "Polygon", "coordinates": [ [ [ -89.564287646858403, 20.97705287275032 ], [ -89.56428767057777, 20.97705273171114 ], [ -89.56428777181344, 20.977052119807986 ], [ -89.564287795532806, 20.977051978768813 ], [ -89.564293294012387, 20.977018812915748 ], [ -89.564293316057999, 20.977018669007919 ], [ -89.564295005522624, 20.97700848172942 ], [ -89.564297237350701, 20.976995022059857 ], [ -89.564297258434024, 20.976994878073423 ], [ -89.564297923264519, 20.976990240564572 ], [ -89.564297943385483, 20.976990096499652 ], [ -89.5643709877003, 20.976480258569449 ], [ -89.564371008783382, 20.976480114583097 ], [ -89.564439708056142, 20.976000539808769 ], [ -89.564439739013423, 20.976000393896545 ], [ -89.564443153763861, 20.975976551706328 ], [ -89.564443173884442, 20.975976407641408 ], [ -89.564583597684035, 20.974996287835431 ], [ -89.564583613871349, 20.97499614436023 ], [ -89.564669018482988, 20.974400020210677 ], [ -89.564675158629584, 20.974357163533352 ], [ -89.564675183310413, 20.974357022572928 ], [ -89.564722299460314, 20.974085125268637 ], [ -89.564722133267111, 20.97408499331323 ], [ -89.564672475517611, 20.974045883822125 ], [ -89.564653327507429, 20.974030802549279 ], [ -89.564645968531494, 20.974025006372596 ], [ -89.564645987689204, 20.974024862229314 ], [ -89.56464629639423, 20.97402270000072 ], [ -89.564648480212099, 20.974007474291213 ], [ -89.564648496315641, 20.97400733171991 ], [ -89.564788434740237, 20.973030690660497 ], [ -89.564788453688237, 20.973030538304158 ], [ -89.564797021717965, 20.972970739247614 ], [ -89.564797039829472, 20.972970595929663 ], [ -89.564920782265105, 20.972106957879078 ], [ -89.564920803263334, 20.972106814796888 ], [ -89.564932845813928, 20.972025290377122 ], [ -89.564932862962834, 20.97202514698072 ], [ -89.56507999309963, 20.971028834747461 ], [ -89.565080010164621, 20.971028692254919 ], [ -89.565223685823312, 20.970055751473065 ], [ -89.565223704184902, 20.970055605443864 ], [ -89.565226473186712, 20.970036852266901 ], [ -89.565226493221985, 20.970036709106314 ], [ -89.565246801276203, 20.969899191446672 ], [ -89.565246822524614, 20.969899045653147 ], [ -89.565249154755023, 20.969883252007918 ], [ -89.565249175752569, 20.969883108925949 ], [ -89.565371311074117, 20.969056034141794 ], [ -89.565371328222199, 20.969055890745551 ], [ -89.565458853905966, 20.968463161440738 ], [ -89.565458875781658, 20.968463019341243 ], [ -89.565463401963271, 20.968433815848176 ], [ -89.565463423838935, 20.96843367374867 ], [ -89.565480553342738, 20.968323154835769 ], [ -89.565484457920405, 20.968297975833543 ], [ -89.565484476909219, 20.96829783349839 ], [ -89.565520352562658, 20.968066333894349 ], [ -89.565520374438208, 20.968066191794868 ], [ -89.565523389044841, 20.96804674291046 ], [ -89.5660877835398, 20.968113528004963 ], [ -89.567333782748136, 20.96795234759167 ], [ -89.56738796356106, 20.967943917074525 ], [ -89.568762073150765, 20.967746867880152 ], [ -89.56870967289521, 20.968193516934882 ], [ -89.568679843712474, 20.968464697209477 ], [ -89.568672663338646, 20.968523897260493 ], [ -89.568601832989444, 20.968902177604598 ], [ -89.568557353026222, 20.969139837242579 ], [ -89.568538363242311, 20.969260157197738 ], [ -89.568482213640863, 20.969616456761148 ], [ -89.568456503172754, 20.969779466659745 ], [ -89.568436233594042, 20.970026097291591 ], [ -89.568404673354536, 20.970409887189895 ], [ -89.568401073467456, 20.970453156938518 ], [ -89.568375703725465, 20.970751746609107 ], [ -89.568348213175724, 20.971075416957305 ], [ -89.568343493051145, 20.971103756882123 ], [ -89.568305963010758, 20.971329666443268 ], [ -89.568229133319861, 20.971539456076936 ], [ -89.568154613168289, 20.971742986696945 ], [ -89.56808698384296, 20.972367036122272 ], [ -89.568076933193325, 20.97245992627429 ], [ -89.568074123456014, 20.972485746607468 ], [ -89.567981763765175, 20.972994956048041 ], [ -89.567875803484668, 20.97357774590596 ], [ -89.568196783581612, 20.973499465844665 ], [ -89.568424662957526, 20.974482586154583 ], [ -89.568533242945236, 20.974941805856908 ], [ -89.568672963376699, 20.975430495568698 ], [ -89.568898763256286, 20.976388585765765 ], [ -89.569066663390771, 20.977076895551882 ], [ -89.568968013261966, 20.977046384741541 ], [ -89.56794215296074, 20.976720745057584 ], [ -89.56774356298294, 20.976695374983375 ], [ -89.567050813511869, 20.976855185021247 ], [ -89.565881003516907, 20.977181784899415 ], [ -89.565574103675985, 20.97727835485103 ], [ -89.564287646858403, 20.97705287275032 ] ] ] } },
{ "type": "Feature", "properties": { "CVE_ENT": "31", "CVE_MUN": "050", "CVE_LOC": "0001", "CVE_AGEB": "4142", "CVEGEO": "3105000014142", "POBTOT": 1609, "cantidad_parques": 0.0, "parques_por_1000_hab": 0.0 }, "geometry": { "type": "Polygon", "coordinates": [ [ [ -89.572528461872551, 20.967200177793934 ], [ -89.572554431894631, 20.967341817570748 ], [ -89.572604781798262, 20.967616587474463 ], [ -89.572662262550139, 20.967924457167516 ], [ -89.572680351847751, 20.968018057596435 ], [ -89.57272424258548, 20.96824954762511 ], [ -89.572736231769781, 20.968312807001265 ], [ -89.572747072167857, 20.968379577052023 ], [ -89.572749492449915, 20.968392667695099 ], [ -89.572790522073433, 20.968614987050898 ], [ -89.572798092028918, 20.968661557670423 ], [ -89.572858242370103, 20.968982117688668 ], [ -89.572867012508283, 20.969040127638642 ], [ -89.572884042161178, 20.969127146779318 ], [ -89.572908892054883, 20.969267267302499 ], [ -89.572913611866269, 20.969310637534626 ], [ -89.572918932426816, 20.969359547173699 ], [ -89.572923931960617, 20.969409296662516 ], [ -89.572936812300568, 20.969529356739795 ], [ -89.572917262495494, 20.969739527446489 ], [ -89.572912871939707, 20.969786686755228 ], [ -89.572907002468511, 20.969825116895422 ], [ -89.572905181919808, 20.969857266876218 ], [ -89.572889761742971, 20.970130387277205 ], [ -89.572883602061523, 20.970217956864918 ], [ -89.572922891946718, 20.970462807253401 ], [ -89.572946932112245, 20.97060758724248 ], [ -89.572974092592688, 20.970771036365207 ], [ -89.573020901763542, 20.971042547105338 ], [ -89.573030131857578, 20.971096036758059 ], [ -89.572780461692162, 20.971214726816729 ], [ -89.57229640185291, 20.97125558619252 ], [ -89.572216872164361, 20.971255867016232 ], [ -89.571545032032063, 20.971277976400565 ], [ -89.571290362425586, 20.971286356177007 ], [ -89.570818842568968, 20.971264956556777 ], [ -89.570743242376736, 20.970815896877241 ], [ -89.570685242485794, 20.970471347181025 ], [ -89.570626212511712, 20.970120746777571 ], [ -89.570572733052245, 20.969708887219635 ], [ -89.570624162956875, 20.969584317009559 ], [ -89.5707330624696, 20.969298986965423 ], [ -89.570801832959177, 20.969085086812324 ], [ -89.570791702619985, 20.969004056992866 ], [ -89.570764812849504, 20.96877426757284 ], [ -89.570723563168727, 20.968431086995871 ], [ -89.570698473052815, 20.968229347243138 ], [ -89.570692672841446, 20.968181617731023 ], [ -89.570660403161938, 20.967916497268458 ], [ -89.570600073026682, 20.967511867196961 ], [ -89.571354072881832, 20.967377917723002 ], [ -89.571373332649429, 20.96737505805104 ], [ -89.572133162172051, 20.967262097807055 ], [ -89.572465182000599, 20.967210607837675 ], [ -89.572528461872551, 20.967200177793934 ] ] ] } },
{ "type": "Feature", "properties": { "CVE_ENT": "31", "CVE_MUN": "050", "CVE_LOC": "0001", "CVE_AGEB": "5649", "CVEGEO": "3105000015649", "POBTOT": 2837, "cantidad_parques": 0.0, "parques_por_1000_hab": 0.0 }, "geometry": { "type": "Polygon", "coordinates": [ [ [ -89.671290442667242, 20.975848090779145 ], [ -89.672474632601521, 20.976050633795193 ], [ -89.673928254183949, 20.976300063588791 ], [ -89.673977204799314, 20.976294956755716 ], [ -89.675534833713087, 20.976526575928343 ], [ -89.675543813853722, 20.976527916251083 ], [ -89.675502523809158, 20.976827086189619 ], [ -89.675491243625871, 20.976892385929105 ], [ -89.675479414311354, 20.976957636688841 ], [ -89.675472573902439, 20.976996296008124 ], [ -89.675400953785413, 20.977401216465079 ], [ -89.675373294391207, 20.977557586273207 ], [ -89.675334554436105, 20.977794655913144 ], [ -89.675325044114757, 20.977851175801295 ], [ -89.675316014374104, 20.977905056463644 ], [ -89.675252033652271, 20.978301655779173 ], [ -89.675232214276889, 20.978416066096948 ], [ -89.675184953824228, 20.978705115430692 ], [ -89.675173534203068, 20.978767376181604 ], [ -89.675162733913254, 20.978830865378491 ], [ -89.675112044402567, 20.979141545794473 ], [ -89.675098814363352, 20.979214695806302 ], [ -89.675090904444005, 20.979261556142468 ], [ -89.675035613738714, 20.979586065384851 ], [ -89.675022903710357, 20.979653925849139 ], [ -89.675020414577688, 20.979668325233011 ], [ -89.675009834269872, 20.979729065822273 ], [ -89.674954774567425, 20.980046665905082 ], [ -89.674942464249227, 20.980121435687824 ], [ -89.674879694109976, 20.980497605566377 ], [ -89.674855933902137, 20.980631685181105 ], [ -89.674852934473421, 20.980656985228475 ], [ -89.674826354082754, 20.980826005516569 ], [ -89.674763434186232, 20.981227055111269 ], [ -89.674748601217033, 20.981318605630943 ], [ -89.674740634065856, 20.981365125385562 ], [ -89.674681264311133, 20.981747085394254 ], [ -89.674618954101859, 20.982122294864162 ], [ -89.674607724365785, 20.982196865339368 ], [ -89.673043214608214, 20.98196955510226 ], [ -89.673079204889049, 20.981754714613142 ], [ -89.671745095264214, 20.981574354996454 ], [ -89.670434875479003, 20.981407925402433 ], [ -89.670470360709956, 20.980487135998477 ], [ -89.670499895761012, 20.980213775460918 ], [ -89.670535405727904, 20.980010665456692 ], [ -89.670628435725405, 20.979511955483723 ], [ -89.670710495229756, 20.979070485973956 ], [ -89.670791605343211, 20.97862477550413 ], [ -89.670876695635272, 20.97813800623252 ], [ -89.67095493561672, 20.977719865712455 ], [ -89.671029865058898, 20.977319635955155 ], [ -89.671157904827666, 20.976665856332122 ], [ -89.671221505255247, 20.976227666140932 ], [ -89.671290442667242, 20.975848090779145 ] ] ] } },
{ "type": "Feature", "properties": { "CVE_ENT": "31", "CVE_MUN": "050", "CVE_LOC": "0001", "CVE_AGEB": "4123", "CVEGEO": "3105000014123", "POBTOT": 2368, "cantidad_parques": 0.0, "parques_por_1000_hab": 0.0 }, "geometry": { "type": "Polygon", "coordinates": [ [ [ -89.635951184958273, 20.943246784487904 ], [ -89.637388045183258, 20.943370193901057 ], [ -89.63847368406131, 20.943463444538693 ], [ -89.63878270449932, 20.943489983876685 ], [ -89.639557784230135, 20.943553904377104 ], [ -89.640406104124025, 20.943623874234625 ], [ -89.640585413847774, 20.943637734562266 ], [ -89.640798013911166, 20.943657153882658 ], [ -89.640770534025194, 20.943696864643425 ], [ -89.640145334481389, 20.944600274314347 ], [ -89.640120483663154, 20.944636194428021 ], [ -89.639690083740717, 20.945258133704492 ], [ -89.639494013853167, 20.945557323942126 ], [ -89.639376333818149, 20.945736904140318 ], [ -89.639242994054698, 20.945940383532196 ], [ -89.639164301340401, 20.946060449638757 ], [ -89.638390734077277, 20.947240872919366 ], [ -89.638139334959973, 20.947619692891916 ], [ -89.63785687503055, 20.948045302998175 ], [ -89.636981654792436, 20.949356862802695 ], [ -89.635823315349569, 20.948300813062598 ], [ -89.635598045507876, 20.948169093166968 ], [ -89.634906455756933, 20.94783970335957 ], [ -89.634048545592862, 20.947408643095397 ], [ -89.633839845399166, 20.94730376312226 ], [ -89.633157075618826, 20.946953383777988 ], [ -89.632691685885661, 20.946714553462815 ], [ -89.632016416457063, 20.946376753285271 ], [ -89.631703426461897, 20.946211443449215 ], [ -89.631666936715604, 20.946192413926823 ], [ -89.632110386544682, 20.945956123356822 ], [ -89.633226815990696, 20.94535444413491 ], [ -89.633437596308852, 20.945240864229135 ], [ -89.63347605603974, 20.94521976399886 ], [ -89.634168856138487, 20.944836263874802 ], [ -89.634251935859936, 20.944790264275468 ], [ -89.634856625262302, 20.94445635377739 ], [ -89.635203515028266, 20.94426450359823 ], [ -89.635456715013504, 20.944097333652753 ], [ -89.635603075762418, 20.943969584102724 ], [ -89.635864335366534, 20.943427123887783 ], [ -89.635872985310073, 20.943409184085635 ], [ -89.635951184958273, 20.943246784487904 ] ] ] } },
{ "type": "Feature", "properties": { "CVE_ENT": "31", "CVE_MUN": "050", "CVE_LOC": "0001", "CVE_AGEB": "2786", "CVEGEO": "3105000012786", "POBTOT": 3432, "cantidad_parques": 0.0, "parques_por_1000_hab": 0.0 }, "geometry": { "type": "Polygon", "coordinates": [ [ [ -89.576789201313673, 20.956038410883437 ], [ -89.576864731076725, 20.955590590289649 ], [ -89.576939980716446, 20.955144420762025 ], [ -89.577000901490948, 20.954783121014767 ], [ -89.578020121052901, 20.954735701312487 ], [ -89.578488631208927, 20.954718220513236 ], [ -89.57890933021578, 20.954702530476034 ], [ -89.579140100965063, 20.954693930914829 ], [ -89.580039259920028, 20.95465769110567 ], [ -89.580825300206143, 20.954624661241699 ], [ -89.581648799416627, 20.954590641220268 ], [ -89.581887460117443, 20.954580841371993 ], [ -89.582168009467864, 20.954569320559131 ], [ -89.582655409792252, 20.954549301258524 ], [ -89.582665669102127, 20.95473595120443 ], [ -89.582676359465978, 20.955031131115035 ], [ -89.582681269762887, 20.955167060733167 ], [ -89.582696009277242, 20.955481811071646 ], [ -89.58270305958554, 20.955618890513591 ], [ -89.582724149159517, 20.956056550973599 ], [ -89.582731759303186, 20.956252390288704 ], [ -89.582689919583345, 20.956243860236881 ], [ -89.582690929187805, 20.956281730902067 ], [ -89.582696299274943, 20.956426670754229 ], [ -89.582706499291675, 20.956703490526628 ], [ -89.582717629226167, 20.95707999042283 ], [ -89.58272069927348, 20.957305239815007 ], [ -89.582724200047778, 20.95756044015911 ], [ -89.582733229178686, 20.957959949607833 ], [ -89.582738099538687, 20.958175389754651 ], [ -89.582728329851435, 20.958286689878165 ], [ -89.58268909995806, 20.95881793019187 ], [ -89.582644120027382, 20.959404039509991 ], [ -89.58260965910597, 20.959883579733834 ], [ -89.582530949736011, 20.959887410042068 ], [ -89.582400659858791, 20.959893749996205 ], [ -89.58231514999153, 20.959897439170437 ], [ -89.582271179776157, 20.959899299851621 ], [ -89.581879519406087, 20.959915869250768 ], [ -89.58145649016906, 20.959934779201415 ], [ -89.581371380378513, 20.959938019648057 ], [ -89.581087199684575, 20.959951039660861 ], [ -89.580844890343954, 20.959958159284326 ], [ -89.580604840425991, 20.959965209606171 ], [ -89.580580919697596, 20.959966349769381 ], [ -89.579930439892976, 20.959997189478653 ], [ -89.5798077799884, 20.960003009312956 ], [ -89.579692550126097, 20.959248069867353 ], [ -89.579619550600626, 20.958820960276512 ], [ -89.578657150237859, 20.958719179567613 ], [ -89.577971890417757, 20.958503809669583 ], [ -89.577664861260573, 20.958396780228199 ], [ -89.577428100579382, 20.958310319875046 ], [ -89.576459040914159, 20.957964499925815 ], [ -89.576557871057162, 20.957389089804003 ], [ -89.576635301351658, 20.956938240183892 ], [ -89.576712200856676, 20.956490620293479 ], [ -89.576753781375231, 20.95624830039521 ], [ -89.576789201313673, 20.956038410883437 ] ] ] } },
{ "type": "Feature", "properties": { "CVE_ENT": "31", "CVE_MUN": "050", "CVE_LOC": "0001", "CVE_AGEB": "3178", "CVEGEO": "3105000013178", "POBTOT": 1742, "cantidad_parques": 0.0, "parques_por_1000_hab": 0.0 }, "geometry": { "type": "Polygon", "coordinates": [ [ [ -89.602562774573371, 20.944735023751488 ], [ -89.602163974380005, 20.944438353286479 ], [ -89.602150514650745, 20.944426323559135 ], [ -89.602112494371994, 20.944395903864795 ], [ -89.601797024305753, 20.944153963841547 ], [ -89.601659424956608, 20.944046923699986 ], [ -89.601511994560155, 20.943932224145449 ], [ -89.601369144917001, 20.94382109370385 ], [ -89.601223954654174, 20.943708133412731 ], [ -89.601090884812521, 20.943604594071594 ], [ -89.601469854335818, 20.943162904088148 ], [ -89.601843234316974, 20.942727693803249 ], [ -89.601898294756509, 20.9427685944347 ], [ -89.602257004885459, 20.942275444058289 ], [ -89.602190264713343, 20.942231414469187 ], [ -89.60250239438966, 20.941848824156235 ], [ -89.602810914398162, 20.9414953948435 ], [ -89.602929374272534, 20.941359674425986 ], [ -89.603125753728818, 20.941143794501656 ], [ -89.603139224298531, 20.9411267941334 ], [ -89.603410224094517, 20.940772385002155 ], [ -89.603722523727228, 20.94041838432576 ], [ -89.604200193417242, 20.939868305013672 ], [ -89.60476663361365, 20.939850155194353 ], [ -89.605377403911405, 20.939833304773749 ], [ -89.605542923446322, 20.939828735237601 ], [ -89.605639833560687, 20.939826064959661 ], [ -89.605685173623286, 20.940290725078455 ], [ -89.605735603848473, 20.940807584288848 ], [ -89.605743863381207, 20.940961824903066 ], [ -89.60577737301324, 20.941824324144992 ], [ -89.605782973867974, 20.941968504567786 ], [ -89.60579068365972, 20.942167294057192 ], [ -89.605791923539869, 20.942189933951557 ], [ -89.605809882968146, 20.942661384178596 ], [ -89.605815863852001, 20.942815823795613 ], [ -89.605829593739188, 20.943168723848981 ], [ -89.605857883789696, 20.943897193597216 ], [ -89.605790293123931, 20.943973784125689 ], [ -89.605517993883936, 20.944286074171661 ], [ -89.605455263563698, 20.944353473968832 ], [ -89.605149453634766, 20.944700063342164 ], [ -89.605019263501148, 20.944860593768265 ], [ -89.604889063480968, 20.945021133337928 ], [ -89.604823433532317, 20.944989153775786 ], [ -89.60468343395469, 20.945157553888105 ], [ -89.604254974081172, 20.945696073505651 ], [ -89.604067453982424, 20.946041873031835 ], [ -89.603356084034942, 20.945880423611133 ], [ -89.603558954405401, 20.945475933827602 ], [ -89.603332824068914, 20.945307753878147 ], [ -89.602943464412007, 20.945018163866767 ], [ -89.602562774573371, 20.944735023751488 ] ] ] } },
{ "type": "Feature", "properties": { "CVE_ENT": "31", "CVE_MUN": "050", "CVE_LOC": "0001", "CVE_AGEB": "1218", "CVEGEO": "3105000011218", "POBTOT": 2200, "cantidad_parques": 0.0, "parques_por_1000_hab": 0.0 }, "geometry": { "type": "Polygon", "coordinates": [ [ [ -89.58020231987058, 20.966511217759177 ], [ -89.580186070330271, 20.966081018421253 ], [ -89.580161780572354, 20.965631718198122 ], [ -89.58014340052361, 20.965237558548775 ], [ -89.580142029998115, 20.965208288457482 ], [ -89.580139520088466, 20.9651266983578 ], [ -89.580131180484329, 20.964856358182615 ], [ -89.5801229197059, 20.964609658756952 ], [ -89.580121380380874, 20.964563858329235 ], [ -89.580115070328389, 20.964375218482246 ], [ -89.580113550412094, 20.964329638201352 ], [ -89.580104890707588, 20.964200868223539 ], [ -89.580154070027049, 20.964196318373517 ], [ -89.58044780050696, 20.964208918925724 ], [ -89.581060319813645, 20.96429854877892 ], [ -89.581232609769103, 20.9643140585803 ], [ -89.581564179666685, 20.96434952810468 ], [ -89.581704349354041, 20.964364548448486 ], [ -89.582549089926403, 20.964465748852046 ], [ -89.582642149375104, 20.964479748681047 ], [ -89.582952839205561, 20.964515838629787 ], [ -89.58363660938204, 20.964612298470161 ], [ -89.583661119457588, 20.965269618540503 ], [ -89.583687528885491, 20.965747748280656 ], [ -89.58370035898362, 20.966207057995486 ], [ -89.583708959013464, 20.966606718350274 ], [ -89.58372755963083, 20.966658297987539 ], [ -89.582766759794467, 20.966656437646289 ], [ -89.582783329761398, 20.966898718234845 ], [ -89.582792119224024, 20.967113657710264 ], [ -89.582811829170581, 20.967597717907896 ], [ -89.582865519814831, 20.968812287808888 ], [ -89.582886259591319, 20.9694977871712 ], [ -89.582880209622587, 20.969888716775266 ], [ -89.582883059192142, 20.970423837183102 ], [ -89.582880609037574, 20.970653727240133 ], [ -89.582882669084071, 20.970879947155499 ], [ -89.582900869153534, 20.971331097087877 ], [ -89.582932239707745, 20.971776216773804 ], [ -89.582953979024538, 20.972222036696763 ], [ -89.582958919312716, 20.972320406404393 ], [ -89.582979148823881, 20.972744186529276 ], [ -89.582878529409598, 20.972762746345062 ], [ -89.582438839152715, 20.97285791616309 ], [ -89.58246575975231, 20.973819605812182 ], [ -89.582486609558487, 20.974841555909833 ], [ -89.58199220999515, 20.974956415802865 ], [ -89.581646489426731, 20.975027235335769 ], [ -89.581620209430355, 20.975033406189912 ], [ -89.580798099600074, 20.975226375948072 ], [ -89.580769889615908, 20.975143835540642 ], [ -89.580703320130979, 20.974949035487938 ], [ -89.580671210086905, 20.974855066080355 ], [ -89.580572839985038, 20.974574345653554 ], [ -89.580554129973109, 20.974359886271916 ], [ -89.580552209821889, 20.974337756335885 ], [ -89.580549600037429, 20.974262465803037 ], [ -89.580537029479643, 20.973900066374799 ], [ -89.580517700005217, 20.973437236343901 ], [ -89.580499329804724, 20.973001436598974 ], [ -89.580481720456959, 20.972583316660526 ], [ -89.580489530125334, 20.972515176653957 ], [ -89.580496489817762, 20.972451176422059 ], [ -89.580494149779824, 20.972377416025491 ], [ -89.580452100404898, 20.972294776259691 ], [ -89.580314100557246, 20.972181976083917 ], [ -89.580109439785573, 20.972014716581374 ], [ -89.580007609968305, 20.971927986209497 ], [ -89.579959040068118, 20.971862786503188 ], [ -89.579948780115316, 20.971820156910709 ], [ -89.57992573014927, 20.971633406772067 ], [ -89.579921240015494, 20.97159695659985 ], [ -89.579917750154905, 20.97156857631192 ], [ -89.579915979672933, 20.971524856809037 ], [ -89.579899920388968, 20.971128946966658 ], [ -89.579884030285527, 20.970727746414941 ], [ -89.579883030543186, 20.970697947304881 ], [ -89.579869130095815, 20.970288176777171 ], [ -89.57986630050965, 20.970204496771192 ], [ -89.579862410641596, 20.970134406606729 ], [ -89.579839980105987, 20.969730206895541 ], [ -89.57981840977989, 20.969341667008084 ], [ -89.579816660520294, 20.969310127547203 ], [ -89.579813640344824, 20.969255887338885 ], [ -89.579801290393519, 20.969033217496929 ], [ -89.579851240335174, 20.968968857287365 ], [ -89.579990900032271, 20.96884674751746 ], [ -89.580125430010071, 20.968727717203095 ], [ -89.580228930239514, 20.968634356963509 ], [ -89.580264399973885, 20.968579497042267 ], [ -89.580287040077863, 20.968488097122442 ], [ -89.580284519864037, 20.968393787757343 ], [ -89.580283400152339, 20.968351817067962 ], [ -89.580281699819366, 20.968312687645117 ], [ -89.580263860267763, 20.967901237969002 ], [ -89.580244949837891, 20.967464577824771 ], [ -89.580228799881468, 20.967091348036394 ], [ -89.580224409861344, 20.966990237566716 ], [ -89.580220640252364, 20.966908607495562 ], [ -89.58020231987058, 20.966511217759177 ] ] ] } },
{ "type": "Feature", "properties": { "CVE_ENT": "31", "CVE_MUN": "050", "CVE_LOC": "0001", "CVE_AGEB": "2644", "CVEGEO": "3105000012644", "POBTOT": 2153, "cantidad_parques": 0.0, "parques_por_1000_hab": 0.0 }, "geometry": { "type": "Polygon", "coordinates": [ [ [ -89.643975762416687, 20.971044357719659 ], [ -89.643980592457808, 20.970997386985413 ], [ -89.644103222608848, 20.969808417460914 ], [ -89.644699312125326, 20.969816867310101 ], [ -89.645615272273858, 20.969829817309552 ], [ -89.645651502654573, 20.969830328216979 ], [ -89.646494822076761, 20.969842417720461 ], [ -89.646933871773257, 20.969848727324212 ], [ -89.64699654217867, 20.969848527417575 ], [ -89.647859621753582, 20.969853097498945 ], [ -89.647911081937707, 20.969881497764902 ], [ -89.648396471513593, 20.969899407883538 ], [ -89.648605501918937, 20.969904817970111 ], [ -89.64882941173957, 20.969917207663702 ], [ -89.649632341287443, 20.969957757999985 ], [ -89.649689071194075, 20.969961157627711 ], [ -89.650385580848933, 20.969988007505577 ], [ -89.650502240650411, 20.969997437790337 ], [ -89.651032581209677, 20.970012547697731 ], [ -89.651205730499214, 20.970018857948396 ], [ -89.651358640387897, 20.969819747512272 ], [ -89.651552650541248, 20.969604978023771 ], [ -89.651602530414124, 20.969545807442703 ], [ -89.652028160130556, 20.969000817821453 ], [ -89.652917730274794, 20.969579918216564 ], [ -89.652943590002593, 20.969596758291786 ], [ -89.65383121044259, 20.97016386778035 ], [ -89.654699110171222, 20.970718387652525 ], [ -89.654748329886914, 20.970749157275495 ], [ -89.655655559255564, 20.971319257001593 ], [ -89.656534209152696, 20.97190949719398 ], [ -89.656500179211406, 20.971954317556754 ], [ -89.656471188828519, 20.971992457134039 ], [ -89.656110158999113, 20.971923717329457 ], [ -89.656066269438128, 20.972225056920113 ], [ -89.655998179154665, 20.972691187166451 ], [ -89.655961738948037, 20.972940897438168 ], [ -89.655220619950455, 20.972880147104576 ], [ -89.654906080162377, 20.972854357236365 ], [ -89.654556559807403, 20.972825717002994 ], [ -89.654538510182903, 20.972824216761406 ], [ -89.653832670358298, 20.972766377218029 ], [ -89.653688500106213, 20.972754556820465 ], [ -89.652794789952182, 20.972681296908398 ], [ -89.652063940020582, 20.972621377110638 ], [ -89.651915760111848, 20.972609217221152 ], [ -89.651459280872828, 20.972571806992082 ], [ -89.651204160959438, 20.972550897552921 ], [ -89.651032220815068, 20.972536806875397 ], [ -89.650305280483295, 20.972477207338034 ], [ -89.650123761253198, 20.972462317121206 ], [ -89.649420580822962, 20.972404657028719 ], [ -89.6488847015478, 20.972360727203757 ], [ -89.648567421682102, 20.972335037016265 ], [ -89.648048561787377, 20.972293017010767 ], [ -89.647883681955093, 20.972279687415401 ], [ -89.647669811900045, 20.97226234745925 ], [ -89.646882671584578, 20.972198617132516 ], [ -89.646787131899089, 20.972190887042956 ], [ -89.645881672471404, 20.972117557498319 ], [ -89.645867111938813, 20.97211637745173 ], [ -89.645415612302827, 20.972079807177671 ], [ -89.64501145200795, 20.972047087205734 ], [ -89.644880672056544, 20.972036497477507 ], [ -89.643879652755103, 20.971955417431026 ], [ -89.643975762416687, 20.971044357719659 ] ] ] } },
{ "type": "Feature", "properties": { "CVE_ENT": "31", "CVE_MUN": "050", "CVE_LOC": "0001", "CVE_AGEB": "6505", "CVEGEO": "3105000016505", "POBTOT": 2179, "cantidad_parques": 0.0, "parques_por_1000_hab": 0.0 }, "geometry": { "type": "Polygon", "coordinates": [ [ [ -89.618362248929728, 21.046723198613797 ], [ -89.617325818165369, 21.046159478964324 ], [ -89.616872168255384, 21.045913899331467 ], [ -89.616641519640751, 21.045789038824719 ], [ -89.614992229347862, 21.044912568641678 ], [ -89.614098849529952, 21.044439588873907 ], [ -89.612970429965856, 21.043822680134546 ], [ -89.612879089098257, 21.043774269222595 ], [ -89.61241634259234, 21.043513678307534 ], [ -89.611659350516533, 21.043108939088022 ], [ -89.610602230041138, 21.042545678828468 ], [ -89.610085340664213, 21.042285069814632 ], [ -89.609599220415618, 21.042059339233102 ], [ -89.609240861018947, 21.041902279212763 ], [ -89.609107080415001, 21.041848529988624 ], [ -89.608899431393127, 21.041766189227317 ], [ -89.608488791828037, 21.041616189766835 ], [ -89.608316281126463, 21.04155316974078 ], [ -89.608257251009931, 21.041531620273666 ], [ -89.607697821726219, 21.041327269930239 ], [ -89.607349831999201, 21.041202359712553 ], [ -89.607308050666759, 21.041187359779755 ], [ -89.607268021274663, 21.041172990436799 ], [ -89.606754142413621, 21.040988509093289 ], [ -89.606518484657258, 21.040903918923316 ], [ -89.605810461495963, 21.040649769303808 ], [ -89.60492586261401, 21.040330390970922 ], [ -89.604289422291131, 21.040103760822824 ], [ -89.603923121941875, 21.039972269466521 ], [ -89.60325445264327, 21.03973260026326 ], [ -89.603193052945088, 21.039709329652723 ], [ -89.602984371831639, 21.03963579932886 ], [ -89.602045602651387, 21.03929937073848 ], [ -89.602041052348426, 21.039297740137823 ], [ -89.601973113645002, 21.039273390590566 ], [ -89.60196442302734, 21.039270280219778 ], [ -89.60199125341201, 21.039195879663065 ], [ -89.602042483131981, 21.039041940279894 ], [ -89.602060953283811, 21.038987930149023 ], [ -89.602083223191556, 21.038922790004264 ], [ -89.602089773043033, 21.038886050233796 ], [ -89.60212019326174, 21.038715559954188 ], [ -89.602130113091178, 21.038657970039012 ], [ -89.60214415324846, 21.038580869631154 ], [ -89.602205553128059, 21.038236420327618 ], [ -89.602236173521035, 21.038107590342843 ], [ -89.602293803575037, 21.037865600084714 ], [ -89.602333893189382, 21.037695050567326 ], [ -89.602450823503759, 21.037204420546363 ], [ -89.602701293540761, 21.03612004095163 ], [ -89.602718373253808, 21.036046480992901 ], [ -89.602738552902679, 21.035963370607256 ], [ -89.603489023116026, 21.036107670804036 ], [ -89.604718112797713, 21.036363370777423 ], [ -89.605589372044662, 21.036540470382672 ], [ -89.605841772425549, 21.03658776014079 ], [ -89.606850262475788, 21.036788370138339 ], [ -89.607874991893411, 21.036991800144495 ], [ -89.608014791965132, 21.035819850935159 ], [ -89.608662971807149, 21.035964540338984 ], [ -89.608677851171663, 21.035967880372116 ], [ -89.608717691326063, 21.035974791010151 ], [ -89.609718031615472, 21.035875191243932 ], [ -89.609735631019532, 21.036363590685447 ], [ -89.610806710630044, 21.036449130662344 ], [ -89.611905290611446, 21.036536850411963 ], [ -89.613045740546994, 21.036627931065112 ], [ -89.614182230142674, 21.036718670258697 ], [ -89.615284769282368, 21.03680667077143 ], [ -89.616236339250861, 21.036878200861505 ], [ -89.616422079185057, 21.03689745062858 ], [ -89.617183399242023, 21.036958220281171 ], [ -89.617432089432313, 21.036978080836228 ], [ -89.617491119094197, 21.036981360304235 ], [ -89.617932628635572, 21.037008370496721 ], [ -89.618627588679061, 21.037050440278172 ], [ -89.619678048412396, 21.036956931033011 ], [ -89.619683718077084, 21.037012190778274 ], [ -89.619707818154666, 21.037198730389832 ], [ -89.620897547767456, 21.037315530423964 ], [ -89.622011048305126, 21.037399560110039 ], [ -89.622052547534366, 21.037403170520779 ], [ -89.623025687508473, 21.037477440681776 ], [ -89.623359057886205, 21.03750262021174 ], [ -89.624270676930863, 21.037569850277723 ], [ -89.624279227063838, 21.037623240900899 ], [ -89.6243003374003, 21.037754940613926 ], [ -89.624319986846459, 21.037877650797125 ], [ -89.624365077303736, 21.038155070029116 ], [ -89.624426227490488, 21.038531449857516 ], [ -89.624426997294293, 21.038536170482296 ], [ -89.624442367485372, 21.038630790331766 ], [ -89.624444997435091, 21.038646989921141 ], [ -89.624488147051096, 21.038912590383777 ], [ -89.624494367302233, 21.038950790245423 ], [ -89.624549187636603, 21.039285240363853 ], [ -89.624588227445031, 21.039523450004879 ], [ -89.624598627047703, 21.039586869870313 ], [ -89.624606506995562, 21.039640420105926 ], [ -89.624613447194804, 21.039677239572832 ], [ -89.624674627199596, 21.040050500174949 ], [ -89.624700256955066, 21.040190419757486 ], [ -89.624713077536327, 21.040260359978436 ], [ -89.623904797639028, 21.040196139919029 ], [ -89.623158547665923, 21.040139839490362 ], [ -89.623048447148136, 21.040129739709414 ], [ -89.622514418058046, 21.040080869958004 ], [ -89.622518417315945, 21.0407778999929 ], [ -89.622521387384538, 21.040928160012275 ], [ -89.622496387894572, 21.041880299473611 ], [ -89.622480707804101, 21.042765268890484 ], [ -89.622447547414581, 21.043646329237944 ], [ -89.622446478131963, 21.043737139186963 ], [ -89.622440747870385, 21.044754668724224 ], [ -89.622420991215122, 21.045993031890017 ], [ -89.622412247613482, 21.046900198496481 ], [ -89.622406546299302, 21.047222207939065 ], [ -89.620651417709638, 21.047223478202117 ], [ -89.620640218245626, 21.047410357688438 ], [ -89.620634818273331, 21.047510218047336 ], [ -89.620430588184604, 21.047823217951187 ], [ -89.620373747885765, 21.0477935677687 ], [ -89.620330057319862, 21.047770788639838 ], [ -89.619932388026982, 21.047563357712015 ], [ -89.619896748167122, 21.047543959046941 ], [ -89.619794028734574, 21.047487998429084 ], [ -89.618849217704451, 21.046973439340999 ], [ -89.618362248929728, 21.046723198613797 ] ] ] } },
{ "type": "Feature", "properties": { "CVE_ENT": "31", "CVE_MUN": "050", "CVE_LOC": "0001", "CVE_AGEB": "0525", "CVEGEO": "3105000010525", "POBTOT": 1586, "cantidad_parques": 0.0, "parques_por_1000_hab": 0.0 }, "geometry": { "type": "Polygon", "coordinates": [ [ [ -89.610063031858033, 20.966750817797582 ], [ -89.609680681713044, 20.966712068011301 ], [ -89.60985329213004, 20.965992157944633 ], [ -89.60995200242904, 20.965961058431141 ], [ -89.610020312261341, 20.965939858765228 ], [ -89.61008172236734, 20.96589255796281 ], [ -89.610153911709631, 20.96572221851175 ], [ -89.61025666238686, 20.965458728679646 ], [ -89.610314892170024, 20.965270988738091 ], [ -89.610396221583372, 20.965008838941912 ], [ -89.610570541642772, 20.964466988351131 ], [ -89.610711172031174, 20.963951008830644 ], [ -89.611149321775073, 20.962485019670304 ], [ -89.611305431583943, 20.961964159308842 ], [ -89.611392091366497, 20.961689209146591 ], [ -89.611645551271735, 20.960864259284467 ], [ -89.611774941850683, 20.960402530063483 ], [ -89.612096971715431, 20.959316750393189 ], [ -89.612174881361838, 20.958993469858608 ], [ -89.612258651609892, 20.958592790328968 ], [ -89.612336261929585, 20.958229040630076 ], [ -89.612371801542722, 20.958062460229382 ], [ -89.612592991097571, 20.957138180413473 ], [ -89.613772480828899, 20.957492220073547 ], [ -89.614899460886775, 20.957803090658221 ], [ -89.615022000796031, 20.95783689035094 ], [ -89.616032050102845, 20.958113410599484 ], [ -89.6172186801587, 20.958438300004687 ], [ -89.618450769356741, 20.958775610184691 ], [ -89.618295339611265, 20.959531889807366 ], [ -89.618222119427514, 20.959860209711664 ], [ -89.618215820099067, 20.959892519548411 ], [ -89.617971789438997, 20.960909099931786 ], [ -89.61793526035558, 20.96103346961749 ], [ -89.61783015014943, 20.961472059408454 ], [ -89.617803599581819, 20.961519959382752 ], [ -89.617777790176419, 20.961550419951319 ], [ -89.61764206002492, 20.962025519341495 ], [ -89.617585630286584, 20.962112439534316 ], [ -89.617385109867612, 20.963001549010144 ], [ -89.617160969938581, 20.963912059155348 ], [ -89.617002400193826, 20.964561388345125 ], [ -89.616876049741947, 20.965180928604678 ], [ -89.616528110024305, 20.966426148396593 ], [ -89.616247230636759, 20.967637857767755 ], [ -89.61499814109645, 20.967447468364025 ], [ -89.614968890285525, 20.967441488310794 ], [ -89.614829680583583, 20.967420268186313 ], [ -89.613831261323924, 20.967273298283491 ], [ -89.613274491285338, 20.967190388057457 ], [ -89.612382991723265, 20.967069057906478 ], [ -89.612019511819909, 20.967018018010453 ], [ -89.610949851494084, 20.966850517671901 ], [ -89.61048725146334, 20.966795667907501 ], [ -89.610063031858033, 20.966750817797582 ] ] ] } },
{ "type": "Feature", "properties": { "CVE_ENT": "31", "CVE_MUN": "050", "CVE_LOC": "0001", "CVE_AGEB": "5850", "CVEGEO": "3105000015850", "POBTOT": 1507, "cantidad_parques": 0.0, "parques_por_1000_hab": 0.0 }, "geometry": { "type": "Polygon", "coordinates": [ [ [ -89.687882780263095, 20.994325372444575 ], [ -89.686872967988236, 20.994169520676046 ], [ -89.686343401151078, 20.994183512162348 ], [ -89.68624130078851, 20.994197342037605 ], [ -89.685915701396212, 20.994240881969517 ], [ -89.685934612173824, 20.99394045745322 ], [ -89.685907236430069, 20.993791274846256 ], [ -89.685862811807951, 20.993699109243178 ], [ -89.685976731012374, 20.992815742742188 ], [ -89.686069461459965, 20.992320352695721 ], [ -89.68615158100377, 20.991856832624126 ], [ -89.686244069723529, 20.991398122933404 ], [ -89.686338409583783, 20.990948864014655 ], [ -89.686423039490549, 20.990467413299161 ], [ -89.686460460541539, 20.990328742851698 ], [ -89.686813670601609, 20.988452544517649 ], [ -89.687026920352054, 20.987211484428862 ], [ -89.686550460883041, 20.986696094645172 ], [ -89.68713243936061, 20.986784094363603 ], [ -89.687218470750068, 20.986321234527018 ], [ -89.687301270864552, 20.985889354890233 ], [ -89.687364997434344, 20.985441624409813 ], [ -89.687730980935001, 20.985963555471891 ], [ -89.688038950552155, 20.986471433995561 ], [ -89.688351370284693, 20.986985923783152 ], [ -89.688664659949254, 20.987502373643707 ], [ -89.688985858963093, 20.988032234254632 ], [ -89.689299319431768, 20.988551803580172 ], [ -89.69011943938176, 20.989911124073664 ], [ -89.690326010109786, 20.990285484079912 ], [ -89.690675579672217, 20.990417602668746 ], [ -89.690589259446682, 20.991176982380935 ], [ -89.690509969645746, 20.99166334251899 ], [ -89.690400269776717, 20.992133692975319 ], [ -89.690271579520598, 20.99254363249031 ], [ -89.689853009728168, 20.99344070869456 ], [ -89.689767448755958, 20.993652136457573 ], [ -89.689692434640534, 20.993933505675464 ], [ -89.689557492548786, 20.994561942083799 ], [ -89.687882780263095, 20.994325372444575 ] ] ] } },
{ "type": "Feature", "properties": { "CVE_ENT": "31", "CVE_MUN": "050", "CVE_LOC": "0001", "CVE_AGEB": "2502", "CVEGEO": "3105000012502", "POBTOT": 1695, "cantidad_parques": 0.0, "parques_por_1000_hab": 0.0 }, "geometry": { "type": "Polygon", "coordinates": [ [ [ -89.603168803449705, 21.021773314508312 ], [ -89.603195022960875, 21.021779874560135 ], [ -89.603362552960689, 21.021206844485345 ], [ -89.603420693417831, 21.021008084832619 ], [ -89.603454343393025, 21.020893004621083 ], [ -89.603507423266095, 21.020696644529341 ], [ -89.603647283541079, 21.020179165115199 ], [ -89.603689742966168, 21.020022074545579 ], [ -89.603798883053457, 21.019618314654181 ], [ -89.603904653303786, 21.019226964576529 ], [ -89.603935683172281, 21.019112194932855 ], [ -89.604061193409066, 21.018647824711241 ], [ -89.603223723061063, 21.018437935250393 ], [ -89.602390353715364, 21.018229075015057 ], [ -89.602358403734215, 21.018221044936094 ], [ -89.601498593473849, 21.018005544922836 ], [ -89.600648493846364, 21.01779247480922 ], [ -89.600877294249614, 21.016883915408933 ], [ -89.6008634638019, 21.016867565214088 ], [ -89.600850594187094, 21.016850535526896 ], [ -89.600838653964502, 21.016832935802224 ], [ -89.600827743949182, 21.016814735085482 ], [ -89.600817853840098, 21.016796055479997 ], [ -89.600808993558601, 21.016776905078792 ], [ -89.600801233929488, 21.016757315144659 ], [ -89.600794593948265, 21.016737405611675 ], [ -89.600789054367837, 21.016717195859236 ], [ -89.60078463377954, 21.01669671563139 ], [ -89.600781374231161, 21.016676055775068 ], [ -89.600779264439552, 21.016655275476854 ], [ -89.600778324099835, 21.016634455568386 ], [ -89.600778824129264, 21.016607655899595 ], [ -89.600989123543002, 21.015997876019718 ], [ -89.599646634080656, 21.015532075656449 ], [ -89.599574314190789, 21.015681375301718 ], [ -89.599256633925776, 21.016339205539918 ], [ -89.598914254865733, 21.016159245861825 ], [ -89.596766914906794, 21.016052975812205 ], [ -89.596776635436015, 21.016040975741358 ], [ -89.596787945495606, 21.016023745727434 ], [ -89.596799495411261, 21.016000535691756 ], [ -89.596806835308527, 21.015974655240875 ], [ -89.596809294659977, 21.015947935804437 ], [ -89.59680619530252, 21.015922596138811 ], [ -89.596796545484295, 21.015887886004776 ], [ -89.596780494590305, 21.015857775523642 ], [ -89.596761144722436, 21.015837165325358 ], [ -89.596740835312431, 21.015823365379529 ], [ -89.596708995250765, 21.015805445756975 ], [ -89.596938465335057, 21.015284625995371 ], [ -89.597646464929113, 21.013729055839018 ], [ -89.597954603493122, 21.012813302091317 ], [ -89.598717434686534, 21.011298426894182 ], [ -89.598676944625694, 21.011272626566416 ], [ -89.598645004484538, 21.011229336908652 ], [ -89.598631864221105, 21.011182607036332 ], [ -89.598635654853126, 21.011129517287909 ], [ -89.598658484366709, 21.011078487223699 ], [ -89.598698264496946, 21.011028856916397 ], [ -89.598750604383284, 21.011004656806204 ], [ -89.598818684953969, 21.01099754720704 ], [ -89.598874194465722, 21.01101264655691 ], [ -89.598895174996727, 21.01097234670403 ], [ -89.599184284485247, 21.010426967072071 ], [ -89.599230484595665, 21.010340396851102 ], [ -89.59976583392519, 21.010135766766581 ], [ -89.600263833893536, 21.009941447505931 ], [ -89.600746054332291, 21.009753566888609 ], [ -89.601138263826684, 21.00959453705746 ], [ -89.601231694251922, 21.009556677039559 ], [ -89.601948123666304, 21.009787627572013 ], [ -89.601973463622443, 21.009754807264493 ], [ -89.601984653849598, 21.009770376956112 ], [ -89.601992453763202, 21.009770906950958 ], [ -89.601997863741715, 21.009775107353466 ], [ -89.60200349360241, 21.009779026948443 ], [ -89.602009323888041, 21.009782676902084 ], [ -89.602015373792582, 21.009786006867838 ], [ -89.60202159394116, 21.009789047433351 ], [ -89.602027973655254, 21.009791777694879 ], [ -89.602034493644325, 21.009794207010728 ], [ -89.602041033407673, 21.009798176970325 ], [ -89.602064373363604, 21.009798607348042 ], [ -89.602096623345531, 21.009800937540319 ], [ -89.60210355408897, 21.00979996704649 ], [ -89.602110424090242, 21.009798677427742 ], [ -89.602117204118102, 21.009797007111853 ], [ -89.602123913912664, 21.00979504695098 ], [ -89.602130483357939, 21.009792747527275 ], [ -89.602136913718212, 21.009790137174324 ], [ -89.602143194064595, 21.009787197700177 ], [ -89.602149293600505, 21.009783947544172 ], [ -89.602155224056872, 21.009780427730554 ], [ -89.602160943656855, 21.009776607539592 ], [ -89.602166423407056, 21.009772517396218 ], [ -89.602171693443253, 21.009768167038008 ], [ -89.602176683829441, 21.009763547131424 ], [ -89.602181454009553, 21.009758707136474 ], [ -89.60218589332311, 21.009753627120347 ], [ -89.602190083392415, 21.009748347419791 ], [ -89.602193953357101, 21.009742847697886 ], [ -89.602197523907051, 21.00973717699322 ], [ -89.60220077353145, 21.009731337198044 ], [ -89.602203684030897, 21.009725346866233 ], [ -89.602206263202689, 21.00971924761248 ], [ -89.602208514005071, 21.00971299687593 ], [ -89.602210373426686, 21.009706646901488 ], [ -89.602211893999936, 21.009700227462687 ], [ -89.602213064083827, 21.00969371757752 ], [ -89.60221388403825, 21.009687197414305 ], [ -89.602214353518974, 21.009675426941921 ], [ -89.602691083839261, 21.00976022770039 ], [ -89.60325049327551, 21.009861656949514 ], [ -89.603873112773769, 21.00997048734499 ], [ -89.603684603022955, 21.01087900704324 ], [ -89.604184552907128, 21.011004747050382 ], [ -89.604294142607884, 21.011032976779237 ], [ -89.60492739291854, 21.011209577081402 ], [ -89.604989252626297, 21.011227176943205 ], [ -89.605879632893007, 21.011472566561782 ], [ -89.606610292190481, 21.011672677075861 ], [ -89.606670602207103, 21.011356376856508 ], [ -89.607040121963934, 21.011418086680138 ], [ -89.607916171610498, 21.011564517076579 ], [ -89.607766792138079, 21.012405136465048 ], [ -89.607604171995902, 21.013256546311165 ], [ -89.607501392100971, 21.013731976688604 ], [ -89.607435172118116, 21.014078256162914 ], [ -89.607284511818463, 21.014899455563782 ], [ -89.607170201769023, 21.015497086010001 ], [ -89.60695857180886, 21.016603505538818 ], [ -89.606886682109348, 21.016979345723527 ], [ -89.607113991922773, 21.016928795731165 ], [ -89.607121391843592, 21.016926285854552 ], [ -89.607118322435582, 21.016933915338161 ], [ -89.60709437214328, 21.016998885345227 ], [ -89.607037171946928, 21.017248915273807 ], [ -89.606891292139409, 21.017888395131383 ], [ -89.606875202511503, 21.017959115242974 ], [ -89.606859061978014, 21.01802419505723 ], [ -89.606816291991692, 21.018198565318187 ], [ -89.606685991891652, 21.018769404859786 ], [ -89.606635682135547, 21.018978995125813 ], [ -89.60662874262934, 21.01900876523241 ], [ -89.606512492855174, 21.019508804587783 ], [ -89.606495372115191, 21.019587595076388 ], [ -89.606478432323499, 21.019663204728868 ], [ -89.606442312454377, 21.019821885112894 ], [ -89.606313002422027, 21.020404224678572 ], [ -89.606267752007994, 21.020602824103371 ], [ -89.606256292727466, 21.020645774713653 ], [ -89.606239922653771, 21.020718854452962 ], [ -89.606122662419438, 21.021234134228916 ], [ -89.606072692488141, 21.021457934388611 ], [ -89.606020742833962, 21.021705774765575 ], [ -89.605940022035298, 21.022059714579932 ], [ -89.605924522497801, 21.02213317391065 ], [ -89.605903692863649, 21.022235944201864 ], [ -89.605919492979808, 21.022238854074271 ], [ -89.605927082257594, 21.022241453949679 ], [ -89.60593432283622, 21.022244774036892 ], [ -89.605941152596088, 21.022248793801364 ], [ -89.605947492710754, 21.02225347404698 ], [ -89.605953292424729, 21.022258734148235 ], [ -89.605958482750609, 21.022264543905454 ], [ -89.605962972082523, 21.02227082392373 ], [ -89.605966742653678, 21.022277514474666 ], [ -89.605971992462159, 21.022291803827219 ], [ -89.6059733719988, 21.022299274309706 ], [ -89.605973922708074, 21.022306823992405 ], [ -89.605973632515614, 21.022314394520563 ], [ -89.605972512861655, 21.022321903953184 ], [ -89.605970522224084, 21.022329224150024 ], [ -89.6059677721843, 21.022336344152471 ], [ -89.605964232195916, 21.022343164033401 ], [ -89.605959952109131, 21.022349563995615 ], [ -89.605954992854663, 21.022355514389584 ], [ -89.605949372747489, 21.02236096388582 ], [ -89.605943192174436, 21.022365844153043 ], [ -89.605936512795594, 21.022370054568295 ], [ -89.605929372489513, 21.022373594569967 ], [ -89.605921892329192, 21.022376423919077 ], [ -89.605898142945037, 21.022380334071613 ], [ -89.605888592933894, 21.022416854015599 ], [ -89.605861482625386, 21.022540283943869 ], [ -89.605720152054346, 21.023210974086361 ], [ -89.605717172415993, 21.023222684352774 ], [ -89.605702552670579, 21.023287993705896 ], [ -89.605690152480889, 21.023340043830128 ], [ -89.605540772879266, 21.023984653425199 ], [ -89.605533142748698, 21.02401699383509 ], [ -89.60550365224799, 21.024149803311602 ], [ -89.605490032729676, 21.024213993788912 ], [ -89.605347152387694, 21.024832423097493 ], [ -89.605334202535047, 21.024829913515433 ], [ -89.604049973429483, 21.0245806834129 ], [ -89.604173592931133, 21.024029603632417 ], [ -89.602638693355942, 21.02371450403567 ], [ -89.602643743398957, 21.023696043827314 ], [ -89.602822062886418, 21.02307599397405 ], [ -89.60288122343853, 21.022858253917992 ], [ -89.602997513170394, 21.022446144171635 ], [ -89.603168803449705, 21.021773314508312 ] ] ] } },
{ "type": "Feature", "properties": { "CVE_ENT": "31", "CVE_MUN": "050", "CVE_LOC": "0001", "CVE_AGEB": "1561", "CVEGEO": "3105000011561", "POBTOT": 1582, "cantidad_parques": 0.0, "parques_por_1000_hab": 0.0 }, "geometry": { "type": "Polygon", "coordinates": [ [ [ -89.618713368659556, 21.019191275240772 ], [ -89.618805089069326, 21.01930042542735 ], [ -89.619107619361102, 21.019666654686521 ], [ -89.619370948798817, 21.019984144595465 ], [ -89.620040278556189, 21.020791204847164 ], [ -89.620074108640623, 21.020832004905731 ], [ -89.620199598168597, 21.020983314376132 ], [ -89.620716878882533, 21.021606314647521 ], [ -89.620735678418455, 21.021628964061396 ], [ -89.620928588233042, 21.021861314056572 ], [ -89.621369548713886, 21.022390114404359 ], [ -89.621803518589644, 21.02291530384483 ], [ -89.621990817954398, 21.023147824062349 ], [ -89.622030108255018, 21.023196113972293 ], [ -89.621795817854391, 21.023261274120561 ], [ -89.621964388211467, 21.024276443450415 ], [ -89.620885308815502, 21.024506193669616 ], [ -89.619856488369507, 21.024725243577915 ], [ -89.618799548638066, 21.024929803553253 ], [ -89.617757259512558, 21.025149853711682 ], [ -89.617237739838444, 21.025259533372605 ], [ -89.616681599532882, 21.025376943787791 ], [ -89.615862029757849, 21.025522453649973 ], [ -89.614889999798194, 21.025770933109399 ], [ -89.614806230415411, 21.025781303128603 ], [ -89.614807400002292, 21.025707543456171 ], [ -89.614388590365337, 21.025027743193796 ], [ -89.613808710772389, 21.02425884370583 ], [ -89.613760890787745, 21.024195403846694 ], [ -89.613164950558797, 21.023405194135041 ], [ -89.61313320082013, 21.02336308436993 ], [ -89.612553990186356, 21.022600534192836 ], [ -89.612527251113463, 21.022567714360367 ], [ -89.61189975070512, 21.021797484533554 ], [ -89.611253231036713, 21.02100391491982 ], [ -89.611245511121041, 21.020994444591746 ], [ -89.611791290936964, 21.020862974578776 ], [ -89.611810150863775, 21.020858114146431 ], [ -89.611851020728125, 21.020848174924289 ], [ -89.61190517124048, 21.020833884210958 ], [ -89.612267820770683, 21.020746824427874 ], [ -89.613192310915906, 21.020522004339632 ], [ -89.613310590022948, 21.020491514807262 ], [ -89.613357620435394, 21.020478104584893 ], [ -89.613427690188601, 21.020461934728619 ], [ -89.613950460602453, 21.020340135082236 ], [ -89.614383400566425, 21.020234254639426 ], [ -89.614727030461879, 21.020150004444695 ], [ -89.614764419914096, 21.020141084744168 ], [ -89.614828550138469, 21.020127244540181 ], [ -89.615405489742798, 21.019991204603834 ], [ -89.615495320318473, 21.019969934766582 ], [ -89.615508850343502, 21.019966284442063 ], [ -89.616476139410011, 21.019730654911537 ], [ -89.616505319671774, 21.019723805080545 ], [ -89.616568449542072, 21.019709575071214 ], [ -89.617532369631391, 21.019475314602225 ], [ -89.617551509696085, 21.019470335110434 ], [ -89.6176354897012, 21.019450195035393 ], [ -89.618539488774175, 21.019234085175253 ], [ -89.618713368659556, 21.019191275240772 ] ] ] } },
{ "type": "Feature", "properties": { "CVE_ENT": "31", "CVE_MUN": "050", "CVE_LOC": "0001", "CVE_AGEB": "5189", "CVEGEO": "3105000015189", "POBTOT": 1767, "cantidad_parques": 0.0, "parques_por_1000_hab": 0.0 }, "geometry": { "type": "Polygon", "coordinates": [ [ [ -89.56283337972539, 21.012251419154115 ], [ -89.562384434606329, 21.010547516330917 ], [ -89.562348184364197, 21.010409947333777 ], [ -89.562325153746585, 21.010247506415624 ], [ -89.562301124871865, 21.010144807477161 ], [ -89.562239403712184, 21.009881088025779 ], [ -89.562221183051136, 21.009803207916256 ], [ -89.562077704402185, 21.009190087209038 ], [ -89.562083994136657, 21.00919016811805 ], [ -89.56215484466523, 21.009191077332694 ], [ -89.5622684349146, 21.009192536893181 ], [ -89.562363524124464, 21.009193747306274 ], [ -89.56240944422342, 21.009194336894979 ], [ -89.562595204894649, 21.0091938569173 ], [ -89.562934104672962, 21.009193846905344 ], [ -89.563391924713883, 21.009196596939812 ], [ -89.563889694131333, 21.009193977751153 ], [ -89.564483933926638, 21.009195246920694 ], [ -89.564969073387829, 21.00919628702286 ], [ -89.565458873836306, 21.009197337168406 ], [ -89.566316843735166, 21.009199167867731 ], [ -89.566624033265512, 21.008527488354076 ], [ -89.567318072598056, 21.008930568033222 ], [ -89.567436272191713, 21.008999197207711 ], [ -89.56828138177562, 21.009489977846695 ], [ -89.569178662497521, 21.010011046831121 ], [ -89.569246272430973, 21.010048706939639 ], [ -89.570208352592658, 21.010584476665631 ], [ -89.570255982036159, 21.010610995859782 ], [ -89.571198908796759, 21.011131066926637 ], [ -89.571202462363246, 21.011133027023259 ], [ -89.571196533178124, 21.011147707221124 ], [ -89.571175331730785, 21.011200196452677 ], [ -89.571165532155192, 21.011238206962165 ], [ -89.571208801770794, 21.01138887689822 ], [ -89.571460201622401, 21.011597566518507 ], [ -89.571481031495466, 21.011614336732414 ], [ -89.571655722128284, 21.011755116515399 ], [ -89.572556441304897, 21.012482196645756 ], [ -89.572484721451431, 21.012548056078334 ], [ -89.572099831480955, 21.013047446179332 ], [ -89.572035522061157, 21.013135716415789 ], [ -89.571800071405661, 21.013525166099484 ], [ -89.571649861893036, 21.013776745564041 ], [ -89.571594862385055, 21.013869305897519 ], [ -89.571556632066347, 21.013933645809281 ], [ -89.570383891984861, 21.013314765864635 ], [ -89.570219071960437, 21.013236025598044 ], [ -89.569081292431392, 21.012891486113812 ], [ -89.568068522454141, 21.012570536403238 ], [ -89.568047553073939, 21.012491276290721 ], [ -89.566640063747414, 21.012795676207382 ], [ -89.565175104175182, 21.013109396085266 ], [ -89.565297843720089, 21.013633646029216 ], [ -89.564689733712086, 21.013761076319483 ], [ -89.563599094141011, 21.013986506246166 ], [ -89.563517434270111, 21.014004395696197 ], [ -89.563467264048285, 21.014015376094918 ], [ -89.563347784107691, 21.014041535585285 ], [ -89.563269753761432, 21.014058625613387 ], [ -89.56283337972539, 21.012251419154115 ] ] ] } },
{ "type": "Feature", "properties": { "CVE_ENT": "31", "CVE_MUN": "050", "CVE_LOC": "0001", "CVE_AGEB": "5846", "CVEGEO": "3105000015846", "POBTOT": 2192, "cantidad_parques": 0.0, "parques_por_1000_hab": 0.0 }, "geometry": { "type": "Polygon", "coordinates": [ [ [ -89.689266099753368, 20.995894801328358 ], [ -89.689366004635048, 20.995469358603405 ], [ -89.689492870438329, 20.994994411739366 ], [ -89.689557492548786, 20.994561942083799 ], [ -89.689692434640534, 20.993933505675464 ], [ -89.689767448755958, 20.993652136457573 ], [ -89.689853009728168, 20.99344070869456 ], [ -89.690271579520598, 20.99254363249031 ], [ -89.690400269776717, 20.992133692975319 ], [ -89.690509969645746, 20.99166334251899 ], [ -89.690589259446682, 20.991176982380935 ], [ -89.690675579672217, 20.990417602668746 ], [ -89.691210549891409, 20.990662863437024 ], [ -89.691971149441372, 20.991044172745138 ], [ -89.692226299689693, 20.991168773016419 ], [ -89.692529568952068, 20.991322122714156 ], [ -89.69353260898518, 20.9918060030001 ], [ -89.693623089314315, 20.991847832456141 ], [ -89.694757378508072, 20.99241768234004 ], [ -89.69486800814424, 20.992473262399375 ], [ -89.69558350204079, 20.991299325660709 ], [ -89.696009845653052, 20.991533634270667 ], [ -89.696448237717163, 20.991766182840095 ], [ -89.696875627989442, 20.991977432995693 ], [ -89.697298177707083, 20.99218628307705 ], [ -89.697733377545063, 20.992401372153154 ], [ -89.698609177609271, 20.992832752780952 ], [ -89.698511567539285, 20.993008482485841 ], [ -89.698085667967788, 20.993767721888922 ], [ -89.697595746657356, 20.994640521741314 ], [ -89.697105808316891, 20.995513352435637 ], [ -89.697164727352813, 20.995559692627683 ], [ -89.697226797252924, 20.995636282771137 ], [ -89.697265177003274, 20.995699711928683 ], [ -89.697284747074235, 20.995780211323968 ], [ -89.69728214684244, 20.99584012171065 ], [ -89.697273397930061, 20.995902372119488 ], [ -89.697242177681716, 20.995986681359543 ], [ -89.697169608376228, 20.996073861824168 ], [ -89.697092748412246, 20.996135381684972 ], [ -89.697014168409339, 20.996165491302431 ], [ -89.696933807889636, 20.99617977181056 ], [ -89.696874177901293, 20.996183231915374 ], [ -89.696754008304694, 20.996162631851899 ], [ -89.696705778485139, 20.996141211273748 ], [ -89.696643668534165, 20.996098011603586 ], [ -89.696593527620166, 20.996045691669153 ], [ -89.696542977994724, 20.995970261989754 ], [ -89.696520398408254, 20.995918691761705 ], [ -89.695617258712247, 20.996074921986825 ], [ -89.695325668805808, 20.996079851627627 ], [ -89.695019208142625, 20.996041411878934 ], [ -89.694664638852828, 20.996026541573453 ], [ -89.694358868414852, 20.996026811741487 ], [ -89.693573609298127, 20.99608323171914 ], [ -89.693252368621557, 20.99610631115247 ], [ -89.692894369157642, 20.996165911920407 ], [ -89.692584468726011, 20.996238231448416 ], [ -89.692263499303579, 20.996338661935834 ], [ -89.692012289405042, 20.996417231613027 ], [ -89.691758869648623, 20.996524121872348 ], [ -89.691598199683924, 20.996594261151643 ], [ -89.691478129734534, 20.996663981540379 ], [ -89.691336829379296, 20.996746011865394 ], [ -89.691002999136671, 20.996954891391049 ], [ -89.690904099590696, 20.997029661091119 ], [ -89.690691769993478, 20.99718223153371 ], [ -89.690616259501738, 20.997249851175027 ], [ -89.690467869863554, 20.997382721386508 ], [ -89.690340199975608, 20.997510461512991 ], [ -89.690250769700867, 20.99759994116463 ], [ -89.690180549890627, 20.997670200929612 ], [ -89.690006569429485, 20.997878611235329 ], [ -89.689931799895177, 20.997968170789385 ], [ -89.689742799961195, 20.998248090963145 ], [ -89.689683550191617, 20.998335881242333 ], [ -89.689502130133391, 20.9986440910405 ], [ -89.689226660506648, 20.999126610498667 ], [ -89.689119780067912, 20.999318490970349 ], [ -89.688502530433666, 21.000407230805635 ], [ -89.687788430007913, 21.001686970279049 ], [ -89.687202795740589, 21.002757734185856 ], [ -89.687053230554454, 21.003001799756849 ], [ -89.686511970824341, 21.002715059568484 ], [ -89.68721714356198, 21.001385675577239 ], [ -89.687806158532979, 21.00048844063905 ], [ -89.687976922455704, 21.000134187731 ], [ -89.688465749708655, 20.999013588788308 ], [ -89.688571699341452, 20.998711344994877 ], [ -89.688690045832274, 20.998231811432944 ], [ -89.688811610582334, 20.997775551172268 ], [ -89.688935490584612, 20.997319201281677 ], [ -89.689042640421206, 20.996872611806733 ], [ -89.689062416084525, 20.996788461668913 ], [ -89.689167749899795, 20.99634023125726 ], [ -89.689266099753368, 20.995894801328358 ] ] ] } },
{ "type": "Feature", "properties": { "CVE_ENT": "31", "CVE_MUN": "050", "CVE_LOC": "0001", "CVE_AGEB": "288A", "CVEGEO": "310500001288A", "POBTOT": 3279, "cantidad_parques": 0.0, "parques_por_1000_hab": 0.0 }, "geometry": { "type": "Polygon", "coordinates": [ [ [ -89.587386898203377, 20.957567150189583 ], [ -89.587323488293976, 20.956589330559581 ], [ -89.587259198215733, 20.955598180695731 ], [ -89.587195978603333, 20.954623380956438 ], [ -89.587193927967391, 20.954591760987633 ], [ -89.587135038514404, 20.953602701577736 ], [ -89.587516268535367, 20.953575461651585 ], [ -89.587491688706507, 20.953128531269339 ], [ -89.587467347958551, 20.952686361308903 ], [ -89.587465178057201, 20.952646701593608 ], [ -89.587440288563556, 20.952258261551048 ], [ -89.587412157925343, 20.951819532046549 ], [ -89.587400028648659, 20.951630242095106 ], [ -89.587383668387687, 20.951379211641509 ], [ -89.587352318070131, 20.950897551679134 ], [ -89.587349748341026, 20.950859901992018 ], [ -89.587647628038283, 20.950590062167205 ], [ -89.587702728627633, 20.950540152032712 ], [ -89.587965697955923, 20.95030193161076 ], [ -89.587958428476028, 20.950182222367953 ], [ -89.587951328655308, 20.949671492016595 ], [ -89.587949688452454, 20.949571012707167 ], [ -89.587942978548142, 20.94916230273332 ], [ -89.587952128650244, 20.948630782153028 ], [ -89.58796151822402, 20.948086822781395 ], [ -89.586724328577091, 20.947463763154232 ], [ -89.586488758287103, 20.947861012262209 ], [ -89.585412519201455, 20.947294892747056 ], [ -89.585643348751489, 20.946882153066632 ], [ -89.583989639278343, 20.946037992684481 ], [ -89.584113638889335, 20.945792992787126 ], [ -89.584242579062305, 20.945538222865942 ], [ -89.584260198899628, 20.945503413049078 ], [ -89.584460928792396, 20.945584293421842 ], [ -89.5852576094358, 20.945852042982271 ], [ -89.58549368872464, 20.945967962987847 ], [ -89.585726838722195, 20.946075993505843 ], [ -89.585736579201154, 20.94608089270616 ], [ -89.586404598387517, 20.946415412961024 ], [ -89.586812667347999, 20.946613562713353 ], [ -89.587174258154619, 20.946826093014625 ], [ -89.587345998512546, 20.946918734185669 ], [ -89.587553928303024, 20.947043323276567 ], [ -89.588143397915132, 20.947387792850616 ], [ -89.588604858437435, 20.947664213048434 ], [ -89.589686728009241, 20.948312092557789 ], [ -89.590648057103465, 20.948852392593572 ], [ -89.59098789697785, 20.949061932423746 ], [ -89.591592157208495, 20.949436182453216 ], [ -89.591402457616269, 20.949703092385555 ], [ -89.591711177671215, 20.950119292019743 ], [ -89.591862457162108, 20.950320461953567 ], [ -89.5921195975248, 20.95100458174247 ], [ -89.592281926578153, 20.95146682195502 ], [ -89.592293717383285, 20.951500391759993 ], [ -89.592270006764494, 20.951882421450833 ], [ -89.592262117194267, 20.952113661968994 ], [ -89.592259837043628, 20.952180661596572 ], [ -89.592256086747128, 20.952250291593366 ], [ -89.59225523696594, 20.952299331502534 ], [ -89.592233197458313, 20.952811861573064 ], [ -89.59220980658462, 20.953191421595417 ], [ -89.592145227187913, 20.95424022116535 ], [ -89.592083057310973, 20.95524981058627 ], [ -89.592023396722098, 20.956277120516081 ], [ -89.591996746755783, 20.956738520665461 ], [ -89.591991157456746, 20.956833440858407 ], [ -89.591986527412274, 20.956913520100489 ], [ -89.591923176790161, 20.957255810320202 ], [ -89.591919396900565, 20.957280410356901 ], [ -89.591844456904582, 20.957768780294458 ], [ -89.591814957192653, 20.958327180328055 ], [ -89.591812756848896, 20.958369090241074 ], [ -89.591786777448661, 20.958367889781528 ], [ -89.591783127585913, 20.95836771991339 ], [ -89.591449227591056, 20.958352219942487 ], [ -89.591412627520981, 20.958308500218411 ], [ -89.590311177610189, 20.958370730409889 ], [ -89.589550827782759, 20.958413690235741 ], [ -89.588485348318898, 20.958473869982637 ], [ -89.587449498174408, 20.958532390198691 ], [ -89.587386898203377, 20.957567150189583 ] ] ] } },
{ "type": "Feature", "properties": { "CVE_ENT": "31", "CVE_MUN": "050", "CVE_LOC": "0001", "CVE_AGEB": "5032", "CVEGEO": "3105000015032", "POBTOT": 1711, "cantidad_parques": 0.0, "parques_por_1000_hab": 0.0 }, "geometry": { "type": "Polygon", "coordinates": [ [ [ -89.575371891658492, 20.986777803081413 ], [ -89.57555750085578, 20.985463522670408 ], [ -89.575599500664936, 20.985463653497682 ], [ -89.575664071580064, 20.984535743201821 ], [ -89.575750320793176, 20.983546263613864 ], [ -89.575847180836917, 20.982560053428433 ], [ -89.575929930947993, 20.981772014013078 ], [ -89.575964830818322, 20.981452053782522 ], [ -89.575970461329106, 20.981400463726722 ], [ -89.575973350914737, 20.981373953967502 ], [ -89.576439360835266, 20.981352854459018 ], [ -89.576572890750398, 20.981346783862101 ], [ -89.577180980595159, 20.98131923412965 ], [ -89.577526230453643, 20.981303583762852 ], [ -89.577778600943446, 20.981292144114722 ], [ -89.578314840737107, 20.981267834397162 ], [ -89.578387400351616, 20.981264544579499 ], [ -89.578443470789637, 20.981262004628132 ], [ -89.57862504005891, 20.981253773715437 ], [ -89.578965840399889, 20.981238324630009 ], [ -89.579543830254735, 20.98121212408245 ], [ -89.57988453038071, 20.981196663882269 ], [ -89.580177780208359, 20.981183354484035 ], [ -89.580175429604182, 20.981222284158452 ], [ -89.580171269902678, 20.981290834203847 ], [ -89.580107889674466, 20.982337484256281 ], [ -89.580075830104519, 20.982338923656048 ], [ -89.579515660168369, 20.983399113318281 ], [ -89.578896669934053, 20.984237923418743 ], [ -89.57885147009101, 20.984263863620399 ], [ -89.57883198036933, 20.984276403417326 ], [ -89.578813180522459, 20.984289913778216 ], [ -89.578795180751101, 20.984304293498507 ], [ -89.578780720154569, 20.984317153221671 ], [ -89.578761700435564, 20.984335653419322 ], [ -89.578746329922183, 20.984352513277635 ], [ -89.578731900352452, 20.984370113740237 ], [ -89.578718470801846, 20.984388403163045 ], [ -89.578711440790514, 20.984399143160438 ], [ -89.578694779978022, 20.984426813084347 ], [ -89.578687000218821, 20.98444180305362 ], [ -89.57810872083536, 20.985436833470825 ], [ -89.578068160263157, 20.985437183145137 ], [ -89.577697930623401, 20.986155083134062 ], [ -89.577205180641471, 20.986950382897064 ], [ -89.577181690395165, 20.986988312760939 ], [ -89.576611839978284, 20.98692203226296 ], [ -89.576006609916291, 20.986851612786992 ], [ -89.575887981275429, 20.986837833947757 ], [ -89.575371891658492, 20.986777803081413 ] ] ] } },
{ "type": "Feature", "properties": { "CVE_ENT": "31", "CVE_MUN": "050", "CVE_LOC": "0001", "CVE_AGEB": "039A", "CVEGEO": "310500001039A", "POBTOT": 2672, "cantidad_parques": 0.0, "parques_por_1000_hab": 0.0 }, "geometry": { "type": "Polygon", "coordinates": [ [ [ -89.652794789952182, 20.972681296908398 ], [ -89.653688500106213, 20.972754556820465 ], [ -89.653832670358298, 20.972766377218029 ], [ -89.654538510182903, 20.972824216761406 ], [ -89.654556559807403, 20.972825717002994 ], [ -89.654906080162377, 20.972854357236365 ], [ -89.655220619950455, 20.972880147104576 ], [ -89.655961738948037, 20.972940897438168 ], [ -89.65594553952225, 20.973049206919686 ], [ -89.655940109427775, 20.973089087308672 ], [ -89.655871109518898, 20.973561817144876 ], [ -89.65586689977934, 20.973590777025933 ], [ -89.655756419279328, 20.974370866618784 ], [ -89.655751069295647, 20.974408586258367 ], [ -89.655663979266961, 20.975191436050157 ], [ -89.655571869101209, 20.97601951618168 ], [ -89.6554778492536, 20.97683357598363 ], [ -89.655474609069515, 20.976870206366442 ], [ -89.655452359583464, 20.977121496297912 ], [ -89.655422779855741, 20.977340315864748 ], [ -89.655365579942497, 20.977838296089885 ], [ -89.655279869578351, 20.978584415746216 ], [ -89.655222649913142, 20.979082525937574 ], [ -89.65517672968889, 20.979436885665748 ], [ -89.655081449498638, 20.980313295041562 ], [ -89.655035159780823, 20.980690684895404 ], [ -89.654989499936093, 20.981127585189643 ], [ -89.654951379910827, 20.981522805373999 ], [ -89.65491158937634, 20.981922454345856 ], [ -89.654908959523368, 20.981956174788319 ], [ -89.654815849686898, 20.982780294948565 ], [ -89.654796269559881, 20.982953184211294 ], [ -89.654681539340913, 20.983984084631849 ], [ -89.65456126929908, 20.98390729451998 ], [ -89.654559410040648, 20.983905084000938 ], [ -89.654073410031216, 20.983617354527937 ], [ -89.653934820247343, 20.983533574393011 ], [ -89.653857789534413, 20.983487324641224 ], [ -89.653810540114364, 20.983458974702149 ], [ -89.653638139661098, 20.98335460477049 ], [ -89.65336598013225, 20.983190524675919 ], [ -89.653022470549772, 20.982983544622929 ], [ -89.652895069976438, 20.982906784354018 ], [ -89.652555650531241, 20.982700944244549 ], [ -89.652450780642155, 20.98263577450377 ], [ -89.652384810289647, 20.982594324340557 ], [ -89.652339050332955, 20.982567614483067 ], [ -89.652146340017012, 20.982450064264746 ], [ -89.652147610423526, 20.982432294349842 ], [ -89.652196790067364, 20.98174563440455 ], [ -89.652230250623802, 20.981283754674418 ], [ -89.652254880130769, 20.980926125393239 ], [ -89.652314160774239, 20.980117435079215 ], [ -89.652315979875169, 20.98008797533879 ], [ -89.652365820363869, 20.979271125092087 ], [ -89.652378790743981, 20.979058415255128 ], [ -89.65241816069053, 20.978413285812945 ], [ -89.652443410122189, 20.977999405377144 ], [ -89.652468730650952, 20.977623746106847 ], [ -89.652519159860276, 20.976875836461343 ], [ -89.652530540135643, 20.976706666163977 ], [ -89.652590140517503, 20.975822586318223 ], [ -89.652594880425511, 20.975752266071268 ], [ -89.652642930547572, 20.975014236966608 ], [ -89.652661530414164, 20.974728607001769 ], [ -89.652697039881858, 20.974183156602475 ], [ -89.652728160191202, 20.973704957049783 ], [ -89.652750760712038, 20.973357816756419 ], [ -89.652794789952182, 20.972681296908398 ] ] ] } },
{ "type": "Feature", "properties": { "CVE_ENT": "31", "CVE_MUN": "050", "CVE_LOC": "0001", "CVE_AGEB": "2875", "CVEGEO": "3105000012875", "POBTOT": 2313, "cantidad_parques": 0.0, "parques_por_1000_hab": 0.0 }, "geometry": { "type": "Polygon", "coordinates": [ [ [ -89.591812756848896, 20.958369090241074 ], [ -89.591814957192653, 20.958327180328055 ], [ -89.591844456904582, 20.957768780294458 ], [ -89.591919396900565, 20.957280410356901 ], [ -89.591923176790161, 20.957255810320202 ], [ -89.591986527412274, 20.956913520100489 ], [ -89.591991157456746, 20.956833440858407 ], [ -89.591996746755783, 20.956738520665461 ], [ -89.592023396722098, 20.956277120516081 ], [ -89.592083057310973, 20.95524981058627 ], [ -89.592145227187913, 20.95424022116535 ], [ -89.59220980658462, 20.953191421595417 ], [ -89.592233197458313, 20.952811861573064 ], [ -89.59225523696594, 20.952299331502534 ], [ -89.592256086747128, 20.952250291593366 ], [ -89.592259837043628, 20.952180661596572 ], [ -89.592262117194267, 20.952113661968994 ], [ -89.592270006764494, 20.951882421450833 ], [ -89.592293717383285, 20.951500391759993 ], [ -89.592281926578153, 20.95146682195502 ], [ -89.5921195975248, 20.95100458174247 ], [ -89.591862457162108, 20.950320461953567 ], [ -89.591711177671215, 20.950119292019743 ], [ -89.591402457616269, 20.949703092385555 ], [ -89.591592157208495, 20.949436182453216 ], [ -89.5921851962798, 20.949818733197624 ], [ -89.592234806684047, 20.949849221955027 ], [ -89.592390427030182, 20.949951132632009 ], [ -89.592577517084749, 20.950058643073408 ], [ -89.592751726724956, 20.950158753098897 ], [ -89.593449147122797, 20.950573991763449 ], [ -89.594379525999159, 20.951128981842714 ], [ -89.595011326257762, 20.9515044617043 ], [ -89.595369295620799, 20.951717472992843 ], [ -89.595434886605702, 20.951754532147042 ], [ -89.595550596515992, 20.951822362520087 ], [ -89.595726425737894, 20.951925462050024 ], [ -89.596187865632871, 20.95219492141706 ], [ -89.596385725471251, 20.952310271310878 ], [ -89.59638540631606, 20.95231566180723 ], [ -89.596378745551391, 20.952429641480528 ], [ -89.596369355890417, 20.95333052137358 ], [ -89.596370885413577, 20.953680501552562 ], [ -89.596373456025717, 20.954361061217838 ], [ -89.596372726204734, 20.954411811035509 ], [ -89.59635540545338, 20.955375721037925 ], [ -89.596354265637856, 20.955439010739006 ], [ -89.596327005956766, 20.956366610549352 ], [ -89.596295236227149, 20.957382130540246 ], [ -89.596292685726013, 20.957463560201855 ], [ -89.59626071577523, 20.958412889959838 ], [ -89.595235715869208, 20.95861966045663 ], [ -89.594452826650112, 20.958777590058823 ], [ -89.594165976284273, 20.958839219968471 ], [ -89.593112296373633, 20.959065660086384 ], [ -89.591761867270364, 20.959330920269494 ], [ -89.591770407097982, 20.959169379662164 ], [ -89.591812756848896, 20.958369090241074 ] ] ] } },
{ "type": "Feature", "properties": { "CVE_ENT": "31", "CVE_MUN": "050", "CVE_LOC": "0001", "CVE_AGEB": "3801", "CVEGEO": "3105000013801", "POBTOT": 2899, "cantidad_parques": 0.0, "parques_por_1000_hab": 0.0 }, "geometry": { "type": "Polygon", "coordinates": [ [ [ -89.675543813853722, 20.976527916251083 ], [ -89.675534833713087, 20.976526575928343 ], [ -89.673977204799314, 20.976294956755716 ], [ -89.67403886949424, 20.975890671057495 ], [ -89.674111091886104, 20.975438370897308 ], [ -89.674183504143059, 20.97497760116277 ], [ -89.674252680268083, 20.974536800757395 ], [ -89.674336924642731, 20.974070429606993 ], [ -89.674411974443544, 20.97360458671967 ], [ -89.674485954194381, 20.973158067048853 ], [ -89.674566674039497, 20.97269975687032 ], [ -89.674630934555992, 20.97225401726903 ], [ -89.674708433943366, 20.971801147194082 ], [ -89.674777904315448, 20.971359407213878 ], [ -89.674852034321816, 20.970918421398792 ], [ -89.675835473906687, 20.971075777620669 ], [ -89.676461263426233, 20.971181547845195 ], [ -89.676814173948216, 20.971245527917148 ], [ -89.677786613685697, 20.971413947597743 ], [ -89.679010633535739, 20.971630357959562 ], [ -89.678906203046708, 20.972033407605174 ], [ -89.67878224348469, 20.972497037522345 ], [ -89.678662923125472, 20.972935387351608 ], [ -89.678607183403344, 20.973147467535917 ], [ -89.678547002872108, 20.973376467311905 ], [ -89.678527123599906, 20.973454267022962 ], [ -89.678419753350468, 20.973839577357364 ], [ -89.678363983660574, 20.974038886662605 ], [ -89.678299843042197, 20.97427218663292 ], [ -89.678188803266551, 20.974711096499547 ], [ -89.678069293524317, 20.975145326468947 ], [ -89.67801135333309, 20.975374806386299 ], [ -89.677947233164801, 20.975619986160684 ], [ -89.67784398381896, 20.975981636599958 ], [ -89.677730733737818, 20.97643498608678 ], [ -89.677623703086837, 20.976848556121993 ], [ -89.676489124262289, 20.976671376084546 ], [ -89.675553263734457, 20.976529346484142 ], [ -89.675543813853722, 20.976527916251083 ] ] ] } },
{ "type": "Feature", "properties": { "CVE_ENT": "31", "CVE_MUN": "050", "CVE_LOC": "0001", "CVE_AGEB": "5757", "CVEGEO": "3105000015757", "POBTOT": 2791, "cantidad_parques": 0.0, "parques_por_1000_hab": 0.0 }, "geometry": { "type": "Polygon", "coordinates": [ [ [ -89.690591847567688, 21.006382979482229 ], [ -89.689724857095158, 21.005841879532934 ], [ -89.689098497854019, 21.005444948819136 ], [ -89.688358148030275, 21.004988279065742 ], [ -89.687686687299433, 21.004587650182867 ], [ -89.68711403796388, 21.004242010098842 ], [ -89.686557769571493, 21.003887849631365 ], [ -89.687053230554454, 21.003001799756849 ], [ -89.687202795740589, 21.002757734185856 ], [ -89.687788430007913, 21.001686970279049 ], [ -89.688502530433666, 21.000407230805635 ], [ -89.689119780067912, 20.999318490970349 ], [ -89.689226660506648, 20.999126610498667 ], [ -89.689502130133391, 20.9986440910405 ], [ -89.689683550191617, 20.998335881242333 ], [ -89.689742799961195, 20.998248090963145 ], [ -89.689931799895177, 20.997968170789385 ], [ -89.690006569429485, 20.997878611235329 ], [ -89.690180549890627, 20.997670200929612 ], [ -89.690250769700867, 20.99759994116463 ], [ -89.690340199975608, 20.997510461512991 ], [ -89.690467869863554, 20.997382721386508 ], [ -89.690616259501738, 20.997249851175027 ], [ -89.690691769993478, 20.99718223153371 ], [ -89.690904099590696, 20.997029661091119 ], [ -89.691002999136671, 20.996954891391049 ], [ -89.691336829379296, 20.996746011865394 ], [ -89.691478129734534, 20.996663981540379 ], [ -89.691598199683924, 20.996594261151643 ], [ -89.691758869648623, 20.996524121872348 ], [ -89.692012289405042, 20.996417231613027 ], [ -89.692263499303579, 20.996338661935834 ], [ -89.692584468726011, 20.996238231448416 ], [ -89.692894369157642, 20.996165911920407 ], [ -89.693252368621557, 20.99610631115247 ], [ -89.693573609298127, 20.99608323171914 ], [ -89.694358868414852, 20.996026811741487 ], [ -89.694664638852828, 20.996026541573453 ], [ -89.695019208142625, 20.996041411878934 ], [ -89.695325668805808, 20.996079851627627 ], [ -89.695617258712247, 20.996074921986825 ], [ -89.696520398408254, 20.995918691761705 ], [ -89.696542977994724, 20.995970261989754 ], [ -89.696593527620166, 20.996045691669153 ], [ -89.696643668534165, 20.996098011603586 ], [ -89.696705778485139, 20.996141211273748 ], [ -89.696087768231607, 20.997272541388515 ], [ -89.695593128591398, 20.998177951162514 ], [ -89.695150578403812, 20.998988081092332 ], [ -89.694473268924469, 21.000227890904913 ], [ -89.69415743873779, 21.000806000502795 ], [ -89.693807228877773, 21.00144701017809 ], [ -89.693458668684826, 21.002085080418045 ], [ -89.693113638519634, 21.002716569486513 ], [ -89.692764039237716, 21.003313309727407 ], [ -89.692385598953024, 21.003959259904704 ], [ -89.691689383582613, 21.005147553352561 ], [ -89.69102537705389, 21.006280837270278 ], [ -89.691025319284122, 21.006280949162541 ], [ -89.690941548552871, 21.006254368914192 ], [ -89.690940460660329, 21.006254324732367 ], [ -89.690939372767787, 21.006254280550518 ], [ -89.690849668854582, 21.00625064935457 ], [ -89.690770888554638, 21.006260509100787 ], [ -89.690687099200474, 21.00629804857293 ], [ -89.690593498797625, 21.006384008940991 ], [ -89.690593446412606, 21.006383977390055 ], [ -89.690591847567688, 21.006382979482229 ] ] ] } },
{ "type": "Feature", "properties": { "CVE_ENT": "31", "CVE_MUN": "050", "CVE_LOC": "0001", "CVE_AGEB": "2714", "CVEGEO": "3105000012714", "POBTOT": 1551, "cantidad_parques": 0.0, "parques_por_1000_hab": 0.0 }, "geometry": { "type": "Polygon", "coordinates": [ [ [ -89.642500072825982, 20.990003632605745 ], [ -89.643392382575058, 20.990129722770963 ], [ -89.644129782141178, 20.990236462575123 ], [ -89.644111382808561, 20.990422953026378 ], [ -89.644622112371835, 20.990471012381398 ], [ -89.645153362214955, 20.990521032913506 ], [ -89.646206882079426, 20.990621152417063 ], [ -89.647244011698049, 20.99071783283221 ], [ -89.648210191750451, 20.990808922818324 ], [ -89.64821647147825, 20.990809522138019 ], [ -89.64797611178075, 20.991428402355151 ], [ -89.647900621748207, 20.991602032704971 ], [ -89.647780021802831, 20.991879452230481 ], [ -89.647768101364093, 20.991907552268547 ], [ -89.647410961932522, 20.992737402156585 ], [ -89.647203222028608, 20.993210981747623 ], [ -89.646995942111673, 20.993688401440991 ], [ -89.646773501996606, 20.994203951387064 ], [ -89.646567141311806, 20.994680831822397 ], [ -89.646386871480473, 20.995097371826656 ], [ -89.646183212149054, 20.995567971154891 ], [ -89.646144732182393, 20.995564430935076 ], [ -89.645663088058754, 20.995584902952562 ], [ -89.644619513890333, 20.995482922755798 ], [ -89.644570039851942, 20.995477828455495 ], [ -89.64374982882903, 20.995409501074597 ], [ -89.643564505134634, 20.995392296036645 ], [ -89.643309012213194, 20.995329551496667 ], [ -89.643200362541336, 20.995319350968206 ], [ -89.643074102338488, 20.995308631658474 ], [ -89.642552852823314, 20.99526623162847 ], [ -89.642498022420241, 20.995261631011825 ], [ -89.642464582860825, 20.995258651697277 ], [ -89.641986333110722, 20.995216461204432 ], [ -89.641733872813219, 20.995194171136408 ], [ -89.641710613031606, 20.995192121264498 ], [ -89.641826452912014, 20.994244651551693 ], [ -89.641860452850636, 20.994027711280523 ], [ -89.641865332627191, 20.993996661810563 ], [ -89.641991703274556, 20.993190382207406 ], [ -89.64199825339891, 20.993148541487823 ], [ -89.642117252552069, 20.99238943195234 ], [ -89.642120733328184, 20.992367202400548 ], [ -89.642243182687352, 20.991597682248504 ], [ -89.642374072550666, 20.99078560279915 ], [ -89.642451853189542, 20.990302832310103 ], [ -89.642500072825982, 20.990003632605745 ] ] ] } },
{ "type": "Feature", "properties": { "CVE_ENT": "31", "CVE_MUN": "050", "CVE_LOC": "0001", "CVE_AGEB": "0347", "CVEGEO": "3105000010347", "POBTOT": 3073, "cantidad_parques": 0.0, "parques_por_1000_hab": 0.0 }, "geometry": { "type": "Polygon", "coordinates": [ [ [ -89.605556453363704, 20.97257932694253 ], [ -89.605713422974034, 20.972371857049417 ], [ -89.605898923435049, 20.972296786391038 ], [ -89.60601471289354, 20.972253656552549 ], [ -89.606900092620023, 20.971835866571368 ], [ -89.606904492436684, 20.972174266562448 ], [ -89.606906492890602, 20.972584756730747 ], [ -89.607460492408094, 20.972507187039607 ], [ -89.608116092805346, 20.972424267078036 ], [ -89.608124742494255, 20.972472656762797 ], [ -89.608212692421617, 20.974000916770422 ], [ -89.608257632324268, 20.974796956084081 ], [ -89.608301462194191, 20.975573056060064 ], [ -89.60772126279636, 20.975576916001803 ], [ -89.607705312357041, 20.975739056013076 ], [ -89.607689372367147, 20.97590115591391 ], [ -89.607685462353984, 20.975940975548429 ], [ -89.607657282604578, 20.976227355791139 ], [ -89.607619862990433, 20.976749125639632 ], [ -89.607559342813232, 20.977223175122678 ], [ -89.607517752371024, 20.977653125801961 ], [ -89.607469833068379, 20.978133264878462 ], [ -89.608332371921165, 20.978208635622874 ], [ -89.608294822083366, 20.978720055122974 ], [ -89.608292771879718, 20.9787478052159 ], [ -89.608255802384406, 20.979251415033271 ], [ -89.608252712301962, 20.97929361542797 ], [ -89.608221262322516, 20.979721814546057 ], [ -89.608195342087953, 20.979987484503582 ], [ -89.608183692231947, 20.98010709507739 ], [ -89.607080683074699, 20.980119694558852 ], [ -89.606654852522681, 20.980135745083238 ], [ -89.606011923266777, 20.980159974578463 ], [ -89.605408973318433, 20.980183114310062 ], [ -89.60491672312159, 20.980202005087833 ], [ -89.604886953562726, 20.980203145133718 ], [ -89.603673373659333, 20.980249714544062 ], [ -89.603156063391609, 20.980269554507164 ], [ -89.602410194413238, 20.979970034561479 ], [ -89.602382293552182, 20.979958834770827 ], [ -89.602328603826322, 20.979937284594403 ], [ -89.601621484539152, 20.979624664682394 ], [ -89.600567294722794, 20.979159005329059 ], [ -89.600270884161219, 20.979027555159082 ], [ -89.599555544707414, 20.978724315024195 ], [ -89.598479744754869, 20.978268235162258 ], [ -89.598320714985846, 20.978200814855832 ], [ -89.597704435688286, 20.977939555314634 ], [ -89.597635405520336, 20.977909925346843 ], [ -89.598400295285344, 20.977272205645527 ], [ -89.598445375090236, 20.97723234572047 ], [ -89.598615454639216, 20.977081945560261 ], [ -89.598865404731342, 20.976875355732826 ], [ -89.598904834948485, 20.97684620582676 ], [ -89.599024054819424, 20.976758015764158 ], [ -89.599412634463093, 20.976452285600651 ], [ -89.599449924604968, 20.976422945875036 ], [ -89.600066284328506, 20.975899955279953 ], [ -89.600236094683154, 20.975751466041483 ], [ -89.600910714805323, 20.97516960557385 ], [ -89.60155039423779, 20.974652376149386 ], [ -89.6016122239092, 20.974619415664375 ], [ -89.601650554375098, 20.974598986225523 ], [ -89.602282403739807, 20.974255216076894 ], [ -89.602390513985725, 20.974207666252507 ], [ -89.602447684185691, 20.974182526631665 ], [ -89.602540173729622, 20.974166836585312 ], [ -89.603369523765252, 20.974041406106018 ], [ -89.603262404231472, 20.973818636178521 ], [ -89.603157694022585, 20.973616636573997 ], [ -89.603699403312802, 20.973386866388967 ], [ -89.604252883596686, 20.973152696875445 ], [ -89.604646083446994, 20.97297575610164 ], [ -89.604768283223891, 20.972920786719744 ], [ -89.605183202979021, 20.972741036205861 ], [ -89.605556453363704, 20.97257932694253 ] ] ] } },
{ "type": "Feature", "properties": { "CVE_ENT": "31", "CVE_MUN": "050", "CVE_LOC": "0001", "CVE_AGEB": "2447", "CVEGEO": "3105000012447", "POBTOT": 1664, "cantidad_parques": 0.0, "parques_por_1000_hab": 0.0 }, "geometry": { "type": "Polygon", "coordinates": [ [ [ -89.638963844227149, 21.002079519183148 ], [ -89.638551913999194, 21.001738349578925 ], [ -89.638197214016444, 21.001445179319511 ], [ -89.637814133939955, 21.001128550060237 ], [ -89.637477534036435, 21.000854689912565 ], [ -89.636766394011843, 21.00027559997487 ], [ -89.636709734103448, 21.000228980135564 ], [ -89.636108564352668, 20.999734380233601 ], [ -89.635799584653711, 20.999487880545232 ], [ -89.635767284317112, 20.999462090426213 ], [ -89.635018914397747, 20.998865030069364 ], [ -89.634337784700833, 20.998315140279427 ], [ -89.633904564687299, 20.997959940749539 ], [ -89.633879275206425, 20.99793257015207 ], [ -89.633805795179953, 20.997853050849759 ], [ -89.633770245437333, 20.997814540680601 ], [ -89.633693345542412, 20.997731310581031 ], [ -89.633418254803615, 20.997399570726433 ], [ -89.633253284945738, 20.997200630316456 ], [ -89.633287564895269, 20.997185741013848 ], [ -89.633463594874755, 20.997115740846773 ], [ -89.633713105086485, 20.996946910661443 ], [ -89.634318255346329, 20.996422280734045 ], [ -89.635173024532989, 20.995681210790309 ], [ -89.635201217321239, 20.995656803479132 ], [ -89.636155074922286, 20.994831311211726 ], [ -89.636250504781785, 20.994747091093995 ], [ -89.6362673948382, 20.994721951187984 ], [ -89.636281474051344, 20.994701001603669 ], [ -89.636436764163307, 20.994716551341181 ], [ -89.637204794518439, 20.994787541226302 ], [ -89.6373237038448, 20.994799051290528 ], [ -89.63737530418895, 20.994803681257377 ], [ -89.638162713946627, 20.994871811345192 ], [ -89.638244013708103, 20.994880031166574 ], [ -89.638323613563784, 20.994886691493278 ], [ -89.639011913724687, 20.994944681383117 ], [ -89.639126473913862, 20.994954001279208 ], [ -89.639175963778499, 20.994958151589579 ], [ -89.639209593503821, 20.99496098132839 ], [ -89.639996703496706, 20.995033571513375 ], [ -89.640290073627611, 20.995062381732705 ], [ -89.64036398342347, 20.995069431700454 ], [ -89.640262593849528, 20.996002290811106 ], [ -89.640180963140153, 20.996915350740402 ], [ -89.640176103228086, 20.996952060602947 ], [ -89.640115653421887, 20.997433320442838 ], [ -89.640112613355299, 20.997457690311393 ], [ -89.640056083552722, 20.99795941088216 ], [ -89.639999713672879, 20.998454550630544 ], [ -89.639946483711554, 20.998952290204766 ], [ -89.639898103164597, 20.999412230043518 ], [ -89.639845933457934, 20.999925210014901 ], [ -89.639811813114989, 21.000406969657028 ], [ -89.639759873886092, 21.000871850172398 ], [ -89.63970541319668, 21.001377150183142 ], [ -89.639702673879981, 21.001411319392627 ], [ -89.639638933701065, 21.001912029272454 ], [ -89.639604053354716, 21.002285999353479 ], [ -89.639406473913084, 21.00244468961316 ], [ -89.639210103357016, 21.002297259100747 ], [ -89.638963844227149, 21.002079519183148 ] ] ] } },
{ "type": "Feature", "properties": { "CVE_ENT": "31", "CVE_MUN": "050", "CVE_LOC": "0001", "CVE_AGEB": "2911", "CVEGEO": "3105000012911", "POBTOT": 2463, "cantidad_parques": 0.0, "parques_por_1000_hab": 0.0 }, "geometry": { "type": "Polygon", "coordinates": [ [ [ -89.582438839152715, 20.97285791616309 ], [ -89.582878529409598, 20.972762746345062 ], [ -89.582979148823881, 20.972744186529276 ], [ -89.582958919312716, 20.972320406404393 ], [ -89.582953979024538, 20.972222036696763 ], [ -89.582932239707745, 20.971776216773804 ], [ -89.582900869153534, 20.971331097087877 ], [ -89.582882669084071, 20.970879947155499 ], [ -89.582880609037574, 20.970653727240133 ], [ -89.582883059192142, 20.970423837183102 ], [ -89.584491689185668, 20.970409746761341 ], [ -89.584997918735354, 20.970410217126243 ], [ -89.585579178957289, 20.970413606657548 ], [ -89.58559260862404, 20.9704136867764 ], [ -89.585605729107272, 20.970413576864992 ], [ -89.586724628141354, 20.970403717001837 ], [ -89.587726977671039, 20.970383607216753 ], [ -89.587720008394825, 20.969932016875248 ], [ -89.587718458413491, 20.969815496914258 ], [ -89.587822327822536, 20.969808437426387 ], [ -89.58786008775337, 20.969805867541414 ], [ -89.588074317624972, 20.969791297392518 ], [ -89.588292067578067, 20.969762717411669 ], [ -89.588435807894797, 20.96974385701585 ], [ -89.588881527835042, 20.969685347499322 ], [ -89.589996777363496, 20.969505897095146 ], [ -89.590038126970342, 20.969499237089281 ], [ -89.590068207125071, 20.969494387198989 ], [ -89.591069826712271, 20.969333207377275 ], [ -89.591183777140429, 20.969314867094667 ], [ -89.591194696760567, 20.969313117632122 ], [ -89.591139857577943, 20.970203927386486 ], [ -89.591132486936857, 20.970323217259924 ], [ -89.591107627432876, 20.970627687255664 ], [ -89.591105927137519, 20.970797577025088 ], [ -89.591074116752139, 20.971392256555969 ], [ -89.591033836690599, 20.97212915636667 ], [ -89.591009347373429, 20.972611346758448 ], [ -89.590986467141406, 20.973120206737772 ], [ -89.590957827169191, 20.973126146793799 ], [ -89.590473267724761, 20.973226546476653 ], [ -89.590498097659207, 20.973673776580242 ], [ -89.590534757303004, 20.97419465646794 ], [ -89.590553346874188, 20.97457141626953 ], [ -89.590495267125263, 20.97457312555639 ], [ -89.589554667486453, 20.974621095611869 ], [ -89.589480857425983, 20.974626056111003 ], [ -89.588433628042523, 20.97469634565385 ], [ -89.587696458438884, 20.974747756204135 ], [ -89.587796488282734, 20.97427694575002 ], [ -89.587912518313871, 20.973751776198842 ], [ -89.58781880761984, 20.973766575731034 ], [ -89.586725958613357, 20.973991836052782 ], [ -89.586019058835461, 20.974136806527738 ], [ -89.585625998815374, 20.974211496152076 ], [ -89.584896029214008, 20.974353776353208 ], [ -89.584588148640776, 20.974417835906255 ], [ -89.584281469009269, 20.974481685863456 ], [ -89.58369823888313, 20.974603055772061 ], [ -89.583567199252983, 20.974630325735195 ], [ -89.582486609558487, 20.974841555909833 ], [ -89.58246575975231, 20.973819605812182 ], [ -89.582438839152715, 20.97285791616309 ] ] ] } },
{ "type": "Feature", "properties": { "CVE_ENT": "31", "CVE_MUN": "050", "CVE_LOC": "0001", "CVE_AGEB": "2945", "CVEGEO": "3105000012945", "POBTOT": 2337, "cantidad_parques": 0.0, "parques_por_1000_hab": 0.0 }, "geometry": { "type": "Polygon", "coordinates": [ [ [ -89.591784486933776, 20.978680264541865 ], [ -89.590734857528744, 20.978720785139057 ], [ -89.589679027529911, 20.978769384554599 ], [ -89.588617097738776, 20.97879488531651 ], [ -89.588006357548508, 20.97882392450629 ], [ -89.587480237592303, 20.978835524898852 ], [ -89.586829948275096, 20.978858955241844 ], [ -89.586839488118684, 20.9787756348885 ], [ -89.586899059392778, 20.97839931119578 ], [ -89.587004207776104, 20.977826785272256 ], [ -89.587108898097966, 20.977344295672339 ], [ -89.587230807818315, 20.976802515759012 ], [ -89.587359577988465, 20.976251955355007 ], [ -89.587484728291699, 20.975759545355086 ], [ -89.587587297719878, 20.975291865682362 ], [ -89.587600198210666, 20.975233055672639 ], [ -89.587696458438884, 20.974747756204135 ], [ -89.588433628042523, 20.97469634565385 ], [ -89.589480857425983, 20.974626056111003 ], [ -89.589554667486453, 20.974621095611869 ], [ -89.590495267125263, 20.97457312555639 ], [ -89.590553346874188, 20.97457141626953 ], [ -89.590534757303004, 20.97419465646794 ], [ -89.590498097659207, 20.973673776580242 ], [ -89.590473267724761, 20.973226546476653 ], [ -89.590957827169191, 20.973126146793799 ], [ -89.590986467141406, 20.973120206737772 ], [ -89.590972146756201, 20.973439126573055 ], [ -89.590997377182475, 20.973601856404112 ], [ -89.591030066816387, 20.973812616355712 ], [ -89.591247396698932, 20.974473496325743 ], [ -89.59129929666328, 20.974549696315254 ], [ -89.591491667203414, 20.97483206628619 ], [ -89.591658497215207, 20.975032546354818 ], [ -89.591805777228842, 20.975188715654109 ], [ -89.591943996942618, 20.975314266271926 ], [ -89.592068436944913, 20.975409086078511 ], [ -89.592228437014896, 20.975520975921182 ], [ -89.59255551648593, 20.975697435735686 ], [ -89.592776956728713, 20.975796615560373 ], [ -89.592777516511333, 20.975817255655556 ], [ -89.592797696710164, 20.976574235503541 ], [ -89.592797926139312, 20.976582555740841 ], [ -89.592798206233468, 20.976589655271415 ], [ -89.592838266629542, 20.977613175089374 ], [ -89.592848776123105, 20.978094314749352 ], [ -89.59287646672415, 20.978630124775876 ], [ -89.592912036667485, 20.979318684962848 ], [ -89.592924116343539, 20.979642255140611 ], [ -89.592953836932949, 20.980357415010626 ], [ -89.592964036610013, 20.980685354595238 ], [ -89.591893086413407, 20.980716884422357 ], [ -89.591874976736293, 20.980372864527894 ], [ -89.591845407058187, 20.979692754797611 ], [ -89.591837996905795, 20.979535894779431 ], [ -89.591784486933776, 20.978680264541865 ] ] ] } },
{ "type": "Feature", "properties": { "CVE_ENT": "31", "CVE_MUN": "050", "CVE_LOC": "0001", "CVE_AGEB": "605A", "CVEGEO": "310500001605A", "POBTOT": 2871, "cantidad_parques": 0.0, "parques_por_1000_hab": 0.0 }, "geometry": { "type": "Polygon", "coordinates": [ [ [ -89.637546395292489, 20.918926370071539 ], [ -89.637934504576634, 20.91810963101543 ], [ -89.638046715351521, 20.917873501125158 ], [ -89.638221545053881, 20.917508370672838 ], [ -89.638645024558855, 20.916565670894844 ], [ -89.639038144544827, 20.915690531091464 ], [ -89.64000825407409, 20.915805421096735 ], [ -89.640552144111993, 20.915853101479659 ], [ -89.640931043985489, 20.915904331123777 ], [ -89.641511993769271, 20.915979231586668 ], [ -89.642537963469792, 20.91611057155616 ], [ -89.642813983207105, 20.916143711538563 ], [ -89.64396458303051, 20.916278931535729 ], [ -89.643821542903112, 20.915355771740227 ], [ -89.643782083144558, 20.915352101476135 ], [ -89.643721333341205, 20.914384131513575 ], [ -89.643721933601014, 20.914354901979777 ], [ -89.643651613393061, 20.914347511611773 ], [ -89.643493933656984, 20.913335112897588 ], [ -89.643330443412921, 20.912445993109465 ], [ -89.643239673251443, 20.911904162795114 ], [ -89.643169283846476, 20.91160559346249 ], [ -89.643105992365747, 20.911323302400348 ], [ -89.643012963800643, 20.910767473471694 ], [ -89.642936962280203, 20.910207603079176 ], [ -89.642932182201434, 20.910171933434427 ], [ -89.642333222593336, 20.91014297296104 ], [ -89.642383454047575, 20.909502744213317 ], [ -89.642583453331412, 20.909321633988192 ], [ -89.642737943341203, 20.909335203548839 ], [ -89.643028393211083, 20.909360712628345 ], [ -89.643193243370305, 20.90955630420784 ], [ -89.643797143531245, 20.909616103413249 ], [ -89.644828962924038, 20.909831083563294 ], [ -89.645128682838745, 20.909893533005679 ], [ -89.646825152736525, 20.910109467958517 ], [ -89.64788504531866, 20.910267899741836 ], [ -89.647810022148946, 20.910633362750389 ], [ -89.647794822198165, 20.910707302206859 ], [ -89.647681271987395, 20.911257162397728 ], [ -89.647578982096789, 20.911703232388014 ], [ -89.647326842060707, 20.912653402324292 ], [ -89.647364472885627, 20.912690761716654 ], [ -89.64725779202972, 20.913079532194196 ], [ -89.647152311056033, 20.913563482891977 ], [ -89.64713930258182, 20.913643021928134 ], [ -89.646955902891676, 20.914493051360694 ], [ -89.646950362440933, 20.914535941376581 ], [ -89.646770513032948, 20.915502671030183 ], [ -89.646690452914058, 20.915869761772395 ], [ -89.646478422448965, 20.916751940860134 ], [ -89.646449112385568, 20.916886200728982 ], [ -89.646305583077819, 20.917530070636285 ], [ -89.646228982822976, 20.917870570972291 ], [ -89.64616022313237, 20.91822297063689 ], [ -89.646070342492948, 20.918725100155761 ], [ -89.645984642671166, 20.919121910202737 ], [ -89.645867902350133, 20.919662510554101 ], [ -89.645657442536915, 20.920637080507642 ], [ -89.644423483319969, 20.920418110174818 ], [ -89.643132313690046, 20.920135600393525 ], [ -89.642243993771061, 20.919940820362854 ], [ -89.642157983858993, 20.919923910698547 ], [ -89.641125418691843, 20.919745068103506 ], [ -89.64082625411622, 20.919693270089866 ], [ -89.640024214812954, 20.919496600745781 ], [ -89.638980314548419, 20.919240630689888 ], [ -89.637986601069159, 20.919005846106881 ], [ -89.637546395292489, 20.918926370071539 ] ] ] } },
{ "type": "Feature", "properties": { "CVE_ENT": "31", "CVE_MUN": "050", "CVE_LOC": "0001", "CVE_AGEB": "3040", "CVEGEO": "3105000013040", "POBTOT": 1952, "cantidad_parques": 0.0, "parques_por_1000_hab": 0.0 }, "geometry": { "type": "Polygon", "coordinates": [ [ [ -89.589151627954934, 20.98535949345057 ], [ -89.58918760715909, 20.985367283198066 ], [ -89.589224117746298, 20.985370863428471 ], [ -89.589262827654679, 20.985371083083471 ], [ -89.589301357056883, 20.98536748326751 ], [ -89.589339257446227, 20.985360143094319 ], [ -89.589376157594927, 20.985349113369114 ], [ -89.589411607292362, 20.985334523154208 ], [ -89.589445257092081, 20.985316523381762 ], [ -89.589476717224045, 20.98529532362393 ], [ -89.589505627218159, 20.985271173177512 ], [ -89.589531697063364, 20.985244293385232 ], [ -89.589554577749169, 20.985215092933004 ], [ -89.589583637082853, 20.985176213726021 ], [ -89.589624867839206, 20.985114372939584 ], [ -89.589657437853333, 20.98504818298689 ], [ -89.589669887702854, 20.985013053037566 ], [ -89.589688427438546, 20.984942603740986 ], [ -89.589699686940563, 20.984860323734775 ], [ -89.589806557409531, 20.984440253688042 ], [ -89.590110347085044, 20.984587773236701 ], [ -89.590161765004567, 20.98457028288318 ], [ -89.591144824202956, 20.98376414399527 ], [ -89.591666996807035, 20.984247553366153 ], [ -89.591719836895265, 20.984304923695504 ], [ -89.592518663808505, 20.985209148735009 ], [ -89.592571496237255, 20.985231413000914 ], [ -89.593164576561065, 20.984452083137707 ], [ -89.593727116656126, 20.985183833537345 ], [ -89.593805956197528, 20.985249942895344 ], [ -89.593831776410283, 20.985264863331587 ], [ -89.594440316320629, 20.984443943388019 ], [ -89.595077206245819, 20.985143652984302 ], [ -89.594647895984124, 20.985725083608024 ], [ -89.594339396390495, 20.986135493013087 ], [ -89.594164426400397, 20.986384212661104 ], [ -89.593947426564952, 20.986673802947166 ], [ -89.593666926484303, 20.987055482928938 ], [ -89.593345925931359, 20.987493452403911 ], [ -89.593124516632571, 20.987796973022679 ], [ -89.593007356169451, 20.987957572724294 ], [ -89.592976316178508, 20.988000862834724 ], [ -89.592653776723751, 20.988450542964472 ], [ -89.592519376887651, 20.988637972561495 ], [ -89.592189976502482, 20.989000232302768 ], [ -89.592016406264904, 20.989098661905572 ], [ -89.591191776548897, 20.989474462653575 ], [ -89.590555467035855, 20.989778691951585 ], [ -89.590251957037111, 20.989923172558342 ], [ -89.589790636946219, 20.990138811793297 ], [ -89.589271857869363, 20.99038065205955 ], [ -89.588861437440698, 20.990571951737255 ], [ -89.588171687230158, 20.989987771980395 ], [ -89.588055977915531, 20.989889771782885 ], [ -89.587901747519723, 20.98975917181173 ], [ -89.587029917737652, 20.989020772011603 ], [ -89.587268408293852, 20.988489512121554 ], [ -89.586262458255405, 20.988170182242186 ], [ -89.586111838533881, 20.988124612158899 ], [ -89.585796998458989, 20.988021352269204 ], [ -89.585690348175518, 20.987986382609055 ], [ -89.586551318428633, 20.987209712984725 ], [ -89.586576807784738, 20.987186713075342 ], [ -89.586603607840217, 20.987163632373623 ], [ -89.586926868338963, 20.986885262633173 ], [ -89.587417808171026, 20.986428122907494 ], [ -89.587894667662752, 20.986005612941028 ], [ -89.587981807711785, 20.985953813220881 ], [ -89.58806620811427, 20.985908293290237 ], [ -89.588253147887755, 20.985807453584211 ], [ -89.588480718127045, 20.985675512878899 ], [ -89.588531577485895, 20.985648583082838 ], [ -89.588819947956353, 20.985495983339618 ], [ -89.589028577864539, 20.985410122853182 ], [ -89.589151627954934, 20.98535949345057 ] ] ] } },
{ "type": "Feature", "properties": { "CVE_ENT": "31", "CVE_MUN": "050", "CVE_LOC": "0001", "CVE_AGEB": "2822", "CVEGEO": "3105000012822", "POBTOT": 1869, "cantidad_parques": 0.0, "parques_por_1000_hab": 0.0 }, "geometry": { "type": "Polygon", "coordinates": [ [ [ -89.563525004520017, 20.981781924870358 ], [ -89.563525030416741, 20.981781781276503 ], [ -89.563526311316267, 20.981772887463272 ], [ -89.563526319223044, 20.981772833468266 ], [ -89.563541636457614, 20.981666560500365 ], [ -89.563541657458728, 20.981666417417504 ], [ -89.563541738325696, 20.981665868507374 ], [ -89.563541755560976, 20.981665724206348 ], [ -89.563579937595335, 20.981391288443419 ], [ -89.563601032289597, 20.98123967200809 ], [ -89.563612245410368, 20.98115908018789 ], [ -89.563612265365279, 20.981158937930299 ], [ -89.563612765827912, 20.981155343372439 ], [ -89.563612785866567, 20.98115520021102 ], [ -89.563622146916529, 20.981088855878802 ], [ -89.56362780345205, 20.981048768954611 ], [ -89.563660028567782, 20.980820396142697 ], [ -89.563660048606309, 20.980820252981303 ], [ -89.563660841738937, 20.980814627835002 ], [ -89.563660861861052, 20.98081448376978 ], [ -89.56370572176786, 20.980493886659438 ], [ -89.563705741806231, 20.980493743498076 ], [ -89.563706802544772, 20.980486159482563 ], [ -89.563706822666873, 20.980486015417359 ], [ -89.563721990554086, 20.980374533126952 ], [ -89.56372303346383, 20.980366869338429 ], [ -89.563723059109066, 20.980366728456183 ], [ -89.563790771545399, 20.980009167854924 ], [ -89.563791366323031, 20.980006020856191 ], [ -89.563791387407292, 20.980005876869594 ], [ -89.563906982152474, 20.97914563191598 ], [ -89.56390700131179, 20.979145487772335 ], [ -89.563945844967236, 20.97885584269434 ], [ -89.563957426974881, 20.978769480129788 ], [ -89.563957446134083, 20.978769335986126 ], [ -89.563969535762112, 20.97867919641401 ], [ -89.563969539903439, 20.978679162146445 ], [ -89.563970259669986, 20.978673795114172 ], [ -89.563970279707888, 20.978673651952956 ], [ -89.56400724481307, 20.978424362198549 ], [ -89.56401037199808, 20.978403272225343 ], [ -89.564088412182954, 20.978100595577409 ], [ -89.56413939131734, 20.977909957279994 ], [ -89.564147047422949, 20.97788132604617 ], [ -89.564155624720655, 20.977849247536067 ], [ -89.564155645553214, 20.977849106261164 ], [ -89.564174350232477, 20.977736280088507 ], [ -89.564222968120589, 20.977443015606742 ], [ -89.564287646858403, 20.97705287275032 ], [ -89.565574103675985, 20.97727835485103 ], [ -89.565881003516907, 20.977181784899415 ], [ -89.567050813511869, 20.976855185021247 ], [ -89.56774356298294, 20.976695374983375 ], [ -89.56794215296074, 20.976720745057584 ], [ -89.568968013261966, 20.977046384741541 ], [ -89.569066663390771, 20.977076895551882 ], [ -89.569829262740171, 20.977343754773333 ], [ -89.570005032459875, 20.977403005424456 ], [ -89.570236002560065, 20.977394095293512 ], [ -89.570990162749794, 20.977256174753304 ], [ -89.57129616293075, 20.977179654815938 ], [ -89.572130612418192, 20.977020815260477 ], [ -89.572716401966204, 20.976867115474825 ], [ -89.573185331916903, 20.976769545292562 ], [ -89.573263291551228, 20.977097814807827 ], [ -89.573212612293247, 20.977113714928301 ], [ -89.573158211951949, 20.977461864734682 ], [ -89.573159211740318, 20.977498294718231 ], [ -89.573200411978888, 20.978133894897585 ], [ -89.573229162186692, 20.978756814835172 ], [ -89.573230362097632, 20.978793324920048 ], [ -89.573212302015605, 20.979438144439101 ], [ -89.573208641685298, 20.980383894219717 ], [ -89.573207462248106, 20.980456184432825 ], [ -89.573204441596076, 20.981401213873294 ], [ -89.57320427158983, 20.981454653641613 ], [ -89.572236952367504, 20.981518894041127 ], [ -89.572133831938984, 20.981522404097806 ], [ -89.572125892332025, 20.981522584120576 ], [ -89.572037131763935, 20.981524663917885 ], [ -89.572024162176689, 20.981524974484461 ], [ -89.571057762171037, 20.981543284461644 ], [ -89.569666162617537, 20.981608944242968 ], [ -89.568979813456892, 20.981642744210088 ], [ -89.568299133690303, 20.981662453988069 ], [ -89.567645433468073, 20.981700454364738 ], [ -89.567097323410465, 20.981729683812866 ], [ -89.566465333721368, 20.981756574293186 ], [ -89.566452304150232, 20.981757123554029 ], [ -89.566297904080528, 20.981763693846919 ], [ -89.564872234373496, 20.981824373726756 ], [ -89.56418410396833, 20.98185365388747 ], [ -89.563759694749365, 20.981871714308525 ], [ -89.563517842762025, 20.981873408611051 ], [ -89.563525004520017, 20.981781924870358 ] ] ] } },
{ "type": "Feature", "properties": { "CVE_ENT": "31", "CVE_MUN": "050", "CVE_LOC": "0001", "CVE_AGEB": "2413", "CVEGEO": "3105000012413", "POBTOT": 2963, "cantidad_parques": 0.0, "parques_por_1000_hab": 0.0 }, "geometry": { "type": "Polygon", "coordinates": [ [ [ -89.623288168128852, 21.008352277489131 ], [ -89.623210417544243, 21.007875427512033 ], [ -89.623172167588848, 21.007676027717618 ], [ -89.62315956746906, 21.007610338248877 ], [ -89.623118217930795, 21.007367878424013 ], [ -89.623037488091356, 21.006911378344306 ], [ -89.62295927796518, 21.006469208228694 ], [ -89.622968657779253, 21.006470008482914 ], [ -89.622995027827884, 21.006472288265073 ], [ -89.623802567787237, 21.006542078683474 ], [ -89.623833228219709, 21.006545347944183 ], [ -89.623927537340521, 21.006555478650498 ], [ -89.624122197787656, 21.00657637822793 ], [ -89.624363307450622, 21.006598678352134 ], [ -89.625595476963426, 21.006736808378204 ], [ -89.62559265750312, 21.006755688600073 ], [ -89.62659767686749, 21.006856608487688 ], [ -89.626742987303174, 21.005851708840048 ], [ -89.626977396690037, 21.005879228830654 ], [ -89.6279681669008, 21.005993938564789 ], [ -89.629314626488792, 21.006149368053364 ], [ -89.630629676172433, 21.006301348338294 ], [ -89.630754485812233, 21.006315778770169 ], [ -89.630839346033923, 21.00632267836788 ], [ -89.63190139550484, 21.006478738257996 ], [ -89.631841425210581, 21.00718707814681 ], [ -89.632045535153097, 21.00714219858094 ], [ -89.633180915492119, 21.006855338374496 ], [ -89.633176965674295, 21.007302748431734 ], [ -89.63454816530087, 21.007367608066374 ], [ -89.634556674915089, 21.007839948368812 ], [ -89.634557734897911, 21.007898918103805 ], [ -89.634561944390384, 21.008133168169206 ], [ -89.634562044707536, 21.008418687817151 ], [ -89.635537164996776, 21.008451247834873 ], [ -89.636031814109728, 21.008454537979969 ], [ -89.636371984025075, 21.008455538263977 ], [ -89.636611814523093, 21.008428308336896 ], [ -89.636537454428534, 21.009220767547209 ], [ -89.63652398398834, 21.009364277839492 ], [ -89.636456114513194, 21.0100876876608 ], [ -89.636438424200719, 21.010255087169295 ], [ -89.636324344551724, 21.011286827611578 ], [ -89.636312444193578, 21.011430397221496 ], [ -89.636290764504395, 21.011656007250796 ], [ -89.636262784054935, 21.011951277374138 ], [ -89.636245594577545, 21.012152576773591 ], [ -89.635456704302953, 21.012083007205945 ], [ -89.635210454148989, 21.012061287238041 ], [ -89.634963514197821, 21.012039507242651 ], [ -89.634183334866506, 21.011976256690428 ], [ -89.633547685369948, 21.011904007490021 ], [ -89.632909765520154, 21.011842286993449 ], [ -89.632074115480592, 21.011767256783553 ], [ -89.630170476065757, 21.011587597223478 ], [ -89.628156916990022, 21.011415346951011 ], [ -89.62706719661081, 21.011322376908723 ], [ -89.627002517126058, 21.01131684748249 ], [ -89.62681959689958, 21.011301247560553 ], [ -89.626043167215911, 21.011234997332039 ], [ -89.625800247198072, 21.011214277335167 ], [ -89.62506598764169, 21.011142777537575 ], [ -89.624911167267683, 21.011129137081507 ], [ -89.623756917562218, 21.01103985717959 ], [ -89.623750627803062, 21.011039367199768 ], [ -89.623744107862734, 21.011000847559089 ], [ -89.623636627959101, 21.010366277399562 ], [ -89.623571547579644, 21.01004674749715 ], [ -89.623534718286422, 21.00982836738828 ], [ -89.623429538064457, 21.009191257703371 ], [ -89.623419137441701, 21.009134807949682 ], [ -89.623412137535013, 21.009093447238087 ], [ -89.623401617912108, 21.009029457576311 ], [ -89.623288168128852, 21.008352277489131 ] ] ] } },
{ "type": "Feature", "properties": { "CVE_ENT": "31", "CVE_MUN": "050", "CVE_LOC": "0001", "CVE_AGEB": "3286", "CVEGEO": "3105000013286", "POBTOT": 2629, "cantidad_parques": 0.0, "parques_por_1000_hab": 0.0 }, "geometry": { "type": "Polygon", "coordinates": [ [ [ -89.636271977660883, 20.923199877193419 ], [ -89.636272040714061, 20.923199402426498 ], [ -89.637311535453151, 20.923462219296852 ], [ -89.63732473538407, 20.923465669486198 ], [ -89.638386395074676, 20.923741469588368 ], [ -89.638398624440441, 20.923744629628715 ], [ -89.639442544437813, 20.924009968812658 ], [ -89.639510904920996, 20.924028849176455 ], [ -89.640447843791407, 20.924280229141981 ], [ -89.640483763966614, 20.924289388713611 ], [ -89.641490714052765, 20.924538139133851 ], [ -89.642102343853139, 20.924698969301435 ], [ -89.642541583961815, 20.924858369407772 ], [ -89.643832683313619, 20.925333499157521 ], [ -89.643867483307758, 20.92534649896233 ], [ -89.644267283126439, 20.925491819063097 ], [ -89.64419864275574, 20.92559464877576 ], [ -89.643882253597042, 20.92599516837894 ], [ -89.64378714316598, 20.926092648402804 ], [ -89.643715742947293, 20.926165828959387 ], [ -89.643658332890425, 20.926233708634268 ], [ -89.642985473213713, 20.927041738589917 ], [ -89.64297018360493, 20.927062268444679 ], [ -89.642500343487171, 20.927602068591 ], [ -89.642250193668531, 20.927874097919869 ], [ -89.641531943826877, 20.928744467789592 ], [ -89.641439074278509, 20.928854018417457 ], [ -89.64084141026062, 20.929586387770282 ], [ -89.639803194953018, 20.929326946583416 ], [ -89.638662454218533, 20.929042718867255 ], [ -89.637595923999413, 20.92876609246019 ], [ -89.636579510565284, 20.928500210310176 ], [ -89.635554320443944, 20.928216931648315 ], [ -89.635685571445052, 20.927282106142844 ], [ -89.63569632121812, 20.927213206731338 ], [ -89.635849981320959, 20.926230376912653 ], [ -89.635858541184007, 20.926175547029242 ], [ -89.635996141476994, 20.925200417028858 ], [ -89.636137581198554, 20.924197897131727 ], [ -89.636143751389142, 20.924154187516539 ], [ -89.636271977660883, 20.923199877193419 ] ] ] } },
{ "type": "Feature", "properties": { "CVE_ENT": "31", "CVE_MUN": "050", "CVE_LOC": "0001", "CVE_AGEB": "5297", "CVEGEO": "3105000015297", "POBTOT": 1529, "cantidad_parques": 0.0, "parques_por_1000_hab": 0.0 }, "geometry": { "type": "Polygon", "coordinates": [ [ [ -89.591030066816387, 20.973812616355712 ], [ -89.590997377182475, 20.973601856404112 ], [ -89.590972146756201, 20.973439126573055 ], [ -89.590986467141406, 20.973120206737772 ], [ -89.591009347373429, 20.972611346758448 ], [ -89.591033836690599, 20.97212915636667 ], [ -89.591074116752139, 20.971392256555969 ], [ -89.592232376538661, 20.971201836971396 ], [ -89.593467776733831, 20.971004267386466 ], [ -89.594503406027215, 20.970839407106848 ], [ -89.59583254543557, 20.970619217301913 ], [ -89.596920465765081, 20.970468527521934 ], [ -89.597986295623954, 20.970324466872796 ], [ -89.598107464887988, 20.970737147273042 ], [ -89.598260225075478, 20.97125117719046 ], [ -89.598332654832177, 20.971487516522938 ], [ -89.598410235287403, 20.971740546720131 ], [ -89.59856589484221, 20.972258326752318 ], [ -89.598587115120068, 20.972330156414703 ], [ -89.598673924698659, 20.972624116810639 ], [ -89.598792425137489, 20.973111416099471 ], [ -89.598908854821133, 20.973528146117015 ], [ -89.599025035190934, 20.973798206231756 ], [ -89.599094344535047, 20.973896576161327 ], [ -89.599168694563758, 20.973972466291695 ], [ -89.599227544903144, 20.974033776215723 ], [ -89.599240994601658, 20.974045776258563 ], [ -89.599280824411224, 20.974111556132954 ], [ -89.599299494902041, 20.974143006551714 ], [ -89.599323124526649, 20.974181456557165 ], [ -89.599333725032082, 20.974051686551746 ], [ -89.599335555079364, 20.974029346081661 ], [ -89.599409654723232, 20.973910576618977 ], [ -89.599419924536676, 20.973905805824952 ], [ -89.599811424737752, 20.973711886740087 ], [ -89.600060204595991, 20.97358214627576 ], [ -89.600134694977697, 20.973723466680148 ], [ -89.600483464223743, 20.974359086487933 ], [ -89.600910714805323, 20.97516960557385 ], [ -89.600236094683154, 20.975751466041483 ], [ -89.600066284328506, 20.975899955279953 ], [ -89.599449924604968, 20.976422945875036 ], [ -89.599412634463093, 20.976452285600651 ], [ -89.599024054819424, 20.976758015764158 ], [ -89.598904834948485, 20.97684620582676 ], [ -89.598865404731342, 20.976875355732826 ], [ -89.598615454639216, 20.977081945560261 ], [ -89.598445375090236, 20.97723234572047 ], [ -89.598400295285344, 20.977272205645527 ], [ -89.597635405520336, 20.977909925346843 ], [ -89.596096685609353, 20.977249435175313 ], [ -89.594420775734889, 20.976520895805827 ], [ -89.593930726510507, 20.97628318535736 ], [ -89.592776956728713, 20.975796615560373 ], [ -89.59255551648593, 20.975697435735686 ], [ -89.592228437014896, 20.975520975921182 ], [ -89.592068436944913, 20.975409086078511 ], [ -89.591943996942618, 20.975314266271926 ], [ -89.591805777228842, 20.975188715654109 ], [ -89.591658497215207, 20.975032546354818 ], [ -89.591491667203414, 20.97483206628619 ], [ -89.59129929666328, 20.974549696315254 ], [ -89.591247396698932, 20.974473496325743 ], [ -89.591030066816387, 20.973812616355712 ] ] ] } },
{ "type": "Feature", "properties": { "CVE_ENT": "31", "CVE_MUN": "050", "CVE_LOC": "0001", "CVE_AGEB": "4212", "CVEGEO": "3105000014212", "POBTOT": 2442, "cantidad_parques": 0.0, "parques_por_1000_hab": 0.0 }, "geometry": { "type": "Polygon", "coordinates": [ [ [ -89.647118852442276, 20.959618380034943 ], [ -89.648488811870919, 20.958584041058682 ], [ -89.648546301336239, 20.958541100834836 ], [ -89.648878901506976, 20.958292760483847 ], [ -89.649733851761198, 20.957654381075869 ], [ -89.649766621141652, 20.957943961098461 ], [ -89.649829611072377, 20.958500490683406 ], [ -89.6499322409976, 20.95940369054393 ], [ -89.651103780626798, 20.959212670308769 ], [ -89.651227100635808, 20.959935100241566 ], [ -89.651274361149746, 20.960212009989405 ], [ -89.651444940354267, 20.961211349825629 ], [ -89.651615530833297, 20.962210689927481 ], [ -89.65092813048426, 20.962325789521149 ], [ -89.650378131408871, 20.962418639231256 ], [ -89.650271700631933, 20.962436219825793 ], [ -89.650344250850324, 20.963063259842261 ], [ -89.650402910652986, 20.963574719154707 ], [ -89.650390191034134, 20.963576419680706 ], [ -89.65022067124265, 20.963601099069788 ], [ -89.64946014174852, 20.963714869212456 ], [ -89.648127022002797, 20.963934179495695 ], [ -89.647321472224334, 20.964076669041223 ], [ -89.646403732546972, 20.964223779035851 ], [ -89.645438612689148, 20.964382059377964 ], [ -89.64448381214892, 20.964538609346267 ], [ -89.644473502465331, 20.964540299087506 ], [ -89.643827613265998, 20.964650469107934 ], [ -89.643691213023288, 20.963499289073475 ], [ -89.643647113389463, 20.963127069244035 ], [ -89.643607392803631, 20.963087589565028 ], [ -89.643621272662855, 20.963051689740634 ], [ -89.643827212382661, 20.96253323954868 ], [ -89.643991853072265, 20.962122749589945 ], [ -89.64418371266521, 20.961909329484417 ], [ -89.644341593006843, 20.961682519429747 ], [ -89.644355042531231, 20.961663189840856 ], [ -89.64460667266394, 20.961500730048854 ], [ -89.644694382225182, 20.961440059501658 ], [ -89.644848852796841, 20.961333209760671 ], [ -89.645419542471501, 20.960938499987702 ], [ -89.645534042176124, 20.960859290123228 ], [ -89.645650392070237, 20.960778839750514 ], [ -89.646232392437753, 20.960376260195176 ], [ -89.647099481756968, 20.959633010665161 ], [ -89.647118852442276, 20.959618380034943 ] ] ] } },
{ "type": "Feature", "properties": { "CVE_ENT": "31", "CVE_MUN": "050", "CVE_LOC": "0001", "CVE_AGEB": "338A", "CVEGEO": "310500001338A", "POBTOT": 3076, "cantidad_parques": 0.0, "parques_por_1000_hab": 0.0 }, "geometry": { "type": "Polygon", "coordinates": [ [ [ -89.645215441794292, 21.017354595780343 ], [ -89.645112612286908, 21.017349136261249 ], [ -89.644321532544367, 21.017182935685796 ], [ -89.643423762680655, 21.016994315831329 ], [ -89.643472472537468, 21.016654456384888 ], [ -89.642540762571556, 21.016534485587524 ], [ -89.641723012427548, 21.016426175528448 ], [ -89.641693312439656, 21.016422845895637 ], [ -89.641027982679276, 21.016358376070571 ], [ -89.639895053304272, 21.016248566004975 ], [ -89.63918179315597, 21.016190475619453 ], [ -89.638335853972094, 21.016121566365332 ], [ -89.637887673668402, 21.016087686258171 ], [ -89.637848684287661, 21.016085476296407 ], [ -89.636164854440807, 21.015983285876928 ], [ -89.635904704511432, 21.015953246364305 ], [ -89.635928884168663, 21.015588426142788 ], [ -89.635951424466143, 21.015296535833439 ], [ -89.635956244457333, 21.015245116098512 ], [ -89.635968964663661, 21.01505536588077 ], [ -89.635994784475685, 21.01467005627255 ], [ -89.6360597944023, 21.014016026221693 ], [ -89.636132824257416, 21.013196486454991 ], [ -89.636245594577545, 21.012152576773591 ], [ -89.636986394447902, 21.012228606878676 ], [ -89.637248364205178, 21.012255487032284 ], [ -89.6375237642537, 21.012283746958005 ], [ -89.638197413895398, 21.01235287731021 ], [ -89.6391728238615, 21.012455826951197 ], [ -89.639492053177264, 21.012485716684942 ], [ -89.639948273482787, 21.012533167336617 ], [ -89.640228503298601, 21.012561286838817 ], [ -89.640307253346876, 21.012564426863715 ], [ -89.641451012760911, 21.01244736699087 ], [ -89.641535272705042, 21.012438337148954 ], [ -89.641674622760235, 21.012424477095507 ], [ -89.641892533029932, 21.012408597373096 ], [ -89.642187042706709, 21.012395007174224 ], [ -89.642467442367931, 21.012373076938434 ], [ -89.642668282382033, 21.012359886766561 ], [ -89.643007072570356, 21.012337117258031 ], [ -89.643098912326451, 21.012328457263337 ], [ -89.643205442680966, 21.012316826983252 ], [ -89.643530782008085, 21.012290737073116 ], [ -89.643830562451669, 21.012268917292811 ], [ -89.64395108210671, 21.012273337454459 ], [ -89.643992272114787, 21.012274827408795 ], [ -89.644997302276153, 21.012476947325457 ], [ -89.645947542130088, 21.012661746690554 ], [ -89.646109101270113, 21.012693447377938 ], [ -89.646779981436964, 21.012879396925271 ], [ -89.646595391369971, 21.013416276587197 ], [ -89.646523021596892, 21.013948026234047 ], [ -89.646451161261851, 21.014827936111839 ], [ -89.646325271524375, 21.015733476339424 ], [ -89.646253251494102, 21.016269845786677 ], [ -89.646218301719742, 21.016654226407166 ], [ -89.646102331551788, 21.01753311589729 ], [ -89.646026501597532, 21.017518315461029 ], [ -89.645215441794292, 21.017354595780343 ] ] ] } },
{ "type": "Feature", "properties": { "CVE_ENT": "31", "CVE_MUN": "050", "CVE_LOC": "0001", "CVE_AGEB": "402A", "CVEGEO": "310500001402A", "POBTOT": 1573, "cantidad_parques": 0.0, "parques_por_1000_hab": 0.0 }, "geometry": { "type": "Polygon", "coordinates": [ [ [ -89.671646075192527, 20.926558789033933 ], [ -89.671901415475034, 20.926475989255614 ], [ -89.671986774712479, 20.926447268788085 ], [ -89.672804465520159, 20.926172309218551 ], [ -89.67289301507985, 20.9260920990505 ], [ -89.672808265428998, 20.926010019553495 ], [ -89.672215605501606, 20.925297299182294 ], [ -89.671642735342459, 20.924608429569012 ], [ -89.671525895390118, 20.924467879666697 ], [ -89.671016435676179, 20.923861539134158 ], [ -89.670859505476997, 20.923674939850351 ], [ -89.670346816190872, 20.923065369659021 ], [ -89.670102336173201, 20.92277466972627 ], [ -89.670060296055354, 20.922724681097343 ], [ -89.66969557601152, 20.92228324954101 ], [ -89.669477605265669, 20.921989865443788 ], [ -89.669476576151823, 20.921988479975532 ], [ -89.66947873305962, 20.921986741505776 ], [ -89.669478786433757, 20.921986698477667 ], [ -89.670308806493082, 20.921317571036671 ], [ -89.671041809831934, 20.92076852401949 ], [ -89.671041930543595, 20.920768433629526 ], [ -89.671043643495651, 20.920767149998607 ], [ -89.671043681991407, 20.920767121245241 ], [ -89.670733361483244, 20.920593890559207 ], [ -89.670734344224343, 20.920591924968964 ], [ -89.670734377378253, 20.920591859359934 ], [ -89.671185811804222, 20.919689180405367 ], [ -89.671632751571366, 20.918791230105683 ], [ -89.671976066499042, 20.918946755236238 ], [ -89.672611963363124, 20.919234819446679 ], [ -89.672612750602127, 20.919235175476686 ], [ -89.672475411392, 20.919509553930663 ], [ -89.672474289090417, 20.919511784134571 ], [ -89.672474390647537, 20.919511796909479 ], [ -89.673446555647232, 20.919633332046878 ], [ -89.674197905268926, 20.919707762254472 ], [ -89.675249195847698, 20.919856196051651 ], [ -89.675249444641736, 20.91985623075864 ], [ -89.675277815097843, 20.920559870459595 ], [ -89.675287134576664, 20.920841370560346 ], [ -89.67529267507129, 20.921452100420868 ], [ -89.675293215009134, 20.921712249978079 ], [ -89.675326874953356, 20.922678630066319 ], [ -89.675330674604098, 20.922711740313638 ], [ -89.67526483439012, 20.92368103002724 ], [ -89.675256134917646, 20.923736049743695 ], [ -89.675230664974151, 20.924156539243672 ], [ -89.675137354380411, 20.924917268939051 ], [ -89.675126584411231, 20.925041429061839 ], [ -89.675077184685136, 20.925314279119725 ], [ -89.675068245186608, 20.925441728940598 ], [ -89.675028754756838, 20.925856599537067 ], [ -89.67504393484667, 20.926049629423733 ], [ -89.675022804917532, 20.926249228711757 ], [ -89.6749723548551, 20.926740019152181 ], [ -89.674914234410835, 20.927219508709939 ], [ -89.674299755311907, 20.927765478540834 ], [ -89.674944704326663, 20.928520628692109 ], [ -89.675579274934833, 20.929271628709316 ], [ -89.676013304460696, 20.929784708189899 ], [ -89.676602844113347, 20.930481627489318 ], [ -89.676611704390965, 20.930493428142231 ], [ -89.676848463978885, 20.930773627756384 ], [ -89.676761234529536, 20.930820468849976 ], [ -89.675226075019978, 20.931644788678231 ], [ -89.673977065348296, 20.932300027911868 ], [ -89.673965094780371, 20.932279847437055 ], [ -89.673572985336179, 20.931619387989972 ], [ -89.672964124991793, 20.930545757703811 ], [ -89.672355305035836, 20.929472108210611 ], [ -89.672710895530656, 20.929162468658966 ], [ -89.672045325119626, 20.928362338402575 ], [ -89.672094305837646, 20.928313198492091 ], [ -89.671993205639609, 20.92757373889399 ], [ -89.671958405145219, 20.927030248652606 ], [ -89.671646075192527, 20.926558789033933 ] ] ] } },
{ "type": "Feature", "properties": { "CVE_ENT": "31", "CVE_MUN": "050", "CVE_LOC": "0001", "CVE_AGEB": "0313", "CVEGEO": "3105000010313", "POBTOT": 2205, "cantidad_parques": 0.0, "parques_por_1000_hab": 0.0 }, "geometry": { "type": "Polygon", "coordinates": [ [ [ -89.631546995705108, 20.983173694349027 ], [ -89.631468255491669, 20.983433834328089 ], [ -89.630531906544761, 20.983190694270579 ], [ -89.630277015926936, 20.983124494495712 ], [ -89.629601706424225, 20.98295321454523 ], [ -89.629509796916594, 20.982931374434017 ], [ -89.628655346457947, 20.982729604180719 ], [ -89.627530566768726, 20.98246723399857 ], [ -89.627456387096998, 20.982457494447424 ], [ -89.626576597078852, 20.982388724022826 ], [ -89.625996537268463, 20.982354553992874 ], [ -89.626018167128265, 20.982296914398717 ], [ -89.626369647047355, 20.981350884895161 ], [ -89.626397386996075, 20.981264154899026 ], [ -89.626410247222267, 20.981224784365754 ], [ -89.626428547191097, 20.981171344635271 ], [ -89.626589767503503, 20.980732374598539 ], [ -89.626607507580999, 20.980686234624667 ], [ -89.626866226801795, 20.979959145104601 ], [ -89.627336846785724, 20.978612265243544 ], [ -89.627750627322271, 20.977473615406964 ], [ -89.62811659740315, 20.976484985830929 ], [ -89.62915187692937, 20.976687726137449 ], [ -89.629286456520205, 20.97671341550307 ], [ -89.630640256710123, 20.976969285950396 ], [ -89.630830616611121, 20.977007665552506 ], [ -89.631889905839799, 20.977223125582558 ], [ -89.63308539531134, 20.977466755876229 ], [ -89.634280765489592, 20.977713605942295 ], [ -89.63563694483787, 20.977959415601461 ], [ -89.635342594741942, 20.979153665103279 ], [ -89.635328394578409, 20.97921405498861 ], [ -89.63500965473375, 20.980567915160378 ], [ -89.634905074698835, 20.981012115143283 ], [ -89.634813944715972, 20.98143692499913 ], [ -89.634463715050614, 20.982637584796581 ], [ -89.634283455647406, 20.983526144597707 ], [ -89.633339625216067, 20.983418803977649 ], [ -89.633178905936475, 20.98340132410366 ], [ -89.632422795691696, 20.983295863902796 ], [ -89.631546995705108, 20.983173694349027 ] ] ] } },
{ "type": "Feature", "properties": { "CVE_ENT": "31", "CVE_MUN": "050", "CVE_LOC": "0001", "CVE_AGEB": "3712", "CVEGEO": "3105000013712", "POBTOT": 2771, "cantidad_parques": 0.0, "parques_por_1000_hab": 0.0 }, "geometry": { "type": "Polygon", "coordinates": [ [ [ -89.641763312393138, 21.03155733187133 ], [ -89.641809612575301, 21.031245301955384 ], [ -89.641962793065048, 21.030273372353086 ], [ -89.641965132239108, 21.03025853250282 ], [ -89.642377902193232, 21.030250282217324 ], [ -89.642406982364562, 21.030253402777092 ], [ -89.642510502544354, 21.030266022541831 ], [ -89.642604562739891, 21.030277272207545 ], [ -89.642620902547293, 21.030279022583809 ], [ -89.6426350720822, 21.030283972778751 ], [ -89.644002761560614, 21.030769942841012 ], [ -89.644016341592774, 21.030777042524505 ], [ -89.644084822360895, 21.030806472004627 ], [ -89.644210822077255, 21.030862562420218 ], [ -89.644229012408402, 21.030870652428789 ], [ -89.645597391872101, 21.03135616253034 ], [ -89.645690821546523, 21.031389071971223 ], [ -89.64572661175545, 21.03140197271976 ], [ -89.645760881440154, 21.031414342207334 ], [ -89.646065391775053, 21.031527422345206 ], [ -89.646191941405917, 21.031574342466563 ], [ -89.646197641582816, 21.031565792699478 ], [ -89.646204250938126, 21.031557872143736 ], [ -89.646211711316141, 21.031550622528037 ], [ -89.646219931333022, 21.031544162114646 ], [ -89.646228841196518, 21.031538532599601 ], [ -89.646238331785327, 21.03153380254226 ], [ -89.646248281260839, 21.031530052220063 ], [ -89.646258591634137, 21.031527281884866 ], [ -89.646269181559774, 21.031525532296008 ], [ -89.646279881628814, 21.031524852554714 ], [ -89.646290611155592, 21.0315252024253 ], [ -89.646301220901279, 21.031526622626977 ], [ -89.646311651610844, 21.031529071929505 ], [ -89.64632171097773, 21.031532532010438 ], [ -89.646331381299078, 21.031536942241672 ], [ -89.64634047139748, 21.031542282571124 ], [ -89.646348911212456, 21.031548502696666 ], [ -89.646356621742328, 21.031555512432956 ], [ -89.64636351130288, 21.031563222387827 ], [ -89.646369501133762, 21.031571592481775 ], [ -89.646374541124388, 21.031580482053517 ], [ -89.646378561047968, 21.031589842608692 ], [ -89.64638150124911, 21.031599531801525 ], [ -89.646383360995486, 21.031609452132141 ], [ -89.646384081752743, 21.031619512342406 ], [ -89.646383701605444, 21.0316295725464 ], [ -89.646379611658986, 21.031649331951478 ], [ -89.646504241085196, 21.031696271884719 ], [ -89.646800221285204, 21.03180579218256 ], [ -89.646848080806265, 21.031825022123261 ], [ -89.646958811558591, 21.031866102234925 ], [ -89.648161651230311, 21.032311542391405 ], [ -89.648271760540879, 21.03235099204273 ], [ -89.648046330458897, 21.032870941591234 ], [ -89.647863471313102, 21.033304131931285 ], [ -89.647685710539676, 21.033725241284852 ], [ -89.64750871085316, 21.03414460193612 ], [ -89.647323931069266, 21.03458308141505 ], [ -89.647150301351331, 21.035001961213585 ], [ -89.646973531428543, 21.035428511033402 ], [ -89.646786850856813, 21.035878791591863 ], [ -89.646611440892556, 21.036301941058962 ], [ -89.646441471658747, 21.036712201311335 ], [ -89.646260961152976, 21.037147711162078 ], [ -89.644851851550669, 21.036629271228463 ], [ -89.64429088153372, 21.036421071333855 ], [ -89.643687902292584, 21.036246931278686 ], [ -89.643861012353582, 21.03582536100167 ], [ -89.644061381493458, 21.035367681199368 ], [ -89.644248852011202, 21.034912841319503 ], [ -89.644190901842151, 21.034889731664073 ], [ -89.642623902270913, 21.034320241876078 ], [ -89.641451593150919, 21.033885931356341 ], [ -89.641509612989481, 21.033448241858299 ], [ -89.641573452315839, 21.032966401955839 ], [ -89.64163810261752, 21.032478642194786 ], [ -89.641699182174492, 21.032017731663764 ], [ -89.641763312393138, 21.03155733187133 ] ] ] } },
{ "type": "Feature", "properties": { "CVE_ENT": "31", "CVE_MUN": "050", "CVE_LOC": "0001", "CVE_AGEB": "5704", "CVEGEO": "3105000015704", "POBTOT": 1637, "cantidad_parques": 0.0, "parques_por_1000_hab": 0.0 }, "geometry": { "type": "Polygon", "coordinates": [ [ [ -89.708672964673823, 21.005921709558788 ], [ -89.708672971207292, 21.005921638147569 ], [ -89.708672979748755, 21.005921565987808 ], [ -89.708688626659679, 21.005818803747115 ], [ -89.708664523475207, 21.005729518925293 ], [ -89.70861136353632, 21.00565420993134 ], [ -89.708522053809801, 21.005600978977188 ], [ -89.708451364806677, 21.005577629390935 ], [ -89.708451382604196, 21.005577487860858 ], [ -89.708626924362576, 21.004672279200229 ], [ -89.708796175004835, 21.003799400105745 ], [ -89.708888054887652, 21.003325630046159 ], [ -89.709153604541413, 21.001956250069973 ], [ -89.709417974868757, 21.000586230687585 ], [ -89.709509224882055, 21.000108741032669 ], [ -89.709866174053843, 20.99824078079407 ], [ -89.709939624846683, 20.998239941182216 ], [ -89.710008024096737, 20.998220651291081 ], [ -89.710068944614079, 20.998178321659736 ], [ -89.710118834810331, 20.998119891453481 ], [ -89.710133654155371, 20.998041281448174 ], [ -89.711485484402715, 20.998269741457761 ], [ -89.712924773746806, 20.998512941010755 ], [ -89.712785403634939, 20.999243181386387 ], [ -89.712699543802557, 20.999693030695852 ], [ -89.712614283962779, 21.000139780561838 ], [ -89.712523194126959, 21.000617050998809 ], [ -89.712432713479544, 21.001091120760265 ], [ -89.712342173536129, 21.001565460885626 ], [ -89.71225588402389, 21.002017580040498 ], [ -89.712170883995455, 21.002462910031554 ], [ -89.712084803417966, 21.002913919874782 ], [ -89.711999343563576, 21.003361709919172 ], [ -89.71190937369893, 21.003833049814997 ], [ -89.711817714324212, 21.004313259501291 ], [ -89.711648944022116, 21.004289280118105 ], [ -89.711568653612488, 21.004455569429894 ], [ -89.71136737363625, 21.004872409474306 ], [ -89.711166794398622, 21.005287829888797 ], [ -89.710964034528999, 21.005707749432727 ], [ -89.710764914035693, 21.006120139426319 ], [ -89.710480884345785, 21.0067083789462 ], [ -89.709928514108896, 21.006468048889147 ], [ -89.708672964673823, 21.005921709558788 ] ] ] } },
{ "type": "Feature", "properties": { "CVE_ENT": "31", "CVE_MUN": "050", "CVE_LOC": "0001", "CVE_AGEB": "2235", "CVEGEO": "3105000012235", "POBTOT": 2095, "cantidad_parques": 0.0, "parques_por_1000_hab": 0.0 }, "geometry": { "type": "Polygon", "coordinates": [ [ [ -89.646237531509769, 20.995601711322657 ], [ -89.646249741745862, 20.995572681345429 ], [ -89.646183212149054, 20.995567971154891 ], [ -89.646386871480473, 20.995097371826656 ], [ -89.646567141311806, 20.994680831822397 ], [ -89.646773501996606, 20.994203951387064 ], [ -89.646995942111673, 20.993688401440991 ], [ -89.647203222028608, 20.993210981747623 ], [ -89.647410961932522, 20.992737402156585 ], [ -89.648516883249115, 20.993142215869522 ], [ -89.648531841098048, 20.993157842167637 ], [ -89.648550633749991, 20.993170085839985 ], [ -89.648560144106639, 20.993174455750122 ], [ -89.648567183559379, 20.993176875992965 ], [ -89.648580353461298, 20.993180275913126 ], [ -89.648590843781776, 20.993181675553391 ], [ -89.648601433466197, 20.993182026000444 ], [ -89.648611984009804, 20.993181336058701 ], [ -89.648622414077039, 20.993179625542176 ], [ -89.648632583854706, 20.993176885847237 ], [ -89.648642413294695, 20.993173186066716 ], [ -89.648667463340558, 20.993157245640354 ], [ -89.648686943324719, 20.993133955540124 ], [ -89.649946440908039, 20.993558831776888 ], [ -89.650444100578852, 20.993726711594441 ], [ -89.650529590787272, 20.993771231931781 ], [ -89.651242450220337, 20.994025772145438 ], [ -89.652480730269815, 20.994436411704278 ], [ -89.65308577986697, 20.994641371879847 ], [ -89.654711049365574, 20.995181291293591 ], [ -89.654592839643612, 20.995494831449651 ], [ -89.654392219789045, 20.996005610834356 ], [ -89.654186939244994, 20.996528290646058 ], [ -89.653984879379294, 20.997042750741578 ], [ -89.653781879834213, 20.997575481296668 ], [ -89.653593069968636, 20.998087260705375 ], [ -89.653572209736581, 20.998141400364755 ], [ -89.653392209461529, 20.998612720250783 ], [ -89.651795900012601, 20.998046580987452 ], [ -89.651768129844342, 20.998036720832037 ], [ -89.650405040362145, 20.997558481140569 ], [ -89.649934410462137, 20.99738841113226 ], [ -89.648650871544703, 20.99693645114586 ], [ -89.647307781305372, 20.996495771293961 ], [ -89.646045781809434, 20.996057050720189 ], [ -89.646237531509769, 20.995601711322657 ] ] ] } },
{ "type": "Feature", "properties": { "CVE_ENT": "31", "CVE_MUN": "050", "CVE_LOC": "0001", "CVE_AGEB": "0417", "CVEGEO": "3105000010417", "POBTOT": 2704, "cantidad_parques": 0.0, "parques_por_1000_hab": 0.0 }, "geometry": { "type": "Polygon", "coordinates": [ [ [ -89.643712422804313, 20.973576217222977 ], [ -89.64372627260677, 20.973410327142581 ], [ -89.643764222616554, 20.973050326824691 ], [ -89.64381008301747, 20.972615297038097 ], [ -89.643879652755103, 20.971955417431026 ], [ -89.644880672056544, 20.972036497477507 ], [ -89.64501145200795, 20.972047087205734 ], [ -89.645415612302827, 20.972079807177671 ], [ -89.645867111938813, 20.97211637745173 ], [ -89.645881672471404, 20.972117557498319 ], [ -89.646787131899089, 20.972190887042956 ], [ -89.646882671584578, 20.972198617132516 ], [ -89.647669811900045, 20.97226234745925 ], [ -89.647883681955093, 20.972279687415401 ], [ -89.648048561787377, 20.972293017010767 ], [ -89.648567421682102, 20.972335037016265 ], [ -89.6488847015478, 20.972360727203757 ], [ -89.649420580822962, 20.972404657028719 ], [ -89.650123761253198, 20.972462317121206 ], [ -89.65008074130067, 20.973180116532852 ], [ -89.650029311238498, 20.974013656797698 ], [ -89.649130620840538, 20.97395557656667 ], [ -89.649078990915626, 20.974776066543367 ], [ -89.649028441085207, 20.97559108611452 ], [ -89.648978361116221, 20.976439266452715 ], [ -89.648975841224527, 20.976482175721507 ], [ -89.648974310853831, 20.976507896112313 ], [ -89.648922561536338, 20.977384345905957 ], [ -89.648920191648998, 20.977424715790217 ], [ -89.648873381121575, 20.9781934560318 ], [ -89.648860241225762, 20.978409205481231 ], [ -89.648823821196217, 20.97900700520616 ], [ -89.648821021659799, 20.979053145550555 ], [ -89.648800281361446, 20.979393715121521 ], [ -89.648769811622614, 20.979884744843858 ], [ -89.648740851558401, 20.98036908473296 ], [ -89.648740310864966, 20.980378215474207 ], [ -89.648070311242364, 20.979972494783674 ], [ -89.64798578141766, 20.979919834877673 ], [ -89.647890211742506, 20.979859614818 ], [ -89.647834221580212, 20.979825604844837 ], [ -89.64760961177673, 20.979689805313406 ], [ -89.647047331309196, 20.97935451538692 ], [ -89.647030311837256, 20.979344215581825 ], [ -89.646972302216327, 20.979309775597173 ], [ -89.646890361616954, 20.979261485677174 ], [ -89.646271382201007, 20.978893685652586 ], [ -89.646187331923429, 20.978843775420952 ], [ -89.646062102186264, 20.978769415213133 ], [ -89.645976811786653, 20.97871889523925 ], [ -89.645939932037052, 20.978696895726088 ], [ -89.645912312409081, 20.978679835209302 ], [ -89.645808252241267, 20.978616205095836 ], [ -89.645793332034089, 20.978608035984994 ], [ -89.645721421733242, 20.978563065847215 ], [ -89.644323282987173, 20.977701686036323 ], [ -89.64368524271147, 20.977309685845562 ], [ -89.64367610303097, 20.977304345770815 ], [ -89.643581913106246, 20.977234115819176 ], [ -89.64354733272387, 20.977207785485003 ], [ -89.643414053142905, 20.977108916005172 ], [ -89.643418902794807, 20.977048146069748 ], [ -89.643437683106328, 20.976812885856468 ], [ -89.643469762667081, 20.976411286268419 ], [ -89.643503422598229, 20.976070635893677 ], [ -89.643508983263999, 20.976014405795599 ], [ -89.643557302687498, 20.975435296414297 ], [ -89.643570883155064, 20.975272486777222 ], [ -89.643617622695089, 20.974712376370011 ], [ -89.643642183079265, 20.974418386424528 ], [ -89.643712422804313, 20.973576217222977 ] ] ] } },
{ "type": "Feature", "properties": { "CVE_ENT": "31", "CVE_MUN": "050", "CVE_LOC": "0001", "CVE_AGEB": "0648", "CVEGEO": "3105000010648", "POBTOT": 2955, "cantidad_parques": 0.0, "parques_por_1000_hab": 0.0 }, "geometry": { "type": "Polygon", "coordinates": [ [ [ -89.608691752178459, 20.956481070444553 ], [ -89.60869889228637, 20.956453270479866 ], [ -89.608812232198289, 20.956001750997551 ], [ -89.608808822353964, 20.955858021108551 ], [ -89.608443792673683, 20.955378521386809 ], [ -89.608191522401583, 20.95508449083788 ], [ -89.60816374236741, 20.955049471312542 ], [ -89.607637352661754, 20.954386441328573 ], [ -89.607052063019481, 20.953655901081632 ], [ -89.606912713161094, 20.9534850711803 ], [ -89.607348032501378, 20.95312978171777 ], [ -89.607640052744244, 20.953203061113111 ], [ -89.607898352730984, 20.952233531473084 ], [ -89.608165952428678, 20.951228982046249 ], [ -89.608189722467387, 20.951154062331465 ], [ -89.608447352676819, 20.950249892691815 ], [ -89.608471352760446, 20.950165672312682 ], [ -89.608726092269933, 20.949279702728635 ], [ -89.608935922662553, 20.948495612612238 ], [ -89.609588202636658, 20.949101502517255 ], [ -89.60983252212354, 20.949334412933247 ], [ -89.610238482369368, 20.949721442538742 ], [ -89.610324082153696, 20.949803022631801 ], [ -89.610714832348947, 20.95018596228525 ], [ -89.610879971877509, 20.950347761937753 ], [ -89.611520141708326, 20.950975062003153 ], [ -89.611554971765855, 20.951019991917651 ], [ -89.611576192042236, 20.951048131848239 ], [ -89.611957771878579, 20.951556951771018 ], [ -89.612054601856016, 20.95168607227135 ], [ -89.612233321269372, 20.951924411656417 ], [ -89.612638721096701, 20.952463871292764 ], [ -89.612874711107338, 20.952761121685715 ], [ -89.613476521210842, 20.952848671348328 ], [ -89.613518621565106, 20.952856131328421 ], [ -89.614840790613272, 20.953017951312894 ], [ -89.614603690635434, 20.954155951764818 ], [ -89.61459837090203, 20.954186061732198 ], [ -89.614398281457454, 20.955316690735902 ], [ -89.61438751131378, 20.955377611294821 ], [ -89.614098190636255, 20.956401160882184 ], [ -89.614087770584518, 20.956422760579756 ], [ -89.613772480828899, 20.957492220073547 ], [ -89.612592991097571, 20.957138180413473 ], [ -89.611437421730287, 20.956814870326841 ], [ -89.610929292048453, 20.95666002086562 ], [ -89.61012868211111, 20.956413260774042 ], [ -89.610115401891818, 20.956464750483892 ], [ -89.610015682328566, 20.956857130215027 ], [ -89.608691752178459, 20.956481070444553 ] ] ] } },
{ "type": "Feature", "properties": { "CVE_ENT": "31", "CVE_MUN": "050", "CVE_LOC": "0001", "CVE_AGEB": "3021", "CVEGEO": "3105000013021", "POBTOT": 2058, "cantidad_parques": 0.0, "parques_por_1000_hab": 0.0 }, "geometry": { "type": "Polygon", "coordinates": [ [ [ -89.582316429728152, 20.986342182601778 ], [ -89.582415399605111, 20.986177743398553 ], [ -89.582805669013922, 20.985530773023346 ], [ -89.582846119272659, 20.985463323290301 ], [ -89.583359159242775, 20.984607403569072 ], [ -89.583645228640208, 20.984142853650738 ], [ -89.583681378996999, 20.984085063383588 ], [ -89.583847489087617, 20.983830323435352 ], [ -89.584232558880544, 20.983238893567815 ], [ -89.584674748995752, 20.983224523846733 ], [ -89.584888628394538, 20.982920003773099 ], [ -89.58491234905155, 20.982658434326982 ], [ -89.584917628559481, 20.98255297432609 ], [ -89.584929128501798, 20.982438204351205 ], [ -89.584958158284508, 20.982095124279638 ], [ -89.584969918906168, 20.981952063938746 ], [ -89.584975129098481, 20.981866063793731 ], [ -89.584977408629229, 20.981819293902422 ], [ -89.585011578842483, 20.981373944628 ], [ -89.585039898829081, 20.981006724456748 ], [ -89.585040268925141, 20.98098668449877 ], [ -89.585042128304266, 20.980977884218042 ], [ -89.585134299007478, 20.980975214265726 ], [ -89.586111927995844, 20.980947004117652 ], [ -89.586177348119563, 20.980945114033396 ], [ -89.586198898651219, 20.980944174745176 ], [ -89.586692539241099, 20.980914361650221 ], [ -89.586692657276288, 20.980914353966579 ], [ -89.587464148427131, 20.980865484330081 ], [ -89.587467208449496, 20.980905034234162 ], [ -89.587474446076868, 20.981000837419931 ], [ -89.587492579090423, 20.981240281189905 ], [ -89.587516725255497, 20.98161836162873 ], [ -89.587532057847014, 20.98201708447597 ], [ -89.588381237375259, 20.981979485089997 ], [ -89.588038822710132, 20.982776327459202 ], [ -89.589858473683137, 20.983442603724157 ], [ -89.589862756860626, 20.983990404033712 ], [ -89.589866527547471, 20.984030803170977 ], [ -89.589869727683521, 20.984088853652789 ], [ -89.589869697249853, 20.984146953300744 ], [ -89.589866426889401, 20.984205003911878 ], [ -89.589806557409531, 20.984440253688042 ], [ -89.589699686940563, 20.984860323734775 ], [ -89.589688427438546, 20.984942603740986 ], [ -89.589669887702854, 20.985013053037566 ], [ -89.589657437853333, 20.98504818298689 ], [ -89.589624867839206, 20.985114372939584 ], [ -89.589583637082853, 20.985176213726021 ], [ -89.589554577749169, 20.985215092933004 ], [ -89.589531697063364, 20.985244293385232 ], [ -89.589505627218159, 20.985271173177512 ], [ -89.589476717224045, 20.98529532362393 ], [ -89.589445257092081, 20.985316523381762 ], [ -89.589411607292362, 20.985334523154208 ], [ -89.589376157594927, 20.985349113369114 ], [ -89.589339257446227, 20.985360143094319 ], [ -89.589301357056883, 20.98536748326751 ], [ -89.589262827654679, 20.985371083083471 ], [ -89.589224117746298, 20.985370863428471 ], [ -89.58918760715909, 20.985367283198066 ], [ -89.589151627954934, 20.98535949345057 ], [ -89.589028577864539, 20.985410122853182 ], [ -89.588819947956353, 20.985495983339618 ], [ -89.588531577485895, 20.985648583082838 ], [ -89.588480718127045, 20.985675512878899 ], [ -89.588253147887755, 20.985807453584211 ], [ -89.58806620811427, 20.985908293290237 ], [ -89.587981807711785, 20.985953813220881 ], [ -89.587894667662752, 20.986005612941028 ], [ -89.587417808171026, 20.986428122907494 ], [ -89.586926868338963, 20.986885262633173 ], [ -89.586603607840217, 20.987163632373623 ], [ -89.586576807784738, 20.987186713075342 ], [ -89.586384978468487, 20.987025082747198 ], [ -89.586047088410595, 20.98671726323628 ], [ -89.586005117859315, 20.986712752838788 ], [ -89.585596408511051, 20.986685342528819 ], [ -89.584644058728244, 20.986637913237786 ], [ -89.58458206851688, 20.986631952918991 ], [ -89.584466858792268, 20.986620892757752 ], [ -89.582693329243241, 20.986498683283838 ], [ -89.582665399189423, 20.986491082776467 ], [ -89.582618999349734, 20.986479552479324 ], [ -89.582316429728152, 20.986342182601778 ] ] ] } },
{ "type": "Feature", "properties": { "CVE_ENT": "31", "CVE_MUN": "050", "CVE_LOC": "0001", "CVE_AGEB": "5600", "CVEGEO": "3105000015600", "POBTOT": 2568, "cantidad_parques": 0.0, "parques_por_1000_hab": 0.0 }, "geometry": { "type": "Polygon", "coordinates": [ [ [ -89.585013158422328, 21.033174561590965 ], [ -89.584194897264481, 21.032883601399337 ], [ -89.583735826477778, 21.032719193667678 ], [ -89.583711929821945, 21.032710637575104 ], [ -89.583267697973866, 21.032551541989971 ], [ -89.582914917673506, 21.032423822226885 ], [ -89.580373658479644, 21.031521474575268 ], [ -89.580334958435316, 21.031507732527611 ], [ -89.58025605768627, 21.031479714452473 ], [ -89.580066915628493, 21.031412548549355 ], [ -89.578385799553317, 21.030815572435269 ], [ -89.578120288871744, 21.030721301620179 ], [ -89.577883559567951, 21.030637305194219 ], [ -89.577452519500952, 21.030484362574658 ], [ -89.57641635812783, 21.030097146348432 ], [ -89.576358090166451, 21.030075371908111 ], [ -89.576349122591068, 21.030071219260599 ], [ -89.576345180824433, 21.030069391581073 ], [ -89.576351980178174, 21.030060711482658 ], [ -89.576523089994396, 21.029842711571881 ], [ -89.577220130482772, 21.028930071941545 ], [ -89.577600529735463, 21.028434732502323 ], [ -89.577816099863412, 21.02814900246192 ], [ -89.577936689676875, 21.027996991955089 ], [ -89.578497500304252, 21.028224652830172 ], [ -89.577935860306027, 21.028949927363726 ], [ -89.578458663662104, 21.029145331048902 ], [ -89.579028750019845, 21.028436702206239 ], [ -89.579512490026573, 21.028605112374304 ], [ -89.579247869929318, 21.029049002033599 ], [ -89.580762318828874, 21.029640541614537 ], [ -89.580549999757949, 21.030118641884641 ], [ -89.582023318994374, 21.030693512200774 ], [ -89.58225097863091, 21.030204942326744 ], [ -89.582470468486534, 21.029733882248884 ], [ -89.582688238357449, 21.029266532369718 ], [ -89.582962578807965, 21.028698621932868 ], [ -89.583019088407099, 21.028719882587076 ], [ -89.584414897987486, 21.029244942444361 ], [ -89.584499698556527, 21.029276842343933 ], [ -89.584589557876569, 21.029276502407683 ], [ -89.584632038603331, 21.029253222135797 ], [ -89.584691378336615, 21.029113682277572 ], [ -89.584838628314003, 21.028767512015353 ], [ -89.585044718491545, 21.028282992442257 ], [ -89.585252148168635, 21.027879672687835 ], [ -89.585292488412861, 21.02780753234283 ], [ -89.585479288094604, 21.027372962449135 ], [ -89.585510947863554, 21.027294682581267 ], [ -89.585657407627025, 21.026923822809547 ], [ -89.5857679177238, 21.026635853022473 ], [ -89.585984577961113, 21.025975823066176 ], [ -89.586142608127545, 21.025494443099554 ], [ -89.586162498085571, 21.025423243010163 ], [ -89.586358467568942, 21.024742703700756 ], [ -89.586507198163062, 21.024392903035633 ], [ -89.587122977400853, 21.023216943343193 ], [ -89.587361947108093, 21.022761873770538 ], [ -89.587523147772941, 21.022924533418923 ], [ -89.587601257036127, 21.023003343455208 ], [ -89.588792627092189, 21.024045043345247 ], [ -89.588889516677128, 21.024129763724908 ], [ -89.588958917210817, 21.024183853377565 ], [ -89.59016031680477, 21.025101202890138 ], [ -89.59022565644014, 21.025151163613504 ], [ -89.590977066581573, 21.025241873585856 ], [ -89.592065465752995, 21.025395483185331 ], [ -89.593116265469277, 21.025570853144064 ], [ -89.594187635918999, 21.025740143304652 ], [ -89.594807515170501, 21.025838102765157 ], [ -89.594377945636694, 21.026788393345356 ], [ -89.593975055729899, 21.027747483070168 ], [ -89.593514205455904, 21.028681052600884 ], [ -89.593539635853048, 21.028685172212903 ], [ -89.593122546138957, 21.029586162144284 ], [ -89.592692805553199, 21.030511991744 ], [ -89.592260266142276, 21.031423512178634 ], [ -89.592249346283467, 21.031447701568403 ], [ -89.591837896642716, 21.032355301948623 ], [ -89.591410896131066, 21.033286641610946 ], [ -89.59114789664406, 21.033842111307695 ], [ -89.590740176007927, 21.034725000995056 ], [ -89.590695086878554, 21.034815501078238 ], [ -89.590669576347352, 21.034870820896383 ], [ -89.590637226965285, 21.034941040965681 ], [ -89.590581656327501, 21.035061560851641 ], [ -89.590535426739848, 21.03516185088673 ], [ -89.590414495159152, 21.03511947076208 ], [ -89.589523606234323, 21.034807201576434 ], [ -89.5885576267369, 21.034484472234595 ], [ -89.588186206300747, 21.034344440769416 ], [ -89.587523996785833, 21.03411182224912 ], [ -89.586518917319708, 21.033745512365709 ], [ -89.585759837361323, 21.033452871601199 ], [ -89.585459397535445, 21.033337041042426 ], [ -89.585013158422328, 21.033174561590965 ] ] ] } },
{ "type": "Feature", "properties": { "CVE_ENT": "31", "CVE_MUN": "050", "CVE_LOC": "0001", "CVE_AGEB": "295A", "CVEGEO": "310500001295A", "POBTOT": 4103, "cantidad_parques": 0.0, "parques_por_1000_hab": 0.0 }, "geometry": { "type": "Polygon", "coordinates": [ [ [ -89.568196783581612, 20.973499465844665 ], [ -89.567875803484668, 20.97357774590596 ], [ -89.567981763765175, 20.972994956048041 ], [ -89.568074123456014, 20.972485746607468 ], [ -89.568076933193325, 20.97245992627429 ], [ -89.56808698384296, 20.972367036122272 ], [ -89.568154613168289, 20.971742986696945 ], [ -89.568229133319861, 20.971539456076936 ], [ -89.568749103144711, 20.971425976712322 ], [ -89.569137803112639, 20.971351856253762 ], [ -89.569788292583482, 20.971237666851462 ], [ -89.569920413292067, 20.971215056747056 ], [ -89.570818842568968, 20.971264956556777 ], [ -89.571290362425586, 20.971286356177007 ], [ -89.571545032032063, 20.971277976400565 ], [ -89.572216872164361, 20.971255867016232 ], [ -89.57229640185291, 20.97125558619252 ], [ -89.572780461692162, 20.971214726816729 ], [ -89.573030131857578, 20.971096036758059 ], [ -89.573099552294522, 20.971079856499838 ], [ -89.573152461673786, 20.971067516267844 ], [ -89.573394841850487, 20.971010976588662 ], [ -89.574469061978817, 20.970763056789423 ], [ -89.575050951023485, 20.97062980696743 ], [ -89.575712611329578, 20.970476256681149 ], [ -89.576694691109367, 20.970250116601257 ], [ -89.576703200700493, 20.970245326671968 ], [ -89.576884030866594, 20.970175886944496 ], [ -89.577201801052027, 20.970051297099641 ], [ -89.577328060498786, 20.970531836958628 ], [ -89.577457091247737, 20.971055266426504 ], [ -89.577581600932376, 20.971497816405101 ], [ -89.577705440539034, 20.97192855686237 ], [ -89.577822320315946, 20.972339056616072 ], [ -89.577945891024413, 20.972773016109198 ], [ -89.578019210526563, 20.973072286480434 ], [ -89.578027751081791, 20.973107855927381 ], [ -89.578134300198514, 20.973583526163786 ], [ -89.578247950854319, 20.974009666296944 ], [ -89.578352230528623, 20.974429855963862 ], [ -89.578482800160344, 20.974901555745401 ], [ -89.578596360220331, 20.975311855612638 ], [ -89.578683900046343, 20.975628145707944 ], [ -89.578429800487299, 20.975675805940242 ], [ -89.578361000584124, 20.97568929558415 ], [ -89.577384200574969, 20.975880615287014 ], [ -89.576957750926596, 20.975964315211684 ], [ -89.576349131491511, 20.976092325332207 ], [ -89.575531351125761, 20.9762717753656 ], [ -89.575307431831547, 20.976326835467351 ], [ -89.574248891933081, 20.976548215626696 ], [ -89.574126121413244, 20.976573755524505 ], [ -89.573185331916903, 20.976769545292562 ], [ -89.572716401966204, 20.976867115474825 ], [ -89.572130612418192, 20.977020815260477 ], [ -89.57129616293075, 20.977179654815938 ], [ -89.570990162749794, 20.977256174753304 ], [ -89.570236002560065, 20.977394095293512 ], [ -89.570005032459875, 20.977403005424456 ], [ -89.569829262740171, 20.977343754773333 ], [ -89.569066663390771, 20.977076895551882 ], [ -89.568898763256286, 20.976388585765765 ], [ -89.568672963376699, 20.975430495568698 ], [ -89.568533242945236, 20.974941805856908 ], [ -89.568424662957526, 20.974482586154583 ], [ -89.568196783581612, 20.973499465844665 ] ] ] } },
{ "type": "Feature", "properties": { "CVE_ENT": "31", "CVE_MUN": "050", "CVE_LOC": "0001", "CVE_AGEB": "2220", "CVEGEO": "3105000012220", "POBTOT": 1875, "cantidad_parques": 0.0, "parques_por_1000_hab": 0.0 }, "geometry": { "type": "Polygon", "coordinates": [ [ [ -89.651937590303334, 21.000196120214415 ], [ -89.652039100664012, 20.999948980137514 ], [ -89.652016709901176, 20.999941749780977 ], [ -89.65182985058631, 20.999851260144801 ], [ -89.651825189826141, 20.999849880677569 ], [ -89.651801130218558, 20.999840539849412 ], [ -89.651726020770795, 20.999815610009779 ], [ -89.651682740657492, 20.999801199860958 ], [ -89.651229710708179, 20.99964261070404 ], [ -89.651163380588244, 20.999620210738239 ], [ -89.650903810695695, 20.999590830086373 ], [ -89.650716140825807, 20.999568290738139 ], [ -89.650646500305925, 20.999542260120364 ], [ -89.650575511087155, 21.000112739875476 ], [ -89.650192820828011, 21.000072909770754 ], [ -89.649037730966398, 20.999935920314574 ], [ -89.64849336137722, 20.999860919909608 ], [ -89.647459941059722, 20.999723920242715 ], [ -89.646543731419541, 20.999595400572467 ], [ -89.646332981759414, 20.999565030528903 ], [ -89.646415301739779, 20.999172260308004 ], [ -89.646475532055803, 20.998823750073086 ], [ -89.646462042108681, 20.998817550235881 ], [ -89.646449302137739, 20.998810080765697 ], [ -89.646437471523882, 20.998801380084497 ], [ -89.646426671961308, 20.998791580086351 ], [ -89.646417022133093, 20.998780750497655 ], [ -89.646408642202061, 20.998769050407532 ], [ -89.646345561907637, 20.998800970152011 ], [ -89.646115941369615, 20.998918180572272 ], [ -89.645853311499124, 20.999030080322367 ], [ -89.64544091187291, 20.999206060352069 ], [ -89.645369762100557, 20.99923569074409 ], [ -89.645137052222751, 20.999335080313145 ], [ -89.645018501655798, 20.99938555035984 ], [ -89.644720912604114, 20.999509769969713 ], [ -89.644662852347054, 20.999533490648432 ], [ -89.644650902038649, 20.999539810261481 ], [ -89.644568222262734, 20.999580369991289 ], [ -89.644532982451707, 20.999595920661548 ], [ -89.644536542366723, 20.999576170690567 ], [ -89.644586162250405, 20.999301080343937 ], [ -89.644607021869348, 20.999228600274371 ], [ -89.644681182409329, 20.9992329700714 ], [ -89.64488602243928, 20.998797660070384 ], [ -89.644913072515962, 20.998734280316626 ], [ -89.645056242053883, 20.99837126052314 ], [ -89.64506725177057, 20.998343290612834 ], [ -89.645217042014181, 20.99798691086799 ], [ -89.645262912099156, 20.997879610913714 ], [ -89.645321511764834, 20.997756080265461 ], [ -89.645459682166461, 20.997442580946149 ], [ -89.645666702374925, 20.996979750513489 ], [ -89.645847981602842, 20.996526480622421 ], [ -89.645855502309843, 20.996508630925813 ], [ -89.646045781809434, 20.996057050720189 ], [ -89.647307781305372, 20.996495771293961 ], [ -89.648650871544703, 20.99693645114586 ], [ -89.649934410462137, 20.99738841113226 ], [ -89.650405040362145, 20.997558481140569 ], [ -89.651768129844342, 20.998036720832037 ], [ -89.651795900012601, 20.998046580987452 ], [ -89.653392209461529, 20.998612720250783 ], [ -89.653218560178516, 20.999077460103077 ], [ -89.653050819806253, 20.999530459944609 ], [ -89.653716109238061, 20.999743660523954 ], [ -89.653625279470134, 20.999993379888515 ], [ -89.653472179919717, 21.000410550418845 ], [ -89.653462979726086, 21.000434749926541 ], [ -89.653398009319375, 21.00041137023009 ], [ -89.653235759443234, 21.000356650539089 ], [ -89.653018450383129, 21.000283000237481 ], [ -89.65299180952529, 21.000272780182428 ], [ -89.65295762037988, 21.000260659822398 ], [ -89.652823790221518, 21.000608229811604 ], [ -89.652320789764772, 21.000551049830253 ], [ -89.651977180587963, 21.000515490021513 ], [ -89.651821790514006, 21.000499400408273 ], [ -89.651937590303334, 21.000196120214415 ] ] ] } },
{ "type": "Feature", "properties": { "CVE_ENT": "31", "CVE_MUN": "050", "CVE_LOC": "0001", "CVE_AGEB": "0188", "CVEGEO": "3105000010188", "POBTOT": 1538, "cantidad_parques": 0.0, "parques_por_1000_hab": 0.0 }, "geometry": { "type": "Polygon", "coordinates": [ [ [ -89.594313056188938, 20.99593517050695 ], [ -89.59384471638711, 20.995600921081532 ], [ -89.593343256573931, 20.995233510957078 ], [ -89.592728896756867, 20.994783401234869 ], [ -89.592313576159356, 20.994479111090786 ], [ -89.593617726158683, 20.99343955089066 ], [ -89.593130175978601, 20.993108251380605 ], [ -89.594147946216623, 20.992356031344531 ], [ -89.5945197159689, 20.992789581229903 ], [ -89.595251855928296, 20.992253181252796 ], [ -89.595280955669978, 20.992218881996951 ], [ -89.595311355599947, 20.9921830512355 ], [ -89.596118295520839, 20.991595951556118 ], [ -89.596768345298287, 20.991121172279495 ], [ -89.596972755229444, 20.990951212143074 ], [ -89.597123065511767, 20.990826291564257 ], [ -89.597869265252001, 20.990273062434024 ], [ -89.598823374879842, 20.989571852427403 ], [ -89.598892154835497, 20.989511201916478 ], [ -89.598923804737083, 20.989549722243343 ], [ -89.599230354575724, 20.989908652211476 ], [ -89.599259024540615, 20.989940661800308 ], [ -89.599282514861741, 20.989968632591104 ], [ -89.599527954732125, 20.990254912395969 ], [ -89.599615454562198, 20.990353882565714 ], [ -89.599675744200923, 20.99042258207702 ], [ -89.59973397436265, 20.990495661762253 ], [ -89.600045974660446, 20.990877091677508 ], [ -89.60004905475688, 20.990882141579647 ], [ -89.600085694749396, 20.990925511862024 ], [ -89.600114094026978, 20.990958252360873 ], [ -89.600420724478695, 20.991309651496969 ], [ -89.600457604589621, 20.991353522056936 ], [ -89.600486113837363, 20.991387752167824 ], [ -89.60080003430862, 20.991760461407043 ], [ -89.600846264034985, 20.991813551997179 ], [ -89.60088337411878, 20.991855511472384 ], [ -89.60111899411018, 20.992132371657949 ], [ -89.601162294392182, 20.992183541722213 ], [ -89.60124360370655, 20.99227766135586 ], [ -89.601248804069172, 20.992285291590278 ], [ -89.601551823657545, 20.992637811373339 ], [ -89.601576024112333, 20.992666681941643 ], [ -89.60160274413299, 20.99270158124877 ], [ -89.601907483544721, 20.993081341536048 ], [ -89.602005974083198, 20.993204371032306 ], [ -89.602112314128931, 20.993337651318477 ], [ -89.602046804303853, 20.993385401437436 ], [ -89.601819144440171, 20.993546750966235 ], [ -89.601439603966185, 20.993817460906378 ], [ -89.60118337387263, 20.994000181643781 ], [ -89.601177574015864, 20.994002461618816 ], [ -89.601093143874749, 20.994056311035649 ], [ -89.601005723847607, 20.994109510908828 ], [ -89.60100088415976, 20.994112251505065 ], [ -89.600493453873355, 20.994477291237338 ], [ -89.600263714521049, 20.994646651007969 ], [ -89.600175204390567, 20.994709941153562 ], [ -89.600094804625556, 20.994776680774333 ], [ -89.600061794305361, 20.99480426067554 ], [ -89.599617884162086, 20.995122570528121 ], [ -89.599344854092237, 20.995318151277768 ], [ -89.599304034455812, 20.995347630652521 ], [ -89.599257884556735, 20.995380310589692 ], [ -89.599136114408438, 20.995468050666716 ], [ -89.598683624706524, 20.995791651168854 ], [ -89.598511794856989, 20.995915460573308 ], [ -89.598450754852607, 20.995958860612614 ], [ -89.598372995227791, 20.996016310730806 ], [ -89.597806745224005, 20.996436520350137 ], [ -89.597774434939325, 20.996459080795525 ], [ -89.597178595579194, 20.996042480637964 ], [ -89.597147375676002, 20.996019910590995 ], [ -89.595792125296114, 20.99698551083609 ], [ -89.595337715726288, 20.996665250126437 ], [ -89.594839086094055, 20.996316750827202 ], [ -89.594313056188938, 20.99593517050695 ] ] ] } },
{ "type": "Feature", "properties": { "CVE_ENT": "31", "CVE_MUN": "050", "CVE_LOC": "0001", "CVE_AGEB": "5085", "CVEGEO": "3105000015085", "POBTOT": 1836, "cantidad_parques": 0.0, "parques_por_1000_hab": 0.0 }, "geometry": { "type": "Polygon", "coordinates": [ [ [ -89.64882941173957, 20.969917207663702 ], [ -89.648605501918937, 20.969904817970111 ], [ -89.648396471513593, 20.969899407883538 ], [ -89.647911081937707, 20.969881497764902 ], [ -89.647859621753582, 20.969853097498945 ], [ -89.64699654217867, 20.969848527417575 ], [ -89.646933871773257, 20.969848727324212 ], [ -89.646494822076761, 20.969842417720461 ], [ -89.645651502654573, 20.969830328216979 ], [ -89.645615272273858, 20.969829817309552 ], [ -89.644699312125326, 20.969816867310101 ], [ -89.644103222608848, 20.969808417460914 ], [ -89.644225993132281, 20.968617497933419 ], [ -89.644249252982448, 20.968389987667692 ], [ -89.644140053067261, 20.967378018297211 ], [ -89.644030883080347, 20.966366058190523 ], [ -89.643827613265998, 20.964650469107934 ], [ -89.644473502465331, 20.964540299087506 ], [ -89.64448381214892, 20.964538609346267 ], [ -89.645438612689148, 20.964382059377964 ], [ -89.646403732546972, 20.964223779035851 ], [ -89.647321472224334, 20.964076669041223 ], [ -89.648127022002797, 20.963934179495695 ], [ -89.648236441480933, 20.964603299247727 ], [ -89.648297941288007, 20.964573438997181 ], [ -89.648437701529204, 20.965386759020976 ], [ -89.648448281535522, 20.965448419072334 ], [ -89.648458391435469, 20.965494098781129 ], [ -89.648541761821889, 20.966403438800004 ], [ -89.648572251233176, 20.966534208550591 ], [ -89.648712501394371, 20.967470668343072 ], [ -89.648721481622829, 20.967544378263998 ], [ -89.648734731385517, 20.96758974802502 ], [ -89.648829421577943, 20.96808868827766 ], [ -89.648866051582146, 20.968302257945066 ], [ -89.648995731753644, 20.969063658302446 ], [ -89.64975099077256, 20.969100057872552 ], [ -89.649689071194075, 20.969961157627711 ], [ -89.649632341287443, 20.969957757999985 ], [ -89.64882941173957, 20.969917207663702 ] ] ] } },
{ "type": "Feature", "properties": { "CVE_ENT": "31", "CVE_MUN": "050", "CVE_LOC": "0001", "CVE_AGEB": "181A", "CVEGEO": "310500001181A", "POBTOT": 2761, "cantidad_parques": 0.0, "parques_por_1000_hab": 0.0 }, "geometry": { "type": "Polygon", "coordinates": [ [ [ -89.591592157208495, 20.949436182453216 ], [ -89.59098789697785, 20.949061932423746 ], [ -89.590648057103465, 20.948852392593572 ], [ -89.589686728009241, 20.948312092557789 ], [ -89.588604858437435, 20.947664213048434 ], [ -89.588143397915132, 20.947387792850616 ], [ -89.587553928303024, 20.947043323276567 ], [ -89.587345998512546, 20.946918734185669 ], [ -89.587174258154619, 20.946826093014625 ], [ -89.586812667347999, 20.946613562713353 ], [ -89.586404598387517, 20.946415412961024 ], [ -89.586607868727185, 20.945651953353245 ], [ -89.586926228400657, 20.944655394128006 ], [ -89.58724457846192, 20.943658793519603 ], [ -89.587351517287743, 20.943312243766588 ], [ -89.587505358540284, 20.942815494122517 ], [ -89.587813857014268, 20.941947963850559 ], [ -89.588061978168867, 20.941350663927835 ], [ -89.58831282857777, 20.940727754396125 ], [ -89.588595208530691, 20.939978294448849 ], [ -89.588874828379574, 20.939236646027037 ], [ -89.589172518057183, 20.938387845165124 ], [ -89.590657718000216, 20.938764385048444 ], [ -89.591506493964175, 20.938990254649056 ], [ -89.59152448976613, 20.938809353590891 ], [ -89.591538418231934, 20.938741821191112 ], [ -89.591581065893877, 20.938671568535998 ], [ -89.591652437025516, 20.938615221413912 ], [ -89.591752314242868, 20.938561653237969 ], [ -89.592189178876879, 20.938249734860904 ], [ -89.592337630032631, 20.938364719451947 ], [ -89.593309317099653, 20.938360924686013 ], [ -89.593831968183864, 20.938902307598092 ], [ -89.594975435975357, 20.939957894652732 ], [ -89.594848746106109, 20.939958464678558 ], [ -89.594092236473656, 20.939961814972541 ], [ -89.593785026842454, 20.939962564818131 ], [ -89.593589517111184, 20.939970024707286 ], [ -89.593531176541376, 20.939980844486538 ], [ -89.593366756612241, 20.940029524376222 ], [ -89.593258666872757, 20.940084825043961 ], [ -89.593120597391234, 20.940195264395022 ], [ -89.592993296700996, 20.940363164240104 ], [ -89.592939176843203, 20.940472754605928 ], [ -89.592924487248723, 20.940502525766867 ], [ -89.592906287363959, 20.940628335204444 ], [ -89.592865057213501, 20.941429985204653 ], [ -89.592858895841047, 20.941549794610832 ], [ -89.592845835583191, 20.94180376509302 ], [ -89.592800317171424, 20.942688703805441 ], [ -89.592788877390319, 20.942911290288649 ], [ -89.592788536329579, 20.942917924720188 ], [ -89.592787027037929, 20.942947293637495 ], [ -89.592786658031073, 20.942954430285191 ], [ -89.592785377230356, 20.94297921363917 ], [ -89.592780777269809, 20.943059554075983 ], [ -89.592771517079058, 20.943221024128491 ], [ -89.592716456776088, 20.944182293652535 ], [ -89.592685576602065, 20.944721273034123 ], [ -89.592667557076112, 20.945031223113688 ], [ -89.59261075667321, 20.946008123458402 ], [ -89.592585356542187, 20.946444812622136 ], [ -89.592547636925701, 20.947084732784042 ], [ -89.592547377349476, 20.94708919289253 ], [ -89.592539407377103, 20.947224733340267 ], [ -89.592538717231534, 20.947236492660661 ], [ -89.592538265605427, 20.947244072454897 ], [ -89.592528396783692, 20.947412013581573 ], [ -89.592509896040866, 20.94772641268202 ], [ -89.592507056834606, 20.947776222848205 ], [ -89.592475237431515, 20.948342872473706 ], [ -89.592468917135477, 20.948477752455887 ], [ -89.592449637350228, 20.948888922199934 ], [ -89.592419637068787, 20.949427221971082 ], [ -89.592398756698145, 20.949801672025263 ], [ -89.592390427030182, 20.949951132632009 ], [ -89.592234806684047, 20.949849221955027 ], [ -89.5921851962798, 20.949818733197624 ], [ -89.591592157208495, 20.949436182453216 ] ] ] } },
{ "type": "Feature", "properties": { "CVE_ENT": "31", "CVE_MUN": "050", "CVE_LOC": "0001", "CVE_AGEB": "4015", "CVEGEO": "3105000014015", "POBTOT": 2323, "cantidad_parques": 0.0, "parques_por_1000_hab": 0.0 }, "geometry": { "type": "Polygon", "coordinates": [ [ [ -89.66386268332667, 20.915481257332733 ], [ -89.663865021824819, 20.915482165244146 ], [ -89.663912599605979, 20.915500623841737 ], [ -89.663915676522308, 20.915501817402074 ], [ -89.664114728074381, 20.91557904324058 ], [ -89.664215572473395, 20.915618167640712 ], [ -89.664216522323812, 20.915618535980357 ], [ -89.664217853955435, 20.915619052715517 ], [ -89.664544631934419, 20.914778661420645 ], [ -89.664545011293853, 20.914777685052623 ], [ -89.664545642962239, 20.914776060759504 ], [ -89.66454587127113, 20.914775473720049 ], [ -89.665824660364649, 20.915213373169447 ], [ -89.665824709391416, 20.915213388067851 ], [ -89.665824077288775, 20.915214974996729 ], [ -89.665479716174076, 20.916079456077238 ], [ -89.665479672983849, 20.916079578238605 ], [ -89.665482441083185, 20.916081053614597 ], [ -89.666375016144826, 20.916556739214339 ], [ -89.66645211178944, 20.916597825622524 ], [ -89.666453319411005, 20.916598468879133 ], [ -89.666516583105903, 20.916577771984421 ], [ -89.666517952887887, 20.916577323841739 ], [ -89.666577942228145, 20.916484702675824 ], [ -89.666578445737883, 20.916483925759337 ], [ -89.666647431025055, 20.91644470212109 ], [ -89.666709379368982, 20.91644018889135 ], [ -89.666716301577353, 20.916439684209564 ], [ -89.666717902561942, 20.916439568032153 ], [ -89.666815784524786, 20.916473010861953 ], [ -89.66693261578574, 20.916569724903344 ], [ -89.667013728574446, 20.916636870298106 ], [ -89.667018553635813, 20.916640865192427 ], [ -89.667020314545454, 20.916642322699481 ], [ -89.667020737896848, 20.916642672961189 ], [ -89.667021369399464, 20.916643183954299 ], [ -89.667020514077649, 20.916645112487952 ], [ -89.667020248856545, 20.916645711110704 ], [ -89.666858592310803, 20.917010270382537 ], [ -89.666581302053544, 20.917542231666786 ], [ -89.666408231443981, 20.917852323244787 ], [ -89.666252138714967, 20.918150548320977 ], [ -89.666251293773158, 20.918152141690165 ], [ -89.66625134091008, 20.918152198322069 ], [ -89.666914333483518, 20.918943669835805 ], [ -89.667178486020802, 20.919256163504635 ], [ -89.667182057972909, 20.919260391991138 ], [ -89.667777816541673, 20.919964782022809 ], [ -89.668164027005432, 20.920432273312585 ], [ -89.668437915889044, 20.920761981884738 ], [ -89.668835457143288, 20.921208292807226 ], [ -89.669096686934125, 20.92152413209017 ], [ -89.669476576151823, 20.921988479975532 ], [ -89.669477605265669, 20.921989865443788 ], [ -89.66969557601152, 20.92228324954101 ], [ -89.670060296055354, 20.922724681097343 ], [ -89.670102336173201, 20.92277466972627 ], [ -89.670346816190872, 20.923065369659021 ], [ -89.670859505476997, 20.923674939850351 ], [ -89.671016435676179, 20.923861539134158 ], [ -89.671525895390118, 20.924467879666697 ], [ -89.671642735342459, 20.924608429569012 ], [ -89.672215605501606, 20.925297299182294 ], [ -89.672808265428998, 20.926010019553495 ], [ -89.67289301507985, 20.9260920990505 ], [ -89.672804465520159, 20.926172309218551 ], [ -89.671986774712479, 20.926447268788085 ], [ -89.671901415475034, 20.926475989255614 ], [ -89.671646075192527, 20.926558789033933 ], [ -89.671264046192476, 20.926672799217801 ], [ -89.670977605769508, 20.926755618662451 ], [ -89.670730734773443, 20.926819729146551 ], [ -89.670492785936958, 20.926880468595353 ], [ -89.670445246305519, 20.926892468981201 ], [ -89.670381036332373, 20.926910198443757 ], [ -89.66997458618728, 20.927009469104991 ], [ -89.668946295865581, 20.926930958429921 ], [ -89.66888784632944, 20.926926218845271 ], [ -89.668795615961784, 20.926896478939096 ], [ -89.66861627558572, 20.926869199411151 ], [ -89.667850926484974, 20.926739138434616 ], [ -89.667770646327227, 20.926725278354066 ], [ -89.66707329677746, 20.926605328914679 ], [ -89.666788577400538, 20.926547599054729 ], [ -89.666057247130368, 20.926402588704249 ], [ -89.666022207576546, 20.926754229190905 ], [ -89.664975826761989, 20.926752819834217 ], [ -89.663694347567485, 20.926734735679645 ], [ -89.663708726727009, 20.925583153033447 ], [ -89.663732098995425, 20.92453039008646 ], [ -89.663760620184178, 20.923215226270393 ], [ -89.663786860762613, 20.922253014737993 ], [ -89.663794115309926, 20.921892853220438 ], [ -89.663808398844481, 20.92104739786306 ], [ -89.663816327186197, 20.920579148426544 ], [ -89.66381009214949, 20.920135010357395 ], [ -89.663818439558739, 20.919220078364035 ], [ -89.663811090923417, 20.918986418284454 ], [ -89.663826248941362, 20.91799150776416 ], [ -89.663842584856596, 20.916889911228342 ], [ -89.663862568259447, 20.915489649941822 ], [ -89.663862650697311, 20.91548385166638 ], [ -89.663862676858315, 20.91548203535552 ], [ -89.66386268332667, 20.915481257332733 ] ] ] } },
{ "type": "Feature", "properties": { "CVE_ENT": "31", "CVE_MUN": "050", "CVE_LOC": "0001", "CVE_AGEB": "5333", "CVEGEO": "3105000015333", "POBTOT": 2316, "cantidad_parques": 0.0, "parques_por_1000_hab": 0.0 }, "geometry": { "type": "Polygon", "coordinates": [ [ [ -89.634383597716209, 20.934054262950635 ], [ -89.637271049359455, 20.934798171001276 ], [ -89.638283647432644, 20.935048629006399 ], [ -89.639272372240555, 20.935301588720499 ], [ -89.640322982499598, 20.935581446487408 ], [ -89.641399870799361, 20.935857612398802 ], [ -89.641461573207252, 20.93586160367985 ], [ -89.642682373063536, 20.936166504118361 ], [ -89.642728988466601, 20.936188916908673 ], [ -89.645133959219834, 20.936795774002331 ], [ -89.645323243038604, 20.936824695938537 ], [ -89.644608303221204, 20.937865385399437 ], [ -89.64388811304012, 20.937849025480396 ], [ -89.643345473022507, 20.93783755596812 ], [ -89.642631313177901, 20.937839406184363 ], [ -89.642260083904247, 20.93784507573061 ], [ -89.641390394043256, 20.937855415872853 ], [ -89.641214594225602, 20.937856016198207 ], [ -89.640108644422199, 20.937867556102162 ], [ -89.639934594341554, 20.937869386057148 ], [ -89.63896667434183, 20.937879965998377 ], [ -89.637925935056089, 20.937887875742963 ], [ -89.636895514697983, 20.937901595355363 ], [ -89.635774815739168, 20.937914965255271 ], [ -89.635705395836638, 20.937915325256778 ], [ -89.634833415588332, 20.93791949587272 ], [ -89.634914195831314, 20.937213195552427 ], [ -89.63503193564496, 20.936290966041497 ], [ -89.635038824944374, 20.936237047311305 ], [ -89.635147185165721, 20.935377066426579 ], [ -89.635238945721952, 20.934703526622492 ], [ -89.634331286080027, 20.93454770644486 ], [ -89.634383597716209, 20.934054262950635 ] ] ] } },
{ "type": "Feature", "properties": { "CVE_ENT": "31", "CVE_MUN": "050", "CVE_LOC": "0001", "CVE_AGEB": "6045", "CVEGEO": "3105000016045", "POBTOT": 5529, "cantidad_parques": 0.0, "parques_por_1000_hab": 0.0 }, "geometry": { "type": "Polygon", "coordinates": [ [ [ -89.646770513032948, 20.915502671030183 ], [ -89.646950362440933, 20.914535941376581 ], [ -89.646955902891676, 20.914493051360694 ], [ -89.64713930258182, 20.913643021928134 ], [ -89.647152311056033, 20.913563482891977 ], [ -89.64725779202972, 20.913079532194196 ], [ -89.647364472885627, 20.912690761716654 ], [ -89.647326842060707, 20.912653402324292 ], [ -89.647578982096789, 20.911703232388014 ], [ -89.647681271987395, 20.911257162397728 ], [ -89.647794822198165, 20.910707302206859 ], [ -89.647810022148946, 20.910633362750389 ], [ -89.64788504531866, 20.910267899741836 ], [ -89.648011981180218, 20.909650673429407 ], [ -89.648112512850048, 20.909162303067124 ], [ -89.648218680895084, 20.908646542590684 ], [ -89.648302111580932, 20.90820290453064 ], [ -89.648413419350035, 20.907722484085351 ], [ -89.64862683575187, 20.906714353743929 ], [ -89.648668238493272, 20.906525888892624 ], [ -89.64874624708078, 20.906170810208312 ], [ -89.648847523104891, 20.90572369610928 ], [ -89.649864378122473, 20.906065113217409 ], [ -89.650364233042581, 20.906228016655206 ], [ -89.65088591675071, 20.906380036358069 ], [ -89.651114234893257, 20.905404617209037 ], [ -89.651326511653508, 20.904428812682379 ], [ -89.651457518909623, 20.903552019051581 ], [ -89.651620821753625, 20.902532334699192 ], [ -89.65165438150629, 20.901908734463177 ], [ -89.651684041305103, 20.9019336750988 ], [ -89.652476341604896, 20.902602804451835 ], [ -89.652675081304992, 20.902772134620239 ], [ -89.653253020816891, 20.90326448518293 ], [ -89.653647190998257, 20.903619345257798 ], [ -89.654057190231057, 20.903944145668962 ], [ -89.654547049498206, 20.904364194695216 ], [ -89.654916819159951, 20.904681113886486 ], [ -89.655049760802527, 20.904794673998378 ], [ -89.655402269867309, 20.905096484512821 ], [ -89.655632529970035, 20.905293474519624 ], [ -89.656033008718978, 20.905639005164147 ], [ -89.656049420343166, 20.905652874431272 ], [ -89.656470740346677, 20.906008824192014 ], [ -89.656875208714325, 20.906359813385116 ], [ -89.657189213692448, 20.906632300530973 ], [ -89.657713914856956, 20.907076001727326 ], [ -89.657703233030773, 20.907208898096325 ], [ -89.657671266362811, 20.907767721839658 ], [ -89.657643426740151, 20.908254391815419 ], [ -89.657600148279442, 20.909164939522764 ], [ -89.657591882583276, 20.909678967074779 ], [ -89.657587719973151, 20.910196118351184 ], [ -89.657576762605061, 20.910650579097858 ], [ -89.657567614033297, 20.911196629068304 ], [ -89.656269951270914, 20.911183754163762 ], [ -89.655030054918655, 20.911182995919766 ], [ -89.653355354770369, 20.910858730633674 ], [ -89.652349081105513, 20.910643082280938 ], [ -89.652314911105421, 20.911041422757506 ], [ -89.652281255099254, 20.911462260968971 ], [ -89.652275226823392, 20.911537638388371 ], [ -89.652235985714498, 20.912114526114951 ], [ -89.652234130016581, 20.912141807917827 ], [ -89.651139511339608, 20.912014822036422 ], [ -89.651136700517242, 20.912014563104933 ], [ -89.651074270473501, 20.912008833157788 ], [ -89.650094081800347, 20.911917452809927 ], [ -89.649851682046219, 20.912870233227427 ], [ -89.64984491180789, 20.912906372540913 ], [ -89.649647411714597, 20.913918671876431 ], [ -89.649394451907241, 20.914848401241507 ], [ -89.649147251854913, 20.915730540999142 ], [ -89.648971542085405, 20.915704231812054 ], [ -89.648881441883589, 20.916041231576529 ], [ -89.647960162003798, 20.915813941016236 ], [ -89.647866412446305, 20.915790571528969 ], [ -89.646903782215347, 20.915529942268474 ], [ -89.646770513032948, 20.915502671030183 ] ] ] } },
{ "type": "Feature", "properties": { "CVE_ENT": "31", "CVE_MUN": "050", "CVE_LOC": "0001", "CVE_AGEB": "6721", "CVEGEO": "3105000016721", "POBTOT": 3951, "cantidad_parques": 0.0, "parques_por_1000_hab": 0.0 }, "geometry": { "type": "Polygon", "coordinates": [ [ [ -89.531572342874597, 20.990701313741802 ], [ -89.531587691225056, 20.990655135335945 ], [ -89.531726022361795, 20.990238959265969 ], [ -89.531800710873156, 20.989791733982887 ], [ -89.531782341702353, 20.989246982497708 ], [ -89.531767243123454, 20.988723980432773 ], [ -89.531754708649274, 20.988280663169988 ], [ -89.531741669308886, 20.987819276537753 ], [ -89.531727872295789, 20.987330632781646 ], [ -89.531714301718466, 20.986850542756386 ], [ -89.531700947850041, 20.986377481152257 ], [ -89.531681612097117, 20.985693253229993 ], [ -89.532789681587971, 20.985695752199621 ], [ -89.532994392294611, 20.985696232554588 ], [ -89.533500652123024, 20.985697373240743 ], [ -89.5339807618805, 20.985698463149127 ], [ -89.534281572046012, 20.985699143700391 ], [ -89.534453740970505, 20.98569877312524 ], [ -89.534952871661687, 20.985697713657775 ], [ -89.535287331141461, 20.985696982089561 ], [ -89.535437742396354, 20.98569698287918 ], [ -89.535873882078718, 20.985696982365873 ], [ -89.536300881188595, 20.985696983117002 ], [ -89.538276281819407, 20.985688112834964 ], [ -89.538279760083881, 20.986272012974755 ], [ -89.538290310609028, 20.986739143626341 ], [ -89.538292101206139, 20.987223542152929 ], [ -89.538300741356153, 20.987720052417622 ], [ -89.538312340223698, 20.988172412193698 ], [ -89.538321211072414, 20.988636202167442 ], [ -89.538329110377887, 20.989135663020544 ], [ -89.538335758449151, 20.989686878456858 ], [ -89.538330510612028, 20.990136802391397 ], [ -89.538341066921575, 20.99060320791309 ], [ -89.538355220022794, 20.991099587379235 ], [ -89.538365010393406, 20.991571157914716 ], [ -89.538374515873073, 20.992028874539383 ], [ -89.537298908624251, 20.992044981481516 ], [ -89.536438025868037, 20.992061352423665 ], [ -89.53542996562264, 20.992080516623396 ], [ -89.535439526417747, 20.992544104728182 ], [ -89.534731982203297, 20.992554966648019 ], [ -89.534717060860075, 20.99208674132873 ], [ -89.533702058461245, 20.992106921632548 ], [ -89.532680189199439, 20.992127228988679 ], [ -89.53268082508373, 20.99214413989889 ], [ -89.532697422598915, 20.992586180330946 ], [ -89.531767214624537, 20.992600140983836 ], [ -89.531743451148429, 20.992520108904529 ], [ -89.531563847893423, 20.991915240278285 ], [ -89.531506506255909, 20.991606941379228 ], [ -89.53150512198637, 20.991575818749208 ], [ -89.531490629288655, 20.991250030011837 ], [ -89.531507090549482, 20.991139490657336 ], [ -89.53155045875198, 20.990848259733962 ], [ -89.531571475031669, 20.990707133110721 ], [ -89.531572342874597, 20.990701313741802 ] ] ] } },
{ "type": "Feature", "properties": { "CVE_ENT": "31", "CVE_MUN": "050", "CVE_LOC": "0001", "CVE_AGEB": "4231", "CVEGEO": "3105000014231", "POBTOT": 1761, "cantidad_parques": 0.0, "parques_por_1000_hab": 0.0 }, "geometry": { "type": "Polygon", "coordinates": [ [ [ -89.659712817951387, 20.999421680807146 ], [ -89.659544388309499, 20.999541660615147 ], [ -89.658353558496827, 20.999140740850049 ], [ -89.658323158347997, 20.999130970303021 ], [ -89.657017878766126, 20.998691940958988 ], [ -89.656447159070112, 20.998496759298821 ], [ -89.656447003986429, 20.998496705754956 ], [ -89.655758789486157, 20.998261121075434 ], [ -89.654502209559794, 20.997830940748539 ], [ -89.654458529890306, 20.997815691265025 ], [ -89.653781879834213, 20.997575481296668 ], [ -89.653984879379294, 20.997042750741578 ], [ -89.654186939244994, 20.996528290646058 ], [ -89.654392219789045, 20.996005610834356 ], [ -89.654592839643612, 20.995494831449651 ], [ -89.654711049365574, 20.995181291293591 ], [ -89.655392257399157, 20.995415870427564 ], [ -89.656679115267892, 20.995853236484663 ], [ -89.657945130771765, 20.996277769229053 ], [ -89.659279739426879, 20.996726349568494 ], [ -89.660613585710522, 20.997191255477855 ], [ -89.662041202532052, 20.997703166325685 ], [ -89.661811667802695, 20.997877340468051 ], [ -89.661772137326651, 20.99790600108518 ], [ -89.661405577458325, 20.998174491156671 ], [ -89.661382537399462, 20.998191350470215 ], [ -89.661029077553181, 20.998449980478377 ], [ -89.660935078131899, 20.998518771113776 ], [ -89.660658987565341, 20.998722410338051 ], [ -89.660507108281564, 20.998834710771369 ], [ -89.660295408356731, 20.998991200675938 ], [ -89.659930868302808, 20.999260680149103 ], [ -89.659712817951387, 20.999421680807146 ] ] ] } },
{ "type": "Feature", "properties": { "CVE_ENT": "31", "CVE_MUN": "050", "CVE_LOC": "0075", "CVE_AGEB": "4458", "CVEGEO": "3105000754458", "POBTOT": 2338, "cantidad_parques": 0.0, "parques_por_1000_hab": 0.0 }, "geometry": { "type": "Polygon", "coordinates": [ [ [ -89.698011377131635, 21.014889076971151 ], [ -89.696974918102157, 21.01475585797635 ], [ -89.696143727804198, 21.014691407387527 ], [ -89.695151368397973, 21.014620167031115 ], [ -89.694350258638195, 21.014555566934792 ], [ -89.694196428860337, 21.014529507315917 ], [ -89.693294128825357, 21.014025686846367 ], [ -89.692847725342375, 21.013804852273111 ], [ -89.692847723738254, 21.013804710996816 ], [ -89.692912074424385, 21.012856177014605 ], [ -89.692912088326267, 21.012856141712589 ], [ -89.693249028402704, 21.012012607712677 ], [ -89.693274644242919, 21.011949771209608 ], [ -89.693495956786393, 21.011423692042968 ], [ -89.693495921975114, 21.011423659180675 ], [ -89.693495949467888, 21.011423613138316 ], [ -89.69349597784047, 21.011423568077635 ], [ -89.693495942728973, 21.011423527906114 ], [ -89.693024806597037, 21.010891508593897 ], [ -89.692908629256635, 21.010775288355674 ], [ -89.69290867481233, 21.01077518276076 ], [ -89.693283578668172, 21.010025577696531 ], [ -89.69394116896234, 21.008558448593863 ], [ -89.693954768395699, 21.008530918929733 ], [ -89.692825489190838, 21.007808489164358 ], [ -89.692596696536683, 21.007666395500308 ], [ -89.691175198942275, 21.006783050177077 ], [ -89.69113954946468, 21.006762138886394 ], [ -89.691168059235906, 21.006727888929714 ], [ -89.691190859849243, 21.006682739286774 ], [ -89.69120625909693, 21.006635199594186 ], [ -89.691214269174367, 21.006569599055656 ], [ -89.691213579714741, 21.00651200942518 ], [ -89.691397694850309, 21.006467717084558 ], [ -89.691577826630621, 21.00642438215387 ], [ -89.692231831533419, 21.006267045241994 ], [ -89.693385697800295, 21.005989429347871 ], [ -89.693488197672977, 21.005964748851813 ], [ -89.694176287962733, 21.005802339572917 ], [ -89.694554833223677, 21.005713367151113 ], [ -89.695530798609013, 21.005483969485226 ], [ -89.696041876303582, 21.005363837657839 ], [ -89.696914456879867, 21.005158739003104 ], [ -89.697439599617638, 21.005035282855854 ], [ -89.697440772088882, 21.005035006910287 ], [ -89.697441945522669, 21.005034731042411 ], [ -89.697449935780497, 21.005064862915564 ], [ -89.697590333334247, 21.005594260423436 ], [ -89.697705395942947, 21.006031774371838 ], [ -89.69770541597407, 21.006031841553668 ], [ -89.697705436967752, 21.006031908813281 ], [ -89.697387856771172, 21.006104679109953 ], [ -89.697075606450625, 21.006855659085797 ], [ -89.697874804458422, 21.007283530326063 ], [ -89.697875886045651, 21.007284109391684 ], [ -89.697876967632979, 21.007284688457254 ], [ -89.698147065540411, 21.006615630040795 ], [ -89.698280457415578, 21.006313139136548 ], [ -89.698375226694992, 21.006108609118368 ], [ -89.698342659315102, 21.005885991912578 ], [ -89.698703031741317, 21.005794798120132 ], [ -89.698704214069579, 21.005794499284157 ], [ -89.698705396480534, 21.005794199544322 ], [ -89.698824526804358, 21.006319778719284 ], [ -89.69894456926383, 21.006820610868598 ], [ -89.698944588219703, 21.006820689801458 ], [ -89.698944607175576, 21.006820768734332 ], [ -89.699645837415034, 21.006834248684775 ], [ -89.699384966373657, 21.005636849121597 ], [ -89.699384996328376, 21.005636839701946 ], [ -89.700289604834495, 21.005420973644281 ], [ -89.70029074591983, 21.005420701517487 ], [ -89.700291887005235, 21.005420429390689 ], [ -89.700617836157718, 21.006344169548402 ], [ -89.700660458747478, 21.007334261608193 ], [ -89.700660461670594, 21.00733433560406 ], [ -89.700660464676389, 21.007334408696028 ], [ -89.700674888113795, 21.007709801682356 ], [ -89.700674891999569, 21.007709875755925 ], [ -89.700674894042805, 21.00770994877016 ], [ -89.700721874219695, 21.008759713696193 ], [ -89.700721879059628, 21.008759819718492 ], [ -89.700721880397083, 21.008759858072363 ], [ -89.700721885785839, 21.008759968692011 ], [ -89.701976854976792, 21.008808999447432 ], [ -89.702585286035927, 21.008832768952104 ], [ -89.702712576614928, 21.008834248111711 ], [ -89.703231835805809, 21.008858029864474 ], [ -89.70449099224345, 21.008904074051721 ], [ -89.704490995974069, 21.008904001503566 ], [ -89.704491000667289, 21.00890392903316 ], [ -89.704650728659459, 21.007188096033058 ], [ -89.70465074197898, 21.007187950499091 ], [ -89.704650761548208, 21.007187779061734 ], [ -89.705418651768838, 21.007347467245953 ], [ -89.705635055837618, 21.007392469416182 ], [ -89.705637604345583, 21.007392999241741 ], [ -89.705637601050952, 21.007392855099013 ], [ -89.705589752795632, 21.006543794804593 ], [ -89.705791622095362, 21.006563289654988 ], [ -89.706262790746464, 21.006658056294732 ], [ -89.706753325607011, 21.00676138753926 ], [ -89.706946573326178, 21.005722869042383 ], [ -89.706993322734959, 21.005598436931631 ], [ -89.707004398026811, 21.005600303076505 ], [ -89.707015474447076, 21.005602167490348 ], [ -89.708069755961915, 21.005778877918431 ], [ -89.708135844507893, 21.00578995484079 ], [ -89.708137079432944, 21.005790161923628 ], [ -89.708138315320568, 21.005790369084114 ], [ -89.708160765151618, 21.005729230648658 ], [ -89.708206663706378, 21.005664080501177 ], [ -89.708272464308934, 21.005613289996482 ], [ -89.708360172461624, 21.005580599604361 ], [ -89.708449612115345, 21.005577686504672 ], [ -89.708450488460969, 21.005577657947789 ], [ -89.708451364806677, 21.005577629390935 ], [ -89.708522053809801, 21.005600978977188 ], [ -89.70861136353632, 21.00565420993134 ], [ -89.708664523475207, 21.005729518925293 ], [ -89.708688626659679, 21.005818803747115 ], [ -89.708672979748755, 21.005921565987808 ], [ -89.708672971207292, 21.005921638147569 ], [ -89.708672964673823, 21.005921709558788 ], [ -89.708615823952684, 21.006004169664525 ], [ -89.708536373303915, 21.006054970066632 ], [ -89.708464594949604, 21.006089630511863 ], [ -89.708379234115952, 21.006094139370827 ], [ -89.707979324613703, 21.00775239388425 ], [ -89.707972383521977, 21.00778155719097 ], [ -89.707614505872058, 21.009284856860102 ], [ -89.707614488831311, 21.009284926513153 ], [ -89.707614463999718, 21.009285028319685 ], [ -89.707574769414236, 21.009279084845279 ], [ -89.70757441257625, 21.009279031469202 ], [ -89.707573264583232, 21.009278859626519 ], [ -89.707232483777616, 21.010724968244737 ], [ -89.70715956370104, 21.01134099838043 ], [ -89.70701277497318, 21.012792648921224 ], [ -89.70687366465944, 21.014305526533168 ], [ -89.705270052477132, 21.014151661026801 ], [ -89.705268525626707, 21.014151516878169 ], [ -89.70372959585174, 21.013967026894495 ], [ -89.703702406246194, 21.013963056926915 ], [ -89.702233406220529, 21.013791687606307 ], [ -89.702113256493618, 21.013706347629899 ], [ -89.700730056397134, 21.01281727778553 ], [ -89.699365541178651, 21.011955784881604 ], [ -89.699066866006888, 21.012713427242954 ], [ -89.698651767018944, 21.012596718153254 ], [ -89.698642257597029, 21.013427207581969 ], [ -89.698659647425544, 21.01396718371889 ], [ -89.698676377005754, 21.014486676934862 ], [ -89.6986553771807, 21.014977596775044 ], [ -89.698011377131635, 21.014889076971151 ] ] ] } },
{ "type": "Feature", "properties": { "CVE_ENT": "31", "CVE_MUN": "050", "CVE_LOC": "0001", "CVE_AGEB": "6454", "CVEGEO": "3105000016454", "POBTOT": 2134, "cantidad_parques": 0.0, "parques_por_1000_hab": 0.0 }, "geometry": { "type": "Polygon", "coordinates": [ [ [ -89.664258280624964, 21.073403262402724 ], [ -89.664227040459863, 21.073398129611157 ], [ -89.664195325295452, 21.073398167427577 ], [ -89.664134628189203, 21.07294345048431 ], [ -89.664087689650714, 21.072476354572093 ], [ -89.664050155877391, 21.072023127225094 ], [ -89.664012114548498, 21.071537047342293 ], [ -89.663974717128099, 21.071072012522528 ], [ -89.664520114287214, 21.071015999996863 ], [ -89.664436216249612, 21.070253182611157 ], [ -89.664366806032774, 21.069677863281601 ], [ -89.664367824954951, 21.069677945744136 ], [ -89.664367837427946, 21.069677778279239 ], [ -89.664372053731725, 21.069619955802093 ], [ -89.664373827344292, 21.069614568831895 ], [ -89.664375500781759, 21.069609152808908 ], [ -89.664377072832067, 21.06960371036719 ], [ -89.664378544292177, 21.069598243392459 ], [ -89.664379913069936, 21.069592753536831 ], [ -89.664381180045297, 21.069587241782109 ], [ -89.664382345052246, 21.06958170993633 ], [ -89.664383406961662, 21.069576159729333 ], [ -89.664384365524398, 21.069570593873006 ], [ -89.664385219777444, 21.069565012289441 ], [ -89.664385971397778, 21.069559417846396 ], [ -89.664386618293264, 21.069553812195835 ], [ -89.664387161343939, 21.069548196319715 ], [ -89.664387600300671, 21.069542572929802 ], [ -89.664387934117357, 21.069536942852192 ], [ -89.66438816359107, 21.069531307972674 ], [ -89.664388288555656, 21.069525670099175 ], [ -89.664388308762014, 21.069520031943544 ], [ -89.664388224210214, 21.069514393505813 ], [ -89.664388035614252, 21.069508757575804 ], [ -89.664387741844919, 21.069503125883344 ], [ -89.664387342819154, 21.069497499332456 ], [ -89.664386840214107, 21.069491880790935 ], [ -89.664386232983617, 21.069486271084763 ], [ -89.664385521924672, 21.06948067209969 ], [ -89.664384706871232, 21.069475085643766 ], [ -89.664383788703319, 21.069469512698724 ], [ -89.664382767171787, 21.069463955976587 ], [ -89.664381642110712, 21.069458417285091 ], [ -89.664380414399972, 21.069452897606244 ], [ -89.664379083873627, 21.06944739874789 ], [ -89.664377652291662, 21.069441922673796 ], [ -89.664376118524928, 21.069436471113995 ], [ -89.664374484416641, 21.069431045128272 ], [ -89.664372749800592, 21.069425646524536 ], [ -89.664370914510783, 21.069420277110623 ], [ -89.664368980307316, 21.06941493885039 ], [ -89.664366947107069, 21.069409632647819 ], [ -89.664364816670229, 21.069404360466606 ], [ -89.664362587784424, 21.069399124940706 ], [ -89.664360261495972, 21.069393925244071 ], [ -89.664357839398747, 21.0693887651484 ], [ -89.664355322372813, 21.0693836456356 ], [ -89.664352710335123, 21.069378567609597 ], [ -89.66435000399963, 21.069373533860208 ], [ -89.664347205292415, 21.069368544543295 ], [ -89.66434431396452, 21.069363602370711 ], [ -89.664341330978885, 21.069358707420367 ], [ -89.664338258012506, 21.069353862559989 ], [ -89.66433509506551, 21.069349067789634 ], [ -89.66433184373183, 21.06934432688092 ], [ -89.664328505057469, 21.069339639007847 ], [ -89.664325079839543, 21.069335006056306 ], [ -89.664321569754961, 21.069330430893999 ], [ -89.664317973840824, 21.069325913442952 ], [ -89.664314295783129, 21.06932145582282 ], [ -89.664310535581961, 21.069317058033622 ], [ -89.664306692905157, 21.069312723691194 ], [ -89.664302771688, 21.069308452203263 ], [ -89.664298770801409, 21.069304245299886 ], [ -89.664294692968411, 21.069300105022673 ], [ -89.664290539152063, 21.069296031449674 ], [ -89.664286310066345, 21.069292027370572 ], [ -89.664282006757432, 21.069288091959422 ], [ -89.664277631865232, 21.069284228161841 ], [ -89.664273185306854, 21.06928043688184 ], [ -89.664268669008365, 21.069276718275312 ], [ -89.664264084729794, 21.069273074305926 ], [ -89.664259432388079, 21.069269505877685 ], [ -89.664254715752477, 21.069266014206345 ], [ -89.664249934656866, 21.069262601099791 ], [ -89.664245090147332, 21.069259265731958 ], [ -89.66424018591006, 21.069256010222499 ], [ -89.664235220898973, 21.069252835397528 ], [ -89.664230197920205, 21.069249742394721 ], [ -89.664225117853704, 21.069246732195975 ], [ -89.664219983588779, 21.06924380503515 ], [ -89.664214794959207, 21.069240962720109 ], [ -89.664209554854196, 21.069238205484695 ], [ -89.664208535935529, 21.069238123021162 ], [ -89.663786815993177, 21.069380632857516 ], [ -89.663822706198403, 21.068913383190186 ], [ -89.663859035975648, 21.068446763916672 ], [ -89.663895276176959, 21.068029393019049 ], [ -89.663898638660413, 21.067958592733234 ], [ -89.663898667565334, 21.067957961245483 ], [ -89.663898670455566, 21.067957908660439 ], [ -89.663898671518965, 21.067957875962346 ], [ -89.663898674143979, 21.067957805142466 ], [ -89.663900555420128, 21.067809470641794 ], [ -89.663867252398887, 21.067759806474008 ], [ -89.664900272317141, 21.067807738106872 ], [ -89.666827657396098, 21.067948184985333 ], [ -89.667156712460326, 21.067972160350955 ], [ -89.667316556190286, 21.067983806123436 ], [ -89.668129454242106, 21.068042000872179 ], [ -89.668952379335565, 21.068100907737602 ], [ -89.669203698582294, 21.068118046895346 ], [ -89.669206240186227, 21.068118219727236 ], [ -89.669441494025122, 21.069331384094539 ], [ -89.669470643562832, 21.069481842510012 ], [ -89.669486926509705, 21.069568857364168 ], [ -89.669486983868126, 21.069569162525138 ], [ -89.669489953924938, 21.069569043991446 ], [ -89.669782063018729, 21.06955690350194 ], [ -89.669855204803042, 21.069926213687243 ], [ -89.669957874263744, 21.070456733231758 ], [ -89.67011438384128, 21.071257873326605 ], [ -89.67029752357692, 21.072202753174626 ], [ -89.67043264699663, 21.07294260752705 ], [ -89.67044596324898, 21.073015512896806 ], [ -89.670183894209387, 21.073040472365125 ], [ -89.669921292684307, 21.073065481206456 ], [ -89.669800683562215, 21.072454634713324 ], [ -89.669714427674478, 21.072002537774981 ], [ -89.669704159905251, 21.071949143274121 ], [ -89.669625197756758, 21.071538541884067 ], [ -89.669510132144637, 21.071027410633999 ], [ -89.66836194415886, 21.071132055446171 ], [ -89.666873853296835, 21.071274098367134 ], [ -89.666927497483229, 21.071799698246281 ], [ -89.666965047269528, 21.072240199609155 ], [ -89.667007962607158, 21.072670687970238 ], [ -89.667061606127618, 21.073311413521065 ], [ -89.66711116990588, 21.073971507028666 ], [ -89.66714743814407, 21.074377612848522 ], [ -89.66718883145144, 21.074857626574637 ], [ -89.667232976081024, 21.075363698827751 ], [ -89.667232981511432, 21.075363840421538 ], [ -89.667230474081222, 21.075364054636097 ], [ -89.665795509425266, 21.0754859881744 ], [ -89.664323428064279, 21.075620914348097 ], [ -89.664323445225421, 21.07562047405932 ], [ -89.664342128870246, 21.075117340875561 ], [ -89.664303932364746, 21.074657853999533 ], [ -89.664266365880138, 21.07420596041899 ], [ -89.664227495776643, 21.07373837068949 ], [ -89.664258721233068, 21.073733166131468 ], [ -89.664288509309458, 21.073722949455767 ], [ -89.664315956083044, 21.073708033635686 ], [ -89.66434022448172, 21.073688870013619 ], [ -89.664360579620222, 21.073666043875207 ], [ -89.664376403014103, 21.073640246457664 ], [ -89.664387213336965, 21.073612260237478 ], [ -89.664392681729723, 21.073582940133939 ], [ -89.664392641399147, 21.073553172395133 ], [ -89.664387094392026, 21.073523864217965 ], [ -89.66437620947022, 21.073495903506391 ], [ -89.664360317659785, 21.073470143940703 ], [ -89.664339902421673, 21.073447364112567 ], [ -89.664315581053373, 21.073428258734829 ], [ -89.664288095789445, 21.073413408779825 ], [ -89.664258280624964, 21.073403262402724 ] ] ] } },
{ "type": "Feature", "properties": { "CVE_ENT": "31", "CVE_MUN": "050", "CVE_LOC": "0001", "CVE_AGEB": "1608", "CVEGEO": "3105000011608", "POBTOT": 1635, "cantidad_parques": 0.0, "parques_por_1000_hab": 0.0 }, "geometry": { "type": "Polygon", "coordinates": [ [ [ -89.58237439506928, 21.006698999196296 ], [ -89.583208028303957, 21.006264078758225 ], [ -89.584031857815162, 21.005812567831985 ], [ -89.584892257141334, 21.005335279389936 ], [ -89.585626437367054, 21.004924278753077 ], [ -89.585610067029904, 21.004898567775054 ], [ -89.587161457851309, 21.004063349612235 ], [ -89.588247227286772, 21.003458478410284 ], [ -89.588688597408904, 21.003182169181741 ], [ -89.589639115646875, 21.002587079876673 ], [ -89.589701466885856, 21.002548049644343 ], [ -89.590580406860639, 21.001988540209823 ], [ -89.59137545632268, 21.001478809243377 ], [ -89.591898356627482, 21.002030979040608 ], [ -89.592492196697776, 21.002640649690569 ], [ -89.592885066772325, 21.003044028525451 ], [ -89.593236525267102, 21.003404878562723 ], [ -89.5932495960068, 21.003418288990087 ], [ -89.592813806213471, 21.003794059007642 ], [ -89.592552225019901, 21.004019609262176 ], [ -89.592006456805336, 21.004490208359243 ], [ -89.59180297598806, 21.004665678830481 ], [ -89.59113923548648, 21.00522228797546 ], [ -89.590960096982371, 21.005371378192166 ], [ -89.590549096181334, 21.005713778945172 ], [ -89.590369267195541, 21.005862539178018 ], [ -89.590337717200242, 21.005890278399558 ], [ -89.59015888732975, 21.006041088703594 ], [ -89.589581356588823, 21.006532277867244 ], [ -89.589398685923797, 21.00668762852111 ], [ -89.589311955985934, 21.006761378728335 ], [ -89.588806457623264, 21.007183677793602 ], [ -89.588624086761357, 21.007342607439234 ], [ -89.588459997718473, 21.007489978076745 ], [ -89.588391687173171, 21.007548448288052 ], [ -89.588259577401288, 21.007663878347117 ], [ -89.588161727123207, 21.007748828659292 ], [ -89.58804923642171, 21.007843077202001 ], [ -89.587719716283118, 21.008120738485491 ], [ -89.587637796919083, 21.008189658049396 ], [ -89.587001577363679, 21.008727287548481 ], [ -89.586366547892297, 21.009264407272767 ], [ -89.586256798481074, 21.009357257139552 ], [ -89.585610068621293, 21.009904596954289 ], [ -89.58549302711738, 21.010003257939246 ], [ -89.58401208720835, 21.008444167549083 ], [ -89.583052777963488, 21.007421598721908 ], [ -89.582736577849957, 21.007089847928057 ], [ -89.58237439506928, 21.006698999196296 ] ] ] } },
{ "type": "Feature", "properties": { "CVE_ENT": "31", "CVE_MUN": "050", "CVE_LOC": "0001", "CVE_AGEB": "6717", "CVEGEO": "3105000016717", "POBTOT": 2544, "cantidad_parques": 0.0, "parques_por_1000_hab": 0.0 }, "geometry": { "type": "Polygon", "coordinates": [ [ [ -89.538374515873073, 20.992028874539383 ], [ -89.538365010393406, 20.991571157914716 ], [ -89.538355220022794, 20.991099587379235 ], [ -89.538341066921575, 20.99060320791309 ], [ -89.538330510612028, 20.990136802391397 ], [ -89.538335758449151, 20.989686878456858 ], [ -89.538329110377887, 20.989135663020544 ], [ -89.538321211072414, 20.988636202167442 ], [ -89.538312340223698, 20.988172412193698 ], [ -89.538300741356153, 20.987720052417622 ], [ -89.538292101206139, 20.987223542152929 ], [ -89.538290310609028, 20.986739143626341 ], [ -89.538279760083881, 20.986272012974755 ], [ -89.538276281819407, 20.985688112834964 ], [ -89.538267367303291, 20.985248655666155 ], [ -89.538259516983331, 20.984861645006323 ], [ -89.538248481551221, 20.984317572779727 ], [ -89.53842417124801, 20.984314974221139 ], [ -89.539337738484974, 20.984318112709698 ], [ -89.539842256237094, 20.984320887077008 ], [ -89.53984375166975, 20.984320895566437 ], [ -89.539953256893497, 20.98434173479059 ], [ -89.539966067245174, 20.984344172376158 ], [ -89.539968439854903, 20.984344624178227 ], [ -89.539992627123567, 20.98431076242964 ], [ -89.539992692366852, 20.984310696732596 ], [ -89.54002261294481, 20.984281272747889 ], [ -89.540022692915656, 20.984281215540989 ], [ -89.540057515971966, 20.984257021958744 ], [ -89.540057609707901, 20.984256973163365 ], [ -89.540096315002188, 20.984238722469897 ], [ -89.540096410827402, 20.984238692969868 ], [ -89.540137870570717, 20.984226908538005 ], [ -89.540138027569242, 20.984226888595291 ], [ -89.540180962275286, 20.984221931126502 ], [ -89.540181068891584, 20.984221931651206 ], [ -89.540222331034045, 20.984223842391415 ], [ -89.540224326813984, 20.984223934606671 ], [ -89.540266587733825, 20.984232830066308 ], [ -89.540266688277825, 20.984232864700544 ], [ -89.540306719998924, 20.984248398879384 ], [ -89.540306808699498, 20.984248446205186 ], [ -89.540341932705545, 20.984269283505423 ], [ -89.540343516290719, 20.984270223551448 ], [ -89.540363704979953, 20.984286682738269 ], [ -89.540375471331672, 20.984297826700399 ], [ -89.540386540655376, 20.984309585736991 ], [ -89.540413506133504, 20.984345445060626 ], [ -89.54043399596415, 20.9843847981303 ], [ -89.540434036372048, 20.984384885219018 ], [ -89.540434048417438, 20.984384922631925 ], [ -89.540447584469675, 20.984426797794804 ], [ -89.540447610398417, 20.98442689462745 ], [ -89.540447621773268, 20.984426939271017 ], [ -89.540447627709128, 20.984426979826932 ], [ -89.540453874468682, 20.984470289598104 ], [ -89.54045388382589, 20.984470397824978 ], [ -89.540453884322716, 20.984470434293229 ], [ -89.540453887414799, 20.984470463688208 ], [ -89.540452700160543, 20.984514196293443 ], [ -89.540452691946413, 20.984514284869213 ], [ -89.540452685327878, 20.984514335326548 ], [ -89.540452677287462, 20.984514380203418 ], [ -89.540444082458748, 20.984557372121717 ], [ -89.540444069227718, 20.984557431145014 ], [ -89.540444056251147, 20.984557466511262 ], [ -89.540428230227903, 20.984598735873401 ], [ -89.540420887357911, 20.984612835628049 ], [ -89.540412700902948, 20.984626516675764 ], [ -89.540397899892895, 20.984647426694153 ], [ -89.541084569456288, 20.985111262376417 ], [ -89.541700539293956, 20.985431832787558 ], [ -89.541484620660896, 20.985577312654517 ], [ -89.541415990767632, 20.985691882479962 ], [ -89.541733109672421, 20.986214863811895 ], [ -89.541929540715472, 20.986563083481435 ], [ -89.542144640263871, 20.986944383286687 ], [ -89.54226282012317, 20.987153912253099 ], [ -89.542352419087464, 20.987312722362599 ], [ -89.542536309810018, 20.98763872206769 ], [ -89.542594700076037, 20.987742232541937 ], [ -89.542837699580673, 20.988172983166628 ], [ -89.543058559200745, 20.988564482536361 ], [ -89.54308581867339, 20.988612812733884 ], [ -89.543311360031936, 20.98901263217271 ], [ -89.543344820127118, 20.989071922292794 ], [ -89.543382652638982, 20.989231513820883 ], [ -89.543382688951738, 20.989231582360102 ], [ -89.543382704670137, 20.989231705678126 ], [ -89.543443337523485, 20.989616339464913 ], [ -89.543685294129844, 20.990064532488759 ], [ -89.543968212095137, 20.990526860739298 ], [ -89.544262100514686, 20.990998582223973 ], [ -89.544297950790948, 20.991183065570805 ], [ -89.544461340259033, 20.991622055594995 ], [ -89.544461290042292, 20.991622074256291 ], [ -89.544459215674323, 20.991622839016063 ], [ -89.544272457258515, 20.991691701109289 ], [ -89.543705167238301, 20.991704692034745 ], [ -89.543702681624552, 20.991495353599287 ], [ -89.543202068680884, 20.991498558874149 ], [ -89.542700559427644, 20.991502727403248 ], [ -89.542724713775357, 20.992195423769342 ], [ -89.542209799808873, 20.992203631029835 ], [ -89.541704760704206, 20.992211678818709 ], [ -89.541208796206945, 20.992219580103594 ], [ -89.540684351469523, 20.992227698521035 ], [ -89.540187844190356, 20.992235655014717 ], [ -89.539581257148896, 20.992245373818569 ], [ -89.539313206849386, 20.992249667733958 ], [ -89.538998652413795, 20.992254706040214 ], [ -89.538379410621076, 20.992264623462432 ], [ -89.538374515873073, 20.992028874539383 ] ] ] } },
{ "type": "Feature", "properties": { "CVE_ENT": "31", "CVE_MUN": "050", "CVE_LOC": "0001", "CVE_AGEB": "5865", "CVEGEO": "3105000015865", "POBTOT": 2335, "cantidad_parques": 0.0, "parques_por_1000_hab": 0.0 }, "geometry": { "type": "Polygon", "coordinates": [ [ [ -89.676513953960352, 20.990511213248745 ], [ -89.676962446728055, 20.989824688519434 ], [ -89.679049972067489, 20.986622314054983 ], [ -89.6790911219733, 20.986559174595591 ], [ -89.679117601668622, 20.986518894325734 ], [ -89.679479102445171, 20.985969055305691 ], [ -89.680036982028426, 20.985120555368628 ], [ -89.680577119786349, 20.98429222939793 ], [ -89.680579898504448, 20.984287969344805 ], [ -89.680943027684094, 20.983731308697877 ], [ -89.681783642097429, 20.982442662506006 ], [ -89.681876671556196, 20.982298809710453 ], [ -89.682120891301253, 20.98194609066574 ], [ -89.682610072872592, 20.982245039188555 ], [ -89.68379223132294, 20.982967465035674 ], [ -89.684245371661078, 20.983229154832173 ], [ -89.686025101232943, 20.984277545538131 ], [ -89.686050501261107, 20.984293325293468 ], [ -89.68612080133488, 20.984337015041135 ], [ -89.686159151460387, 20.984360855112804 ], [ -89.6869910895999, 20.984877854076977 ], [ -89.687364997434344, 20.985441624409813 ], [ -89.687301270864552, 20.985889354890233 ], [ -89.687218470750068, 20.986321234527018 ], [ -89.68713243936061, 20.986784094363603 ], [ -89.686550460883041, 20.986696094645172 ], [ -89.687026920352054, 20.987211484428862 ], [ -89.686813670601609, 20.988452544517649 ], [ -89.686460460541539, 20.990328742851698 ], [ -89.686423039490549, 20.990467413299161 ], [ -89.686338409583783, 20.990948864014655 ], [ -89.686244069723529, 20.991398122933404 ], [ -89.68615158100377, 20.991856832624126 ], [ -89.686069461459965, 20.992320352695721 ], [ -89.685976731012374, 20.992815742742188 ], [ -89.685862811807951, 20.993699109243178 ], [ -89.685907236430069, 20.993791274846256 ], [ -89.685934612173824, 20.99394045745322 ], [ -89.685915701396212, 20.994240881969517 ], [ -89.685617581487605, 20.994300911822283 ], [ -89.685318061402413, 20.994311522588706 ], [ -89.684947503322618, 20.994280610343107 ], [ -89.684579180089344, 20.99417621256632 ], [ -89.684302041432929, 20.994011863430899 ], [ -89.683744661242557, 20.993704383221466 ], [ -89.682916470833476, 20.993463781985991 ], [ -89.682691702240703, 20.993430172339451 ], [ -89.681245672175407, 20.99317225242287 ], [ -89.680479692271831, 20.992896582453508 ], [ -89.679908632604892, 20.992536292627058 ], [ -89.67849930259635, 20.991665083096205 ], [ -89.677551842792766, 20.991077662455343 ], [ -89.67692141351236, 20.990754723665024 ], [ -89.676513953960352, 20.990511213248745 ] ] ] } },
{ "type": "Feature", "properties": { "CVE_ENT": "31", "CVE_MUN": "050", "CVE_LOC": "0001", "CVE_AGEB": "5884", "CVEGEO": "3105000015884", "POBTOT": 1772, "cantidad_parques": 0.0, "parques_por_1000_hab": 0.0 }, "geometry": { "type": "Polygon", "coordinates": [ [ [ -89.696063697833154, 20.986433434402105 ], [ -89.696160167855624, 20.98594092451107 ], [ -89.696247348551168, 20.985486955311242 ], [ -89.696332487019475, 20.985049924287427 ], [ -89.696333068268345, 20.985047155641485 ], [ -89.696423096851305, 20.984584944446315 ], [ -89.695000458659322, 20.984360605218207 ], [ -89.694212607921557, 20.984236665280541 ], [ -89.693597469474028, 20.984129664316338 ], [ -89.691940999636074, 20.983864454405396 ], [ -89.692036629675968, 20.983353805286743 ], [ -89.692127028661446, 20.982877985079973 ], [ -89.692228698100493, 20.982415155717337 ], [ -89.692306858595984, 20.981943836116102 ], [ -89.692415300185161, 20.981325319812608 ], [ -89.692423202212737, 20.981280226751036 ], [ -89.693946457804842, 20.98200380538491 ], [ -89.693989607730785, 20.98201678517459 ], [ -89.694713578220714, 20.982234465906206 ], [ -89.695375728237252, 20.982439454936802 ], [ -89.695891347213205, 20.982566095054388 ], [ -89.696795946119849, 20.982743895348943 ], [ -89.697783176320996, 20.982955404575709 ], [ -89.699420025840553, 20.983419339273063 ], [ -89.700813936139539, 20.983805599684068 ], [ -89.701261920654844, 20.983934136149539 ], [ -89.703293685033884, 20.984517515729774 ], [ -89.702407946983882, 20.98607814391557 ], [ -89.702102304953954, 20.986620604714503 ], [ -89.701556315516825, 20.987579143653274 ], [ -89.700640256035001, 20.987131234156191 ], [ -89.700552746944581, 20.98715180390797 ], [ -89.700390977019808, 20.987124353509092 ], [ -89.699791666636443, 20.98702268521086 ], [ -89.698918576336453, 20.986891893894761 ], [ -89.697841467987047, 20.986707033971349 ], [ -89.697468297489877, 20.986643154388858 ], [ -89.696063697833154, 20.986433434402105 ] ] ] } },
{ "type": "Feature", "properties": { "CVE_ENT": "31", "CVE_MUN": "050", "CVE_LOC": "0001", "CVE_AGEB": "6774", "CVEGEO": "3105000016774", "POBTOT": 2791, "cantidad_parques": 0.0, "parques_por_1000_hab": 0.0 }, "geometry": { "type": "Polygon", "coordinates": [ [ [ -89.530632441538657, 20.989282336428332 ], [ -89.530632216859772, 20.989266295200792 ], [ -89.529304638015745, 20.989288586433211 ], [ -89.529049355749606, 20.989292873498101 ], [ -89.528751545650024, 20.989119102688687 ], [ -89.528313161514035, 20.988863306592815 ], [ -89.528038235218773, 20.988859550397816 ], [ -89.52771502941107, 20.988865810869836 ], [ -89.527026555103902, 20.988872437650407 ], [ -89.526159414179233, 20.988880783451791 ], [ -89.525376135737602, 20.988888321230927 ], [ -89.525373460688201, 20.988888348053845 ], [ -89.525373452690985, 20.988888204418785 ], [ -89.525356830256484, 20.988417035980031 ], [ -89.525356826444607, 20.988416889044945 ], [ -89.525345267576597, 20.987958257752421 ], [ -89.525345263764748, 20.98795811081737 ], [ -89.525332860496746, 20.987466256443039 ], [ -89.525332859650646, 20.98746612978638 ], [ -89.525332857176139, 20.987465989335782 ], [ -89.52532257876048, 20.986974436621146 ], [ -89.52532257644846, 20.986974315308593 ], [ -89.525322514334391, 20.986971297624766 ], [ -89.525322515871935, 20.986971176627531 ], [ -89.525142206750758, 20.986972380342895 ], [ -89.525139536428071, 20.986972398438642 ], [ -89.525139527804498, 20.986972251109634 ], [ -89.525122865199947, 20.986521464061205 ], [ -89.525122859463565, 20.986521316968677 ], [ -89.525094690985725, 20.985759441606657 ], [ -89.525094690514806, 20.985759321355708 ], [ -89.525232901072101, 20.985758997811679 ], [ -89.525232896253385, 20.985758861722797 ], [ -89.525220676649596, 20.985268681418468 ], [ -89.525220670913157, 20.985268534326057 ], [ -89.525219173959428, 20.985230004803107 ], [ -89.525219168223074, 20.985229857710692 ], [ -89.525192539644223, 20.984544813680181 ], [ -89.525192537332345, 20.984544692367901 ], [ -89.52550369615669, 20.98453833216135 ], [ -89.525503690375345, 20.984538195993768 ], [ -89.525490152759431, 20.984109544318354 ], [ -89.525490151409684, 20.984109423084934 ], [ -89.525989907871519, 20.984098415116168 ], [ -89.527543304955742, 20.984076764824763 ], [ -89.529329080557346, 20.984051877076947 ], [ -89.530211958222651, 20.9840395749107 ], [ -89.530874165700794, 20.98403033576983 ], [ -89.530874160876436, 20.984030199681197 ], [ -89.530873831082772, 20.984016795476649 ], [ -89.530873827264998, 20.984016648542156 ], [ -89.530872484581366, 20.983963389525407 ], [ -89.530872480763605, 20.983963242590978 ], [ -89.53086992741251, 20.983862145811571 ], [ -89.530869927982707, 20.983862024735746 ], [ -89.531896208665898, 20.983843561105136 ], [ -89.532823958345489, 20.983826869942941 ], [ -89.534362160130314, 20.983799193212015 ], [ -89.534362240451145, 20.983802361713213 ], [ -89.534366626680438, 20.983973309970096 ], [ -89.534369336188163, 20.983973307674464 ], [ -89.535613244740887, 20.983972132309393 ], [ -89.537163957696649, 20.983944372764739 ], [ -89.538415309468419, 20.98389724452181 ], [ -89.539202890783699, 20.983859109143815 ], [ -89.539153672061104, 20.982937919897147 ], [ -89.539153668606659, 20.982937800314087 ], [ -89.539336343160713, 20.982904553789457 ], [ -89.539336878791659, 20.982908083728461 ], [ -89.539368195456831, 20.983114379719151 ], [ -89.539370500421782, 20.983114305994221 ], [ -89.541437810821932, 20.983048283003068 ], [ -89.541437731470907, 20.983048406741478 ], [ -89.541435718983024, 20.983051558870631 ], [ -89.541146370096612, 20.983504603241549 ], [ -89.540808869298289, 20.983895174251572 ], [ -89.540480879235375, 20.984165912691068 ], [ -89.540480455652329, 20.984166235034525 ], [ -89.540343516290719, 20.984270223551448 ], [ -89.540341932705545, 20.984269283505423 ], [ -89.540306808699498, 20.984248446205186 ], [ -89.540306719998924, 20.984248398879384 ], [ -89.540266688277825, 20.984232864700544 ], [ -89.540266587733825, 20.984232830066308 ], [ -89.540224326813984, 20.984223934606671 ], [ -89.540222331034045, 20.984223842391415 ], [ -89.540181068891584, 20.984221931651206 ], [ -89.540180962275286, 20.984221931126502 ], [ -89.540138027569242, 20.984226888595291 ], [ -89.540137870570717, 20.984226908538005 ], [ -89.540096410827402, 20.984238692969868 ], [ -89.540096315002188, 20.984238722469897 ], [ -89.540057609707901, 20.984256973163365 ], [ -89.540057515971966, 20.984257021958744 ], [ -89.540022692915656, 20.984281215540989 ], [ -89.54002261294481, 20.984281272747889 ], [ -89.539992692366852, 20.984310696732596 ], [ -89.539992627123567, 20.98431076242964 ], [ -89.539968439854903, 20.984344624178227 ], [ -89.539966067245174, 20.984344172376158 ], [ -89.539953256893497, 20.98434173479059 ], [ -89.53984375166975, 20.984320895566437 ], [ -89.539842256237094, 20.984320887077008 ], [ -89.539337738484974, 20.984318112709698 ], [ -89.53842417124801, 20.984314974221139 ], [ -89.538248481551221, 20.984317572779727 ], [ -89.538259516983331, 20.984861645006323 ], [ -89.538267367303291, 20.985248655666155 ], [ -89.538276281819407, 20.985688112834964 ], [ -89.536300881188595, 20.985696983117002 ], [ -89.535873882078718, 20.985696982365873 ], [ -89.535437742396354, 20.98569698287918 ], [ -89.535287331141461, 20.985696982089561 ], [ -89.534952871661687, 20.985697713657775 ], [ -89.534453740970505, 20.98569877312524 ], [ -89.534281572046012, 20.985699143700391 ], [ -89.5339807618805, 20.985698463149127 ], [ -89.533500652123024, 20.985697373240743 ], [ -89.532994392294611, 20.985696232554588 ], [ -89.532789681587971, 20.985695752199621 ], [ -89.531681612097117, 20.985693253229993 ], [ -89.531700947850041, 20.986377481152257 ], [ -89.531714301718466, 20.986850542756386 ], [ -89.531727872295789, 20.987330632781646 ], [ -89.531741669308886, 20.987819276537753 ], [ -89.531754708649274, 20.988280663169988 ], [ -89.531767243123454, 20.988723980432773 ], [ -89.531782341702353, 20.989246982497708 ], [ -89.531800710873156, 20.989791733982887 ], [ -89.531726022361795, 20.990238959265969 ], [ -89.531587691225056, 20.990655135335945 ], [ -89.531572342874597, 20.990701313741802 ], [ -89.530649360941283, 20.990688245553763 ], [ -89.530648398727052, 20.990505518691059 ], [ -89.530647210327274, 20.990279695428697 ], [ -89.53064489257666, 20.990131571691936 ], [ -89.530644249867933, 20.990090570395775 ], [ -89.530642189780508, 20.989958863997824 ], [ -89.530642152184498, 20.989956458495659 ], [ -89.530642123422751, 20.989954605600378 ], [ -89.530641711058038, 20.989928247172575 ], [ -89.530640864177755, 20.989874065922162 ], [ -89.530639714041669, 20.989800542098905 ], [ -89.530639679474817, 20.989798062167605 ], [ -89.530637392012309, 20.989635089274419 ], [ -89.53063613527668, 20.989545568504017 ], [ -89.530634919181338, 20.989458890624764 ], [ -89.530634571324526, 20.989434156708459 ], [ -89.530632441538657, 20.989282336428332 ] ] ] } },
{ "type": "Feature", "properties": { "CVE_ENT": "31", "CVE_MUN": "050", "CVE_LOC": "0001", "CVE_AGEB": "651A", "CVEGEO": "310500001651A", "POBTOT": 1755, "cantidad_parques": 0.0, "parques_por_1000_hab": 0.0 }, "geometry": { "type": "Polygon", "coordinates": [ [ [ -89.640015981873432, 21.045115339091382 ], [ -89.640034562654066, 21.0451225887814 ], [ -89.640648192060041, 21.043652219299773 ], [ -89.64083381246914, 21.043204359842804 ], [ -89.640997652843126, 21.04280896985102 ], [ -89.641100392040883, 21.042561050570782 ], [ -89.641333582774266, 21.04199833967877 ], [ -89.641363222724905, 21.041926849946215 ], [ -89.641929682340205, 21.042141279550275 ], [ -89.642492671890125, 21.042354369172635 ], [ -89.643905080526224, 21.042863168929234 ], [ -89.644358610400673, 21.043031439402945 ], [ -89.644917451764712, 21.043242939299503 ], [ -89.645373681669966, 21.043409110579464 ], [ -89.645828160072767, 21.043568370354542 ], [ -89.646373040983121, 21.043775268712263 ], [ -89.64682774068045, 21.043945729924872 ], [ -89.648131392785672, 21.044416731552975 ], [ -89.648401107276243, 21.04402743376367 ], [ -89.648480902323982, 21.043893507449646 ], [ -89.648621820677292, 21.043953700446568 ], [ -89.648788092053678, 21.044098019143778 ], [ -89.648837643241876, 21.044231454434847 ], [ -89.648430325626762, 21.045090550585819 ], [ -89.648432491215488, 21.045181174426936 ], [ -89.649386477344081, 21.045055408585117 ], [ -89.649932225150323, 21.043706921706463 ], [ -89.650512555638102, 21.042256014759751 ], [ -89.651680648518052, 21.04269553057544 ], [ -89.65156273931612, 21.042976939780367 ], [ -89.651547220181641, 21.043013439287343 ], [ -89.651211959112686, 21.043801928935249 ], [ -89.651017708839248, 21.044208539950823 ], [ -89.650762188812507, 21.04474343993952 ], [ -89.650631509200579, 21.044985938765937 ], [ -89.650379540331173, 21.045305478924771 ], [ -89.650133649618681, 21.045538249559357 ], [ -89.650122609296233, 21.045548388498879 ], [ -89.649779509507283, 21.045765360013778 ], [ -89.649625238880134, 21.045880449412628 ], [ -89.64949924062941, 21.045974449491101 ], [ -89.649378510148466, 21.046012788443086 ], [ -89.648779360577834, 21.046203038225283 ], [ -89.648391730902276, 21.046326108988747 ], [ -89.647697210398263, 21.046379648959917 ], [ -89.645723316526258, 21.046603873678794 ], [ -89.639743442592561, 21.047307138250012 ], [ -89.639414512434826, 21.047349448673238 ], [ -89.639157162966129, 21.047377268136984 ], [ -89.639633733286956, 21.046078738763704 ], [ -89.639733238887899, 21.045829602830587 ], [ -89.639836623432615, 21.045570758656488 ], [ -89.640015981873432, 21.045115339091382 ] ] ] } },
{ "type": "Feature", "properties": { "CVE_ENT": "31", "CVE_MUN": "050", "CVE_LOC": "0001", "CVE_AGEB": "6524", "CVEGEO": "3105000016524", "POBTOT": 2524, "cantidad_parques": 0.0, "parques_por_1000_hab": 0.0 }, "geometry": { "type": "Polygon", "coordinates": [ [ [ -89.646373040983121, 21.043775268712263 ], [ -89.645828160072767, 21.043568370354542 ], [ -89.645373681669966, 21.043409110579464 ], [ -89.644917451764712, 21.043242939299503 ], [ -89.644358610400673, 21.043031439402945 ], [ -89.643905080526224, 21.042863168929234 ], [ -89.642492671890125, 21.042354369172635 ], [ -89.641929682340205, 21.042141279550275 ], [ -89.641363222724905, 21.041926849946215 ], [ -89.64155174220889, 21.041469760116666 ], [ -89.641887592715037, 21.040661480323127 ], [ -89.642376962765894, 21.039477200426568 ], [ -89.642445312245826, 21.039493331380431 ], [ -89.642668510769369, 21.039546500666436 ], [ -89.642789391195677, 21.039575510686699 ], [ -89.642791482119918, 21.039566110956031 ], [ -89.642793961026356, 21.039558651443837 ], [ -89.642797312312297, 21.039549301097182 ], [ -89.642801161995465, 21.039540100445606 ], [ -89.642805531642495, 21.03953113137646 ], [ -89.642810392368162, 21.039522391547411 ], [ -89.642815742342762, 21.039513900844732 ], [ -89.642821541722157, 21.039505670608033 ], [ -89.642827820747726, 21.039497730609597 ], [ -89.642834512712113, 21.039490110045346 ], [ -89.64284161195998, 21.039482870381985 ], [ -89.642849130921547, 21.039475939774103 ], [ -89.64285701154563, 21.039469400938199 ], [ -89.642865222285693, 21.039463280457507 ], [ -89.642873791834944, 21.03945754058936 ], [ -89.642882671175343, 21.039452250212168 ], [ -89.642891841715652, 21.039447400532918 ], [ -89.642901242429417, 21.039443001173698 ], [ -89.642910882375759, 21.039439080188984 ], [ -89.642920741799202, 21.039435641440754 ], [ -89.642930761835572, 21.039432671049102 ], [ -89.642940931884468, 21.039430220973056 ], [ -89.642951251849937, 21.039428271170081 ], [ -89.642961642184474, 21.039426800619076 ], [ -89.642972102178476, 21.039425880294491 ], [ -89.642982612120761, 21.039425450315232 ], [ -89.642993132429879, 21.03942554025571 ], [ -89.643003611707812, 21.039426160518765 ], [ -89.64301405085665, 21.039427280214834 ], [ -89.64302442175277, 21.039428909812855 ], [ -89.643034701051647, 21.039431071097066 ], [ -89.643053342308818, 21.039436391093016 ], [ -89.643064561641637, 21.039440480896186 ], [ -89.643074132012401, 21.039444569944418 ], [ -89.643083440802513, 21.039449140468708 ], [ -89.643092481211298, 21.039454160955017 ], [ -89.643101252310984, 21.039459620400187 ], [ -89.643109701513424, 21.039465499969261 ], [ -89.643117790708146, 21.039471771073394 ], [ -89.643125541672688, 21.039478450049195 ], [ -89.643132901556285, 21.039485499827201 ], [ -89.643139871190698, 21.039492911368228 ], [ -89.643146411870177, 21.039500641464432 ], [ -89.643152502150002, 21.03950867016373 ], [ -89.643158140769629, 21.039516990078553 ], [ -89.643163301601291, 21.039525589983732 ], [ -89.643167991157455, 21.039534441266031 ], [ -89.643172182356608, 21.039543479804255 ], [ -89.643175841893154, 21.039552730217757 ], [ -89.643178991921332, 21.03956214148441 ], [ -89.643181611425064, 21.039571710078704 ], [ -89.643183702540568, 21.039581370605998 ], [ -89.643185242255768, 21.039591141234975 ], [ -89.643186242002628, 21.039600960967334 ], [ -89.643186700686911, 21.039610820607713 ], [ -89.643186590990538, 21.039620679692963 ], [ -89.643185941798521, 21.039630540565337 ], [ -89.64318474143478, 21.039640340352744 ], [ -89.643183022059063, 21.039649961454955 ], [ -89.643312271699301, 21.03966805143801 ], [ -89.643539670807655, 21.039701399688376 ], [ -89.643554701885179, 21.039704651089018 ], [ -89.643613191406857, 21.039722141197664 ], [ -89.643828701866298, 21.039181621470433 ], [ -89.645196330333889, 21.039685020231147 ], [ -89.646677991001411, 21.040231840027374 ], [ -89.648144239563891, 21.040793800161609 ], [ -89.649708020160702, 21.041349070061919 ], [ -89.649484129964662, 21.041833240055738 ], [ -89.649814647739191, 21.04205387942692 ], [ -89.649734879806374, 21.042222423540952 ], [ -89.649703125094518, 21.042248222704835 ], [ -89.649689023585026, 21.042273024702055 ], [ -89.649382651652587, 21.042891266382416 ], [ -89.648788092053678, 21.044098019143778 ], [ -89.648621820677292, 21.043953700446568 ], [ -89.648480902323982, 21.043893507449646 ], [ -89.648401107276243, 21.04402743376367 ], [ -89.648131392785672, 21.044416731552975 ], [ -89.64682774068045, 21.043945729924872 ], [ -89.646373040983121, 21.043775268712263 ] ] ] } },
{ "type": "Feature", "properties": { "CVE_ENT": "31", "CVE_MUN": "050", "CVE_LOC": "0001", "CVE_AGEB": "6064", "CVEGEO": "3105000016064", "POBTOT": 1601, "cantidad_parques": 0.0, "parques_por_1000_hab": 0.0 }, "geometry": { "type": "Polygon", "coordinates": [ [ [ -89.643028393211083, 20.909360712628345 ], [ -89.642737943341203, 20.909335203548839 ], [ -89.642749722165178, 20.909003011528995 ], [ -89.642783353738295, 20.908558185049557 ], [ -89.642721764095768, 20.908504682898275 ], [ -89.642636962480807, 20.90846546244455 ], [ -89.641871900536032, 20.904019614811951 ], [ -89.64178884013468, 20.903537217218872 ], [ -89.642582426521997, 20.903849833492661 ], [ -89.642717324393402, 20.903829789847411 ], [ -89.642052091277733, 20.902336346794144 ], [ -89.641030506494772, 20.900143829167764 ], [ -89.64117010853704, 20.899915519698784 ], [ -89.641135584439155, 20.89971585616416 ], [ -89.64116359405385, 20.899701486266203 ], [ -89.641969614442132, 20.899288255814696 ], [ -89.642421883632124, 20.899056366842625 ], [ -89.642837144320765, 20.898841835273394 ], [ -89.643527933856987, 20.898491686907889 ], [ -89.643807743675126, 20.898349395705267 ], [ -89.643891583087608, 20.898306766508256 ], [ -89.644160912660482, 20.89816979607733 ], [ -89.64421113322237, 20.89814382636056 ], [ -89.645409883410466, 20.897524077181931 ], [ -89.64617730287074, 20.897134227193686 ], [ -89.646658851976753, 20.896878347321103 ], [ -89.646682482947313, 20.896865806627854 ], [ -89.646792141493108, 20.896809115568033 ], [ -89.647091822717158, 20.896648737478419 ], [ -89.64781733120445, 20.89627807650751 ], [ -89.6478245362688, 20.896274388661322 ], [ -89.647828211075819, 20.89627250689443 ], [ -89.647840162433113, 20.896265906026233 ], [ -89.648163162521257, 20.896091796202619 ], [ -89.648682052063592, 20.89582262638433 ], [ -89.649391981498596, 20.895458737132586 ], [ -89.649409182360799, 20.895449797515159 ], [ -89.650103421298297, 20.895094056925636 ], [ -89.651135440332183, 20.894560707677421 ], [ -89.651176451859541, 20.89453839796855 ], [ -89.651131740706589, 20.894890077723037 ], [ -89.651080941974428, 20.895293366914984 ], [ -89.650981070841084, 20.895996347381825 ], [ -89.65083598074736, 20.896560536152805 ], [ -89.650808531846707, 20.89666633679084 ], [ -89.650789500859446, 20.896720686099627 ], [ -89.650784760442107, 20.896737966765937 ], [ -89.650499180764484, 20.89747139638494 ], [ -89.650466641051224, 20.897573855694617 ], [ -89.65046067065829, 20.897606086618076 ], [ -89.650302331486742, 20.898441995673409 ], [ -89.650294181150699, 20.898485635978528 ], [ -89.650282731149446, 20.89854863522336 ], [ -89.650274850503877, 20.89859100620864 ], [ -89.650092240373837, 20.899555826300556 ], [ -89.650071821499481, 20.899661436139521 ], [ -89.649917042908569, 20.900455327834187 ], [ -89.649689961071829, 20.901625774711643 ], [ -89.649638742230081, 20.901885659010155 ], [ -89.649291419404136, 20.903601514419659 ], [ -89.649036541044737, 20.904749573996902 ], [ -89.648992042074127, 20.904960275212531 ], [ -89.648879657868406, 20.905553945971857 ], [ -89.648847523104891, 20.90572369610928 ], [ -89.64874624708078, 20.906170810208312 ], [ -89.648668238493272, 20.906525888892624 ], [ -89.64862683575187, 20.906714353743929 ], [ -89.648413419350035, 20.907722484085351 ], [ -89.648302111580932, 20.90820290453064 ], [ -89.648218680895084, 20.908646542590684 ], [ -89.648112512850048, 20.909162303067124 ], [ -89.648011981180218, 20.909650673429407 ], [ -89.64788504531866, 20.910267899741836 ], [ -89.646825152736525, 20.910109467958517 ], [ -89.645128682838745, 20.909893533005679 ], [ -89.644828962924038, 20.909831083563294 ], [ -89.643797143531245, 20.909616103413249 ], [ -89.643193243370305, 20.90955630420784 ], [ -89.643028393211083, 20.909360712628345 ] ] ] } },
{ "type": "Feature", "properties": { "CVE_ENT": "31", "CVE_MUN": "050", "CVE_LOC": "0001", "CVE_AGEB": "5812", "CVEGEO": "3105000015812", "POBTOT": 2402, "cantidad_parques": 0.0, "parques_por_1000_hab": 0.0 }, "geometry": { "type": "Polygon", "coordinates": [ [ [ -89.697273397930061, 20.995902372119488 ], [ -89.69728214684244, 20.99584012171065 ], [ -89.697284747074235, 20.995780211323968 ], [ -89.697265177003274, 20.995699711928683 ], [ -89.697226797252924, 20.995636282771137 ], [ -89.697164727352813, 20.995559692627683 ], [ -89.697105808316891, 20.995513352435637 ], [ -89.697595746657356, 20.994640521741314 ], [ -89.698085667967788, 20.993767721888922 ], [ -89.698511567539285, 20.993008482485841 ], [ -89.698609177609271, 20.992832752780952 ], [ -89.699071836530663, 20.992006172950951 ], [ -89.699176716585399, 20.991818802489313 ], [ -89.699599237674946, 20.991071143496136 ], [ -89.699866776651035, 20.990594493622787 ], [ -89.700110657246725, 20.990160014053771 ], [ -89.700554066424999, 20.989370014597807 ], [ -89.700833316557734, 20.988872464208729 ], [ -89.70104931585719, 20.98848760481312 ], [ -89.701060915667583, 20.988466914446896 ], [ -89.701556315516825, 20.987579143653274 ], [ -89.702102304953954, 20.986620604714503 ], [ -89.70230783993361, 20.986796499678533 ], [ -89.702223187084613, 20.986926700779627 ], [ -89.702746053108314, 20.987285414781574 ], [ -89.702805591034505, 20.987207885957549 ], [ -89.703472994591365, 20.987700420266144 ], [ -89.70372965853133, 20.987893458165797 ], [ -89.70403170010627, 20.988249863412435 ], [ -89.704023655957812, 20.98829646350266 ], [ -89.703946605900029, 20.988742863393664 ], [ -89.703869825059684, 20.989187693411321 ], [ -89.703784086045189, 20.989641913667523 ], [ -89.703699715815702, 20.990088863180496 ], [ -89.70361348657184, 20.99054175289346 ], [ -89.703523005812144, 20.99101691353367 ], [ -89.703434316100541, 20.991478663616377 ], [ -89.703345486489653, 20.991941172915194 ], [ -89.703265545819491, 20.992357343372646 ], [ -89.703175465554935, 20.992826173575796 ], [ -89.703090486758796, 20.993276232862236 ], [ -89.70299357556074, 20.993772263613614 ], [ -89.702899515801462, 20.994232153214277 ], [ -89.702810926071749, 20.994710203079812 ], [ -89.702723126568586, 20.995173912885452 ], [ -89.702635865101342, 20.995646781445888 ], [ -89.702557886002367, 20.996071412330629 ], [ -89.702428636696737, 20.996757151477095 ], [ -89.701676026156193, 20.996633862678031 ], [ -89.700994665855049, 20.996522232864731 ], [ -89.699554376360638, 20.996286171952022 ], [ -89.698503027756956, 20.996109282253723 ], [ -89.697273397930061, 20.995902372119488 ] ] ] } },
{ "type": "Feature", "properties": { "CVE_ENT": "31", "CVE_MUN": "050", "CVE_LOC": "0077", "CVE_AGEB": "4388", "CVEGEO": "3105000774388", "POBTOT": 2408, "cantidad_parques": 0.0, "parques_por_1000_hab": 0.0 }, "geometry": { "type": "Polygon", "coordinates": [ [ [ -89.578883908715639, 21.105220458475692 ], [ -89.57904528768006, 21.103774023464268 ], [ -89.579171118582806, 21.102693173367015 ], [ -89.579205158958331, 21.102386824315413 ], [ -89.5773467294417, 21.102252144880918 ], [ -89.577160359151748, 21.101898524077622 ], [ -89.577063998359719, 21.10154322519973 ], [ -89.57702980908293, 21.10109815386971 ], [ -89.577091563087606, 21.100822058760798 ], [ -89.577087926018365, 21.100783668959256 ], [ -89.577112139238992, 21.10053772385999 ], [ -89.577208938285267, 21.100217978749463 ], [ -89.57727144796354, 21.099931286094336 ], [ -89.577323210829107, 21.099505429659686 ], [ -89.577382928947188, 21.099456680922405 ], [ -89.577394700216246, 21.09917605679572 ], [ -89.577367029416692, 21.098457955951375 ], [ -89.57717763848504, 21.097878024733433 ], [ -89.577048689028473, 21.097514976168039 ], [ -89.577043398415086, 21.096784155180959 ], [ -89.577010968279836, 21.096699695568457 ], [ -89.577032426361072, 21.096089102381555 ], [ -89.577308693622683, 21.096094106002983 ], [ -89.577799758893718, 21.09491108649463 ], [ -89.57840626827587, 21.093549915803262 ], [ -89.578786407503515, 21.092682577299428 ], [ -89.579345456584122, 21.091403453874502 ], [ -89.579734488008583, 21.090487527286978 ], [ -89.579919119024837, 21.090057026753069 ], [ -89.580218723866082, 21.089281724717395 ], [ -89.580339085677238, 21.089070923402122 ], [ -89.580561222853476, 21.088547570648664 ], [ -89.580868390811432, 21.087742189654548 ], [ -89.581036768549311, 21.087322289077949 ], [ -89.581424806499442, 21.086412873307136 ], [ -89.581885821945676, 21.085311623937525 ], [ -89.582040041931307, 21.084952518495705 ], [ -89.582177574063365, 21.084632269395517 ], [ -89.582232794775337, 21.08451403035458 ], [ -89.582233553479654, 21.084512405498327 ], [ -89.582233603166856, 21.084512298437577 ], [ -89.583309878304476, 21.085235401189372 ], [ -89.583310649203014, 21.085236540461775 ], [ -89.583311420101552, 21.085237679734178 ], [ -89.583633947354329, 21.085714363424366 ], [ -89.58363393718885, 21.085714420882731 ], [ -89.583633927023357, 21.085714478341174 ], [ -89.583383222132582, 21.087096337347397 ], [ -89.583383210752942, 21.087096397439133 ], [ -89.583383199373387, 21.087096457530848 ], [ -89.583117776782018, 21.088559419484685 ], [ -89.58311776636539, 21.088559479654904 ], [ -89.583117754985494, 21.088559539746651 ], [ -89.58291539783454, 21.089674878718267 ], [ -89.582999434766506, 21.089853384501616 ], [ -89.582999421834572, 21.089853429895367 ], [ -89.582999408902637, 21.089853475289111 ], [ -89.582809381614155, 21.090511893349092 ], [ -89.582500947364593, 21.090486974626334 ], [ -89.582164498263609, 21.091228557857331 ], [ -89.581737547430137, 21.092140666787241 ], [ -89.58170716145203, 21.092280886459395 ], [ -89.581708908372505, 21.09228082203412 ], [ -89.581710655292994, 21.092280757608769 ], [ -89.582279637275008, 21.092259886879415 ], [ -89.583205667612773, 21.092306007417012 ], [ -89.583205634173922, 21.092306127641788 ], [ -89.583205362799731, 21.092307026284793 ], [ -89.583204787492093, 21.092308944777848 ], [ -89.582961605882446, 21.09312036959312 ], [ -89.582963330916428, 21.093120825218101 ], [ -89.5829650545693, 21.09312128528428 ], [ -89.583247440011988, 21.093195925069136 ], [ -89.583247430652648, 21.093196047255301 ], [ -89.583247350565443, 21.093197154554598 ], [ -89.583247270561742, 21.093198260949947 ], [ -89.5832472621656, 21.093198383214574 ], [ -89.583243035208568, 21.093256805583955 ], [ -89.583243033496615, 21.093256834587891 ], [ -89.583243032711493, 21.093256895542837 ], [ -89.583243032889555, 21.093256956576241 ], [ -89.5832457881978, 21.093386365314142 ], [ -89.583420273096735, 21.094136135045193 ], [ -89.58342026837532, 21.094136196590284 ], [ -89.583420263737494, 21.094136257231487 ], [ -89.583295001915744, 21.095693105228854 ], [ -89.58329500209382, 21.095693166262329 ], [ -89.583295003318668, 21.095693226470388 ], [ -89.583323692384084, 21.096850230593862 ], [ -89.58333235651908, 21.097199655565781 ], [ -89.583348805627764, 21.097616658981561 ], [ -89.583349105917293, 21.097624272572411 ], [ -89.583349406206864, 21.097631886163231 ], [ -89.583509502804858, 21.099531604457489 ], [ -89.583547173167105, 21.099978591396901 ], [ -89.583556728331629, 21.100091975466153 ], [ -89.583556715406218, 21.100092062754591 ], [ -89.583556710302901, 21.100092096946856 ], [ -89.583532003109966, 21.100259334444608 ], [ -89.583532000314818, 21.100259396146832 ], [ -89.583531996640005, 21.100259456866667 ], [ -89.583526050027231, 21.100411677988994 ], [ -89.583526049158593, 21.100411739848166 ], [ -89.583526049336712, 21.100411800881805 ], [ -89.583546335073123, 21.102065133371227 ], [ -89.58354633525127, 21.102065194405004 ], [ -89.583546336476346, 21.102065254613247 ], [ -89.583573176956776, 21.103300075892843 ], [ -89.582130055812414, 21.103041707480223 ], [ -89.582130050126807, 21.103041768947147 ], [ -89.582130045488086, 21.103041829588641 ], [ -89.582101421416198, 21.103389915583314 ], [ -89.582117382592273, 21.103440413669372 ], [ -89.582117377869849, 21.103440475214732 ], [ -89.582117373231114, 21.103440535856226 ], [ -89.581983947285792, 21.105439912555717 ], [ -89.581307158211345, 21.105402544733781 ], [ -89.581212436994534, 21.105397313303666 ], [ -89.580970079206168, 21.105388823818277 ], [ -89.580421887286121, 21.1053696179385 ], [ -89.578883908715639, 21.105220458475692 ] ] ] } },
{ "type": "Feature", "properties": { "CVE_ENT": "31", "CVE_MUN": "050", "CVE_LOC": "0077", "CVE_AGEB": "4392", "CVEGEO": "3105000774392", "POBTOT": 2143, "cantidad_parques": 0.0, "parques_por_1000_hab": 0.0 }, "geometry": { "type": "Polygon", "coordinates": [ [ [ -89.572925030139359, 21.101998158783971 ], [ -89.572938956750875, 21.101875010739267 ], [ -89.573071832482327, 21.100688962214445 ], [ -89.573083501803211, 21.100376165477705 ], [ -89.573344776386861, 21.098535470459407 ], [ -89.573407137490292, 21.097869478270855 ], [ -89.571821950603663, 21.098537621390754 ], [ -89.571407916832612, 21.098523394661235 ], [ -89.569001193948111, 21.098340221843301 ], [ -89.566489236709259, 21.098109597269985 ], [ -89.566644900332079, 21.09620204446038 ], [ -89.566738927084131, 21.095116990641095 ], [ -89.566718714083009, 21.095000736348226 ], [ -89.56671183144438, 21.094944024230355 ], [ -89.56686506193995, 21.092981272053844 ], [ -89.567918982018981, 21.093408624785731 ], [ -89.569728057251226, 21.094145125125745 ], [ -89.569844980721413, 21.092968826198941 ], [ -89.569974899149969, 21.091996580058339 ], [ -89.570084831620534, 21.091018621133372 ], [ -89.570202160046406, 21.090009373795873 ], [ -89.568416480563954, 21.089325281286591 ], [ -89.568564751964587, 21.088061282566585 ], [ -89.568564766152591, 21.088061160774448 ], [ -89.568566275550126, 21.088061774755907 ], [ -89.568567785827128, 21.088062389719852 ], [ -89.570356645401404, 21.08878958786002 ], [ -89.570356630251695, 21.088789709573909 ], [ -89.570356519348991, 21.088790593050661 ], [ -89.570356409493144, 21.088791475702017 ], [ -89.570356394343492, 21.088791597415899 ], [ -89.570285694440912, 21.089357466969187 ], [ -89.570287227132624, 21.08935793438204 ], [ -89.570288759740677, 21.089358402698689 ], [ -89.571212148554693, 21.089639866448994 ], [ -89.571212132442639, 21.089639988084436 ], [ -89.571211991615556, 21.089641016661009 ], [ -89.5712118518354, 21.08964204441218 ], [ -89.571211835723247, 21.089642166047689 ], [ -89.570989837179695, 21.091269420331159 ], [ -89.570991407862067, 21.091269697757152 ], [ -89.57099297950765, 21.091269975261589 ], [ -89.571850235864531, 21.091421274212781 ], [ -89.572028695568463, 21.090132716328448 ], [ -89.572028704063982, 21.090132656001852 ], [ -89.572028712643089, 21.090132594771394 ], [ -89.572047915853688, 21.089993933713902 ], [ -89.572047924349178, 21.089993873387353 ], [ -89.572047933807795, 21.089993813139301 ], [ -89.572177463575372, 21.089357918080964 ], [ -89.572177475923382, 21.089357858068507 ], [ -89.572177488271279, 21.089357798056085 ], [ -89.572189736983503, 21.089302956848808 ], [ -89.572662941418699, 21.087184630354919 ], [ -89.573749164223244, 21.087607027988252 ], [ -89.573761370453397, 21.086242393800113 ], [ -89.573761371242796, 21.086242332845469 ], [ -89.573761372032195, 21.086242271890818 ], [ -89.573771684046221, 21.08515163163818 ], [ -89.573771684835606, 21.085151570683564 ], [ -89.573771686588117, 21.085151509807481 ], [ -89.576109080364603, 21.084856003255432 ], [ -89.577017696684308, 21.084741119037972 ], [ -89.577017817876836, 21.084742840173909 ], [ -89.577017939152924, 21.084744560405909 ], [ -89.577083584772382, 21.085676088787075 ], [ -89.577083587836995, 21.085676150055694 ], [ -89.577083589059043, 21.085676210263379 ], [ -89.57708369710906, 21.085987538154221 ], [ -89.577083692643839, 21.085987659828042 ], [ -89.577066268639243, 21.086729271156976 ], [ -89.576680007810992, 21.087564711755604 ], [ -89.580339085677238, 21.089070923402122 ], [ -89.580218723866082, 21.089281724717395 ], [ -89.579919119024837, 21.090057026753069 ], [ -89.579734488008583, 21.090487527286978 ], [ -89.579345456584122, 21.091403453874502 ], [ -89.578786407503515, 21.092682577299428 ], [ -89.57840626827587, 21.093549915803262 ], [ -89.577799758893718, 21.09491108649463 ], [ -89.577308693622683, 21.096094106002983 ], [ -89.577032426361072, 21.096089102381555 ], [ -89.577010968279836, 21.096699695568457 ], [ -89.577043398415086, 21.096784155180959 ], [ -89.577048689028473, 21.097514976168039 ], [ -89.57717763848504, 21.097878024733433 ], [ -89.577367029416692, 21.098457955951375 ], [ -89.577394700216246, 21.09917605679572 ], [ -89.577382928947188, 21.099456680922405 ], [ -89.577323210829107, 21.099505429659686 ], [ -89.57727144796354, 21.099931286094336 ], [ -89.577208938285267, 21.100217978749463 ], [ -89.577112139238992, 21.10053772385999 ], [ -89.577087926018365, 21.100783668959256 ], [ -89.577091563087606, 21.100822058760798 ], [ -89.57702980908293, 21.10109815386971 ], [ -89.577063998359719, 21.10154322519973 ], [ -89.577160359151748, 21.101898524077622 ], [ -89.5773467294417, 21.102252144880918 ], [ -89.57614389888694, 21.102158004975223 ], [ -89.574717495571932, 21.10203667546601 ], [ -89.574589365091214, 21.103449075879094 ], [ -89.572780599403586, 21.103274030902902 ], [ -89.572779046891029, 21.103273880668453 ], [ -89.57277749437857, 21.103273730433951 ], [ -89.572897518568354, 21.102191800961094 ], [ -89.572897525137719, 21.102191740477 ], [ -89.572897532753942, 21.102191679167497 ], [ -89.572924595218211, 21.102001221670108 ], [ -89.572924612293548, 21.102001100112066 ], [ -89.57292481267875, 21.10199969022705 ], [ -89.572925013064022, 21.101998280342055 ], [ -89.572925030139359, 21.101998158783971 ] ] ] } },
{ "type": "Feature", "properties": { "CVE_ENT": "31", "CVE_MUN": "050", "CVE_LOC": "0093", "CVE_AGEB": "2127", "CVEGEO": "3105000932127", "POBTOT": 2453, "cantidad_parques": 0.0, "parques_por_1000_hab": 0.0 }, "geometry": { "type": "Polygon", "coordinates": [ [ [ -89.648680925485152, 21.102695932753019 ], [ -89.650375280738785, 21.102429858168748 ], [ -89.650364670948747, 21.102245534939886 ], [ -89.650315291448095, 21.101387633649892 ], [ -89.651373042787185, 21.100838760879181 ], [ -89.651373069483711, 21.100839283049439 ], [ -89.651432835132979, 21.102252104538568 ], [ -89.653491643196787, 21.10198262900261 ], [ -89.653458116187622, 21.101719882741353 ], [ -89.65628832078481, 21.101445417257729 ], [ -89.657921691116613, 21.101273251642191 ], [ -89.658002157326848, 21.10110559394656 ], [ -89.658922356293786, 21.100891865064991 ], [ -89.658907585732564, 21.100183325473918 ], [ -89.658926866145876, 21.099401730267907 ], [ -89.658934986737989, 21.099369256668155 ], [ -89.658967703604205, 21.098069528110759 ], [ -89.658678406177543, 21.098146066357469 ], [ -89.658577985508288, 21.097625239732832 ], [ -89.658513612240057, 21.096826035408881 ], [ -89.659281837472861, 21.096428696209177 ], [ -89.661371615481855, 21.095218095925244 ], [ -89.661668195625225, 21.095045810216916 ], [ -89.662674607638337, 21.094483681798902 ], [ -89.663181320878465, 21.095693462471591 ], [ -89.663536387612268, 21.09652310337917 ], [ -89.66372084853846, 21.09693098461738 ], [ -89.663947175503807, 21.097838356153613 ], [ -89.664423334836286, 21.099367926309412 ], [ -89.665422095334307, 21.099324985508673 ], [ -89.665411902459624, 21.100337258945096 ], [ -89.665949605492486, 21.100474655010469 ], [ -89.666571434778788, 21.100574895073507 ], [ -89.667115735113669, 21.100730605428424 ], [ -89.667600803625959, 21.100890866009593 ], [ -89.667804243215514, 21.100669585788303 ], [ -89.667974138360748, 21.100527726860463 ], [ -89.668170858432205, 21.100420898872567 ], [ -89.668334199224248, 21.100424791303961 ], [ -89.668740094794543, 21.10063363498351 ], [ -89.66909009453309, 21.100829115557701 ], [ -89.669177152837435, 21.100870856050491 ], [ -89.670138494071082, 21.10141285460757 ], [ -89.67104957349801, 21.101531866273433 ], [ -89.671242473745124, 21.101542285919209 ], [ -89.671567538011985, 21.101610213159024 ], [ -89.671967859748065, 21.101676526338135 ], [ -89.672177553734642, 21.101758655081458 ], [ -89.672408412038877, 21.101812855698494 ], [ -89.672168651690299, 21.101945414509188 ], [ -89.671702234118072, 21.102384954461794 ], [ -89.670712311423685, 21.103350616199883 ], [ -89.669386584586576, 21.104594684854916 ], [ -89.669330444044832, 21.10466005421744 ], [ -89.668960723833436, 21.10469482461836 ], [ -89.668648836738839, 21.104661711811389 ], [ -89.668507498989328, 21.104645883025878 ], [ -89.667693463866996, 21.104554955724272 ], [ -89.666860889354865, 21.104460163741241 ], [ -89.665433434391403, 21.10430930737677 ], [ -89.664845068511056, 21.104241716622763 ], [ -89.662862915395237, 21.103958956330555 ], [ -89.662736080912225, 21.103910753118573 ], [ -89.661520270560729, 21.103835026491371 ], [ -89.661496800626907, 21.103567279426041 ], [ -89.660591606168978, 21.103479385054008 ], [ -89.660231976209062, 21.10344311542072 ], [ -89.659080327276826, 21.103344924414561 ], [ -89.658302977161924, 21.103271464825102 ], [ -89.656244976552728, 21.103485344298715 ], [ -89.654260838384786, 21.103688745330388 ], [ -89.654077238381376, 21.103705225478858 ], [ -89.651588430158682, 21.104005069307561 ], [ -89.648940043185391, 21.104345706015565 ], [ -89.646222809555141, 21.104685753619023 ], [ -89.646055893966178, 21.103792745419319 ], [ -89.647151184191912, 21.103158642146017 ], [ -89.647585285890713, 21.102890898070697 ], [ -89.648025352658607, 21.102812591839825 ], [ -89.648680925485152, 21.102695932753019 ] ] ] } },
{ "type": "Feature", "properties": { "CVE_ENT": "31", "CVE_MUN": "050", "CVE_LOC": "0093", "CVE_AGEB": "5668", "CVEGEO": "3105000935668", "POBTOT": 1545, "cantidad_parques": 0.0, "parques_por_1000_hab": 0.0 }, "geometry": { "type": "Polygon", "coordinates": [ [ [ -89.657895354800445, 21.109817003243702 ], [ -89.657952036568986, 21.109242752072994 ], [ -89.656619588086883, 21.109084285740906 ], [ -89.656645948062433, 21.108677618296614 ], [ -89.656658223127636, 21.108488274352965 ], [ -89.656710528811942, 21.10829402058307 ], [ -89.656787332047003, 21.108008797048939 ], [ -89.656931814646413, 21.107613512640032 ], [ -89.656905577712351, 21.107610497853429 ], [ -89.655863615752807, 21.107495044572076 ], [ -89.655819696548761, 21.107801829003201 ], [ -89.655768730174017, 21.108195448101377 ], [ -89.655036433913949, 21.108142657185741 ], [ -89.655046549508199, 21.107818890487252 ], [ -89.655055946338166, 21.107518095399197 ], [ -89.655060520300808, 21.107371721283016 ], [ -89.65434079662036, 21.107257064595675 ], [ -89.654159081083861, 21.107228115573545 ], [ -89.654228935578487, 21.106412808466676 ], [ -89.65428805448019, 21.106030055457289 ], [ -89.654301576591251, 21.105689842713719 ], [ -89.654256104072317, 21.105700556761651 ], [ -89.653566933491689, 21.105862925386774 ], [ -89.653408620569053, 21.105900224123445 ], [ -89.65345079923128, 21.105264054687801 ], [ -89.653459574848469, 21.105131697814574 ], [ -89.651555870955903, 21.105344374093114 ], [ -89.651717513328066, 21.107008555528534 ], [ -89.651567036315996, 21.106993160241363 ], [ -89.646851552341033, 21.106510656451437 ], [ -89.645596093860874, 21.106527526934311 ], [ -89.645543980231352, 21.105938679985915 ], [ -89.645534626049667, 21.105832994438497 ], [ -89.644393674091035, 21.106024360675459 ], [ -89.641131818342458, 21.106145375086811 ], [ -89.640835549471205, 21.106156361873207 ], [ -89.640761398485608, 21.106159111707672 ], [ -89.640768101048423, 21.106015865594163 ], [ -89.640758707984645, 21.105679944523271 ], [ -89.640706397136, 21.10539720289637 ], [ -89.640770640734786, 21.105390174711463 ], [ -89.640807877645344, 21.105385399577269 ], [ -89.641803540712303, 21.105257694909938 ], [ -89.645377986919357, 21.104787010689357 ], [ -89.646222809555141, 21.104685753619023 ], [ -89.648940043185391, 21.104345706015565 ], [ -89.651588430158682, 21.104005069307561 ], [ -89.654077238381376, 21.103705225478858 ], [ -89.654260838384786, 21.103688745330388 ], [ -89.656244976552728, 21.103485344298715 ], [ -89.658302977161924, 21.103271464825102 ], [ -89.659080327276826, 21.103344924414561 ], [ -89.660231976209062, 21.10344311542072 ], [ -89.660591606168978, 21.103479385054008 ], [ -89.661496800626907, 21.103567279426041 ], [ -89.661520270560729, 21.103835026491371 ], [ -89.661532282085233, 21.10485226109201 ], [ -89.661539906851615, 21.105872731249942 ], [ -89.66135402666788, 21.106835485833557 ], [ -89.661079099249648, 21.10786390991063 ], [ -89.660876593808084, 21.108788486067677 ], [ -89.660837415181547, 21.108889083582667 ], [ -89.66073926239298, 21.109222802021208 ], [ -89.660635385218086, 21.109438491754155 ], [ -89.659745410503263, 21.109260866591427 ], [ -89.659030555508664, 21.109380679903481 ], [ -89.658670413315235, 21.109938077369289 ], [ -89.657895354800445, 21.109817003243702 ] ] ] } },
{ "type": "Feature", "properties": { "CVE_ENT": "31", "CVE_MUN": "050", "CVE_LOC": "0001", "CVE_AGEB": "4693", "CVEGEO": "3105000014693", "POBTOT": 2173, "cantidad_parques": 0.0, "parques_por_1000_hab": 0.0 }, "geometry": { "type": "Polygon", "coordinates": [ [ [ -89.663477416079516, 20.958193411142954 ], [ -89.663473246455325, 20.957734792192955 ], [ -89.663467837845417, 20.957290620875028 ], [ -89.663467097046876, 20.956963192347235 ], [ -89.663463267010258, 20.95681599219575 ], [ -89.663458466389741, 20.956345641289559 ], [ -89.663455756496063, 20.956059981406764 ], [ -89.663455276995435, 20.956009531423984 ], [ -89.663453776146312, 20.955871891980067 ], [ -89.663454867123193, 20.955857641949695 ], [ -89.663450098020647, 20.955500301860258 ], [ -89.663442937042689, 20.954779811774749 ], [ -89.663443077759553, 20.954563991551456 ], [ -89.663445836530741, 20.954314392363248 ], [ -89.663433977107786, 20.953874221570416 ], [ -89.663433356642869, 20.953575791702018 ], [ -89.663427416545304, 20.953202042902081 ], [ -89.663427157468917, 20.953185962500527 ], [ -89.663431447441056, 20.952955672175822 ], [ -89.663436066495478, 20.952708533231455 ], [ -89.663426786441633, 20.952404962047794 ], [ -89.663427128022761, 20.952344532913699 ], [ -89.663418157013794, 20.951514213707782 ], [ -89.663417467322333, 20.951441892371776 ], [ -89.663397936270698, 20.950528062854719 ], [ -89.663394867283003, 20.950397792955677 ], [ -89.663395436763167, 20.949984813498705 ], [ -89.663398897965422, 20.949978133223347 ], [ -89.663478601816237, 20.949824261562167 ], [ -89.664708024994354, 20.949815690206176 ], [ -89.66471056839508, 20.949815671289567 ], [ -89.664710535462461, 20.94981689611301 ], [ -89.664682204054742, 20.950883757226904 ], [ -89.664682200568691, 20.950883900819711 ], [ -89.664699578833677, 20.951823962793952 ], [ -89.664711329700268, 20.952761061749772 ], [ -89.664768408488854, 20.953938820783616 ], [ -89.664779627237607, 20.954121014275028 ], [ -89.664779637936221, 20.954121161748755 ], [ -89.664779645284497, 20.954121250672497 ], [ -89.664794234149454, 20.954297514098521 ], [ -89.664794245727379, 20.95429766255408 ], [ -89.664839256784219, 20.954952603231774 ], [ -89.664839267399984, 20.954952751609468 ], [ -89.665339245423525, 20.955015641727318 ], [ -89.666517175104431, 20.955161841130817 ], [ -89.666591677082181, 20.955170990355285 ], [ -89.667339928082285, 20.955262875152837 ], [ -89.667341831807875, 20.955263109438814 ], [ -89.667342015895926, 20.955263131630048 ], [ -89.667931546084731, 20.955198435134069 ], [ -89.667933126524886, 20.9551982626041 ], [ -89.669319495441002, 20.95498861965833 ], [ -89.670129466445971, 20.954901973168624 ], [ -89.670217819737715, 20.954936991201372 ], [ -89.670498355800959, 20.955048178653474 ], [ -89.670048972334271, 20.956099531088295 ], [ -89.670183495270351, 20.956151791951338 ], [ -89.670097204865257, 20.956541672330417 ], [ -89.6699228160779, 20.957393781937274 ], [ -89.669814214413094, 20.957911122005097 ], [ -89.669637956049698, 20.958750900750072 ], [ -89.669598644556743, 20.958755860816478 ], [ -89.667813636209829, 20.958985691991739 ], [ -89.667791985885216, 20.958988471974482 ], [ -89.666764446468676, 20.959127870555619 ], [ -89.666745476368831, 20.95913155038221 ], [ -89.666710845240772, 20.958335071213579 ], [ -89.665674556776793, 20.958507870387919 ], [ -89.664624987221416, 20.958697890321748 ], [ -89.664630636087097, 20.958999951778932 ], [ -89.663526187447744, 20.959090700214421 ], [ -89.663484437212162, 20.959094130804271 ], [ -89.663482937309453, 20.958875440708841 ], [ -89.663481217811579, 20.958682290878084 ], [ -89.663478436184235, 20.958330691320256 ], [ -89.663478066581007, 20.958283690438972 ], [ -89.663477416079516, 20.958193411142954 ] ] ] } },
{ "type": "Feature", "properties": { "CVE_ENT": "31", "CVE_MUN": "050", "CVE_LOC": "0001", "CVE_AGEB": "548A", "CVEGEO": "310500001548A", "POBTOT": 2052, "cantidad_parques": 0.0, "parques_por_1000_hab": 0.0 }, "geometry": { "type": "Polygon", "coordinates": [ [ [ -89.696086778572052, 20.953627393550835 ], [ -89.696409407937111, 20.953129762421931 ], [ -89.69675000883754, 20.952604473137903 ], [ -89.696782288280801, 20.952599923520907 ], [ -89.697561197166465, 20.952509243624789 ], [ -89.697565697744508, 20.952502012885276 ], [ -89.697735037368659, 20.952230073713299 ], [ -89.697879486838403, 20.951998123772938 ], [ -89.698261836741978, 20.951495792955033 ], [ -89.698263717540698, 20.951493333316222 ], [ -89.698637797178094, 20.950972244290195 ], [ -89.698776177817436, 20.950746624017498 ], [ -89.698824946971513, 20.950480493158341 ], [ -89.698860297542197, 20.949883693038753 ], [ -89.698744167778287, 20.949320334763897 ], [ -89.698547457018435, 20.948888563149357 ], [ -89.698377497812416, 20.948582763990711 ], [ -89.698307487128574, 20.94847855483988 ], [ -89.698351568232781, 20.948405994392953 ], [ -89.698295778109085, 20.947975694348127 ], [ -89.698000624274798, 20.946165107295553 ], [ -89.698865811228828, 20.946061039254335 ], [ -89.699227903136702, 20.946009114518827 ], [ -89.700521330039763, 20.94578251468959 ], [ -89.701286084592027, 20.94710143171601 ], [ -89.70188586379038, 20.948137784620858 ], [ -89.70205628418374, 20.948418493517693 ], [ -89.702185433746749, 20.948632181879759 ], [ -89.702376744620594, 20.949056664235364 ], [ -89.702467571381561, 20.949327815172264 ], [ -89.702540076931527, 20.949584041091814 ], [ -89.702572655343431, 20.949722723320441 ], [ -89.702613143665687, 20.950021073533609 ], [ -89.702603603792411, 20.950230612840748 ], [ -89.70258173898435, 20.950421027338439 ], [ -89.702559146628204, 20.950553224291522 ], [ -89.702523496453026, 20.950712463805512 ], [ -89.702479035674187, 20.950869702540441 ], [ -89.702425856900987, 20.951024563702692 ], [ -89.702364146023456, 20.951176583328408 ], [ -89.702294036295356, 20.951325364227412 ], [ -89.702215727397899, 20.951470503644806 ], [ -89.702101696069121, 20.951647843305626 ], [ -89.701829952697707, 20.952009563579573 ], [ -89.701253303328556, 20.952777134790242 ], [ -89.701128512658201, 20.952942578066363 ], [ -89.700180256369407, 20.954222627653916 ], [ -89.700168783675593, 20.95421494004734 ], [ -89.699018887731327, 20.953444431867908 ], [ -89.698695497829718, 20.953852153548329 ], [ -89.698634657821216, 20.953977293046854 ], [ -89.698005946888074, 20.954067623321396 ], [ -89.697325688594162, 20.954249792177539 ], [ -89.6960355978634, 20.954302192439602 ], [ -89.69560446747596, 20.954297352008943 ], [ -89.695436488996165, 20.954295332918619 ], [ -89.694699898710496, 20.954397842345134 ], [ -89.694699880912282, 20.954397697944859 ], [ -89.694699815163673, 20.95439729379526 ], [ -89.694657769550361, 20.954122922209578 ], [ -89.695229549085695, 20.954059102541269 ], [ -89.695442238007615, 20.954036163441998 ], [ -89.695604298367812, 20.954018243367571 ], [ -89.695828329089053, 20.954025963442003 ], [ -89.696086778572052, 20.953627393550835 ] ] ] } },
{ "type": "Feature", "properties": { "CVE_ENT": "31", "CVE_MUN": "050", "CVE_LOC": "0001", "CVE_AGEB": "7005", "CVEGEO": "3105000017005", "POBTOT": 1512, "cantidad_parques": 0.0, "parques_por_1000_hab": 0.0 }, "geometry": { "type": "Polygon", "coordinates": [ [ [ -89.530750046609427, 20.996598648318411 ], [ -89.530737543683557, 20.996126576541123 ], [ -89.529177852066425, 20.99615435996127 ], [ -89.529178255960048, 20.996026326227692 ], [ -89.529179281195709, 20.995701671478091 ], [ -89.529178961229519, 20.995168871094275 ], [ -89.528851349294015, 20.995168969705869 ], [ -89.528852075208718, 20.99503931948372 ], [ -89.528840090523801, 20.994517736728156 ], [ -89.528856818686165, 20.994067838384876 ], [ -89.528852268692475, 20.993891600105563 ], [ -89.528844445043717, 20.99358866102035 ], [ -89.528828304843529, 20.99310699886033 ], [ -89.52983719604731, 20.993087961933881 ], [ -89.530736247669068, 20.993087239430995 ], [ -89.531427830843526, 20.993098193826409 ], [ -89.53185954008147, 20.99309178220409 ], [ -89.531767214624537, 20.992600140983836 ], [ -89.532697422598915, 20.992586180330946 ], [ -89.53268082508373, 20.99214413989889 ], [ -89.532680189199439, 20.992127228988679 ], [ -89.533702058461245, 20.992106921632548 ], [ -89.534717060860075, 20.99208674132873 ], [ -89.534731982203297, 20.992554966648019 ], [ -89.535439526417747, 20.992544104728182 ], [ -89.53542996562264, 20.992080516623396 ], [ -89.536438025868037, 20.992061352423665 ], [ -89.536447695565855, 20.992528622839927 ], [ -89.536457686378398, 20.993011405170872 ], [ -89.53646615820746, 20.993420748527139 ], [ -89.536467788435075, 20.993499522510913 ], [ -89.536472957396981, 20.993749298231517 ], [ -89.536477637931554, 20.993975477904055 ], [ -89.536487081422109, 20.994431789234529 ], [ -89.536499291505166, 20.995016906812964 ], [ -89.53549095901208, 20.995034105732806 ], [ -89.534900564613523, 20.995044172974652 ], [ -89.534920138467299, 20.995628952354213 ], [ -89.53492901562835, 20.995882693141631 ], [ -89.534929019127105, 20.995882780855137 ], [ -89.534929023995971, 20.995882926965624 ], [ -89.534929771567931, 20.996049917706838 ], [ -89.534931962940902, 20.99653902669127 ], [ -89.534924173111364, 20.997004810230194 ], [ -89.533954347330194, 20.997008618192744 ], [ -89.532924181276158, 20.997036504130939 ], [ -89.53195351713228, 20.997037312909455 ], [ -89.531879692365578, 20.997036700343525 ], [ -89.530765629116317, 20.997075908315605 ], [ -89.530750046609427, 20.996598648318411 ] ] ] } },
{ "type": "Feature", "properties": { "CVE_ENT": "31", "CVE_MUN": "050", "CVE_LOC": "0111", "CVE_AGEB": "4405", "CVEGEO": "3105001114405", "POBTOT": 4095, "cantidad_parques": 0.0, "parques_por_1000_hab": 0.0 }, "geometry": { "type": "Polygon", "coordinates": [ [ [ -89.658921074942555, 20.833069268992805 ], [ -89.658953030165819, 20.832846382607965 ], [ -89.658983693272532, 20.832801272117848 ], [ -89.658996679820817, 20.832715597092953 ], [ -89.658977109823553, 20.832678420978084 ], [ -89.65900419768613, 20.832557304351173 ], [ -89.659029274200776, 20.832523974722619 ], [ -89.659098999864483, 20.832133418560929 ], [ -89.659058367218648, 20.832098684572092 ], [ -89.659137519247622, 20.831224310071192 ], [ -89.65920571653632, 20.831116129843238 ], [ -89.659383539522779, 20.830211362514923 ], [ -89.659522380319089, 20.829404213746123 ], [ -89.659763516084709, 20.828485163817732 ], [ -89.659712780878934, 20.828483324921056 ], [ -89.659245449776634, 20.828466382310303 ], [ -89.659124419054393, 20.82846199378487 ], [ -89.65913237603273, 20.828402166273673 ], [ -89.659200201640573, 20.827892198942745 ], [ -89.659157582794435, 20.827887264860454 ], [ -89.657666583224923, 20.827714654287057 ], [ -89.657673476682177, 20.82765812774462 ], [ -89.657764405260522, 20.826912528664931 ], [ -89.657722581609974, 20.826906193610863 ], [ -89.656670709595758, 20.826746868741836 ], [ -89.656307560698437, 20.828978841445188 ], [ -89.656058425601714, 20.830510025626818 ], [ -89.655986566241992, 20.830951665046701 ], [ -89.65361749328784, 20.830604023874045 ], [ -89.653583944171217, 20.830598916330498 ], [ -89.650673587598376, 20.830155711258421 ], [ -89.650567657448406, 20.830139577292382 ], [ -89.65116290805328, 20.82703618836857 ], [ -89.651117145389634, 20.827030352215324 ], [ -89.649669429579177, 20.826845704555833 ], [ -89.649952542050187, 20.824617650497995 ], [ -89.650555438623101, 20.824711981602192 ], [ -89.650632621805002, 20.82315169493415 ], [ -89.650595088022342, 20.823139397816561 ], [ -89.650074969234424, 20.822968990149086 ], [ -89.649839478512035, 20.822907714355974 ], [ -89.647396987784873, 20.822272142734679 ], [ -89.647368867693714, 20.822264824739932 ], [ -89.64532571569552, 20.821702873881158 ], [ -89.645340140327363, 20.821655104839252 ], [ -89.64586737654507, 20.819909105541349 ], [ -89.646207506150986, 20.818776786241223 ], [ -89.646235712136672, 20.818783856521481 ], [ -89.64718372834497, 20.819021451490791 ], [ -89.64863789968787, 20.819385885961278 ], [ -89.649029844749577, 20.819484108957774 ], [ -89.649289122959715, 20.818520421036908 ], [ -89.649513524933283, 20.817686357287158 ], [ -89.650562792675743, 20.817971385922803 ], [ -89.651996161736477, 20.818362586718482 ], [ -89.652205871148368, 20.817294277194467 ], [ -89.652424661890564, 20.815872159669155 ], [ -89.652529780817545, 20.815105811568454 ], [ -89.653140094605206, 20.815233246383784 ], [ -89.653089419650442, 20.815562887063706 ], [ -89.653015317385695, 20.816044909765282 ], [ -89.652983777326284, 20.816250081226261 ], [ -89.652975985384913, 20.816300766133931 ], [ -89.653230237298146, 20.816364213725439 ], [ -89.654238089214402, 20.816615708931391 ], [ -89.654241984077913, 20.816616680524735 ], [ -89.654245878941396, 20.81661765211798 ], [ -89.654236909513003, 20.816778138197733 ], [ -89.654230968186113, 20.816884444285588 ], [ -89.654233585034945, 20.816883914529775 ], [ -89.654236201883663, 20.816883384773956 ], [ -89.654917771288297, 20.816745475551127 ], [ -89.654999380445574, 20.816727017166041 ], [ -89.655170174692515, 20.816716173160575 ], [ -89.655587238819933, 20.816674415631741 ], [ -89.655934317958781, 20.816605660446864 ], [ -89.656230080629385, 20.816535006926642 ], [ -89.656275336732449, 20.816524195467125 ], [ -89.656011540299218, 20.818400759800603 ], [ -89.65600536761481, 20.818444669888052 ], [ -89.656100179706741, 20.818484816122947 ], [ -89.656727929626726, 20.818728415982374 ], [ -89.657434020211127, 20.818932766800209 ], [ -89.65793151029672, 20.819088246130772 ], [ -89.657946279682875, 20.818054125854037 ], [ -89.658708138974191, 20.818073997006731 ], [ -89.660853609644704, 20.818154616915752 ], [ -89.661045309793124, 20.817138827309069 ], [ -89.661923208140635, 20.817188336997273 ], [ -89.663107928679011, 20.817306257554488 ], [ -89.66313258901458, 20.816321586831741 ], [ -89.664900157662984, 20.817199506600772 ], [ -89.665770039000378, 20.817494165918728 ], [ -89.666302499266777, 20.817584056696365 ], [ -89.666310018762019, 20.817585326324874 ], [ -89.66680673750561, 20.818667555983961 ], [ -89.667383727737359, 20.819909295555274 ], [ -89.666589007924387, 20.821103156359591 ], [ -89.666485436441292, 20.821542415480902 ], [ -89.666340408175415, 20.822157495991451 ], [ -89.666082377458793, 20.82330509605411 ], [ -89.665917368813467, 20.82461438938012 ], [ -89.665910357317031, 20.824670024927805 ], [ -89.667672455850067, 20.824910595321278 ], [ -89.668307237883852, 20.824997254171304 ], [ -89.6681657566197, 20.825946415309037 ], [ -89.668136940401425, 20.825941507827796 ], [ -89.666760693560335, 20.825707127656319 ], [ -89.666583811307703, 20.826516398419816 ], [ -89.666502569702828, 20.826888094708412 ], [ -89.665514397859297, 20.826823866980043 ], [ -89.665424448021994, 20.827286423218354 ], [ -89.665294750659825, 20.828392530593359 ], [ -89.664845698618848, 20.828345853950964 ], [ -89.664217933857273, 20.828206406341586 ], [ -89.663796897490002, 20.82809895365871 ], [ -89.663384497769357, 20.827962303706563 ], [ -89.662995897665809, 20.827765221924423 ], [ -89.662609659241255, 20.827654916205404 ], [ -89.662346835604438, 20.827588465374269 ], [ -89.662558698229404, 20.826817597977652 ], [ -89.661782450247244, 20.826462021218941 ], [ -89.661457775785067, 20.826341481797431 ], [ -89.661060936558826, 20.826261465048546 ], [ -89.660612842067124, 20.829416409124626 ], [ -89.660469257009694, 20.830377426510811 ], [ -89.660505082184983, 20.830384898712385 ], [ -89.661518786766408, 20.830596305629719 ], [ -89.661634962226529, 20.830589556010427 ], [ -89.662294428596368, 20.830733366846278 ], [ -89.662347134949201, 20.830769051469748 ], [ -89.662345297939424, 20.830777738307464 ], [ -89.662343460929392, 20.83078642514532 ], [ -89.662148797819327, 20.831707258767853 ], [ -89.661494114625526, 20.831596202922047 ], [ -89.661490442018533, 20.831595580086056 ], [ -89.661486769411596, 20.831594957249973 ], [ -89.661311047748825, 20.832526745193864 ], [ -89.66126806588349, 20.832909019318709 ], [ -89.661268034080393, 20.832909302646833 ], [ -89.661268002277197, 20.832909585974907 ], [ -89.661201845331263, 20.833497971993946 ], [ -89.660074416861534, 20.833330124278717 ], [ -89.660017356941594, 20.833336037659464 ], [ -89.659721328818208, 20.833277661896993 ], [ -89.659377771547398, 20.833234865641121 ], [ -89.658921074942555, 20.833069268992805 ] ] ] } },
{ "type": "Feature", "properties": { "CVE_ENT": "31", "CVE_MUN": "050", "CVE_LOC": "0001", "CVE_AGEB": "5155", "CVEGEO": "3105000015155", "POBTOT": 2773, "cantidad_parques": 0.0, "parques_por_1000_hab": 0.0 }, "geometry": { "type": "Polygon", "coordinates": [ [ [ -89.637546395292489, 20.918926370071539 ], [ -89.636927825460617, 20.918852050341542 ], [ -89.636927775713033, 20.918852528008582 ], [ -89.635824381843562, 20.918699418764806 ], [ -89.634755522110083, 20.918551098250916 ], [ -89.634244551944519, 20.918489988363447 ], [ -89.634244752148149, 20.918489529289815 ], [ -89.63424478034311, 20.918489465105843 ], [ -89.634612552013834, 20.917647548931061 ], [ -89.634980488742215, 20.91680522087465 ], [ -89.634980541579807, 20.916805099503097 ], [ -89.634980400232266, 20.916805045226273 ], [ -89.634418181767387, 20.916588909404517 ], [ -89.63336438194753, 20.916198378881802 ], [ -89.633353230305985, 20.916194225952186 ], [ -89.63335347600453, 20.916193830675027 ], [ -89.633388986633079, 20.91613005086143 ], [ -89.633694626404306, 20.9154200713058 ], [ -89.633758536036552, 20.915281601502596 ], [ -89.63377822640831, 20.915251371688154 ], [ -89.633806845632179, 20.915206021747323 ], [ -89.633808646578487, 20.915201931006198 ], [ -89.633908745680117, 20.914973141583399 ], [ -89.63407893567981, 20.914599601320646 ], [ -89.634207786174684, 20.914342911494227 ], [ -89.63434553636543, 20.914055071734051 ], [ -89.634624015433204, 20.913393081923928 ], [ -89.634719315700139, 20.913177081791051 ], [ -89.634749905495241, 20.913107761960937 ], [ -89.634769455659708, 20.913060971556664 ], [ -89.635143905763002, 20.912164682136197 ], [ -89.635159816183773, 20.912123712613514 ], [ -89.635484595627133, 20.911366762578744 ], [ -89.635546305217929, 20.911222932767995 ], [ -89.635585685553423, 20.911119362722424 ], [ -89.635894985466436, 20.910306002835391 ], [ -89.635905424627097, 20.910309563219794 ], [ -89.637057874398323, 20.910702542551292 ], [ -89.638057785261694, 20.911082002418802 ], [ -89.639056563320395, 20.911430942344786 ], [ -89.638617713958894, 20.912396503129088 ], [ -89.638195655355929, 20.913329032075932 ], [ -89.63882434498521, 20.913575512726386 ], [ -89.63979977815994, 20.913958048203561 ], [ -89.639779105218054, 20.913981970420892 ], [ -89.640676943114897, 20.914054942413113 ], [ -89.641767563121917, 20.914129992267803 ], [ -89.642646473238614, 20.914236171702917 ], [ -89.643651613393061, 20.914347511611773 ], [ -89.643721933601014, 20.914354901979777 ], [ -89.643721333341205, 20.914384131513575 ], [ -89.643782083144558, 20.915352101476135 ], [ -89.643821542903112, 20.915355771740227 ], [ -89.64396458303051, 20.916278931535729 ], [ -89.642813983207105, 20.916143711538563 ], [ -89.642537963469792, 20.91611057155616 ], [ -89.641511993769271, 20.915979231586668 ], [ -89.640931043985489, 20.915904331123777 ], [ -89.640552144111993, 20.915853101479659 ], [ -89.64000825407409, 20.915805421096735 ], [ -89.639038144544827, 20.915690531091464 ], [ -89.638645024558855, 20.916565670894844 ], [ -89.638221545053881, 20.917508370672838 ], [ -89.638046715351521, 20.917873501125158 ], [ -89.637934504576634, 20.91810963101543 ], [ -89.637546395292489, 20.918926370071539 ] ] ] } },
{ "type": "Feature", "properties": { "CVE_ENT": "31", "CVE_MUN": "050", "CVE_LOC": "0075", "CVE_AGEB": "4443", "CVEGEO": "3105000754443", "POBTOT": 2245, "cantidad_parques": 0.0, "parques_por_1000_hab": 0.0 }, "geometry": { "type": "Polygon", "coordinates": [ [ [ -89.700735432401899, 21.023619126673072 ], [ -89.700865177809689, 21.022815956479839 ], [ -89.700903096329569, 21.022581224717506 ], [ -89.700058776447577, 21.022423075076514 ], [ -89.700196125282631, 21.021393936161864 ], [ -89.700173885888674, 21.021342655806826 ], [ -89.699171576450013, 21.021274116245873 ], [ -89.698115086964307, 21.021201875127375 ], [ -89.696534327248699, 21.021096106180241 ], [ -89.695368207799817, 21.02103854610256 ], [ -89.694645727474324, 21.021002905375695 ], [ -89.69413820521531, 21.021009653946017 ], [ -89.694119858837382, 21.020423876344825 ], [ -89.69519223925586, 21.020432402053139 ], [ -89.695268704690392, 21.019594694926283 ], [ -89.694150844296146, 21.019582314948352 ], [ -89.692919108029159, 21.019544548079434 ], [ -89.69291912455094, 21.01954441008791 ], [ -89.693054985310766, 21.018591981070585 ], [ -89.693055006697634, 21.018591853488999 ], [ -89.693055023384787, 21.018591713689663 ], [ -89.693213487012017, 21.017480822502979 ], [ -89.693213509361229, 21.017480694999204 ], [ -89.693213525085326, 21.017480555122209 ], [ -89.693402902313096, 21.016152919499486 ], [ -89.693402919434405, 21.016152796126725 ], [ -89.693402863494285, 21.01615277157477 ], [ -89.693286628386531, 21.016101937132873 ], [ -89.693277127837518, 21.016032716256284 ], [ -89.693277118096603, 21.016032642619528 ], [ -89.693277109318331, 21.016032569060453 ], [ -89.693269853775135, 21.015911742263164 ], [ -89.693269848930527, 21.015911668111201 ], [ -89.693269844168739, 21.015911593055346 ], [ -89.693253348293396, 21.015636906521401 ], [ -89.692869778120468, 21.015578020658968 ], [ -89.692825528945107, 21.015571227458864 ], [ -89.692825530756792, 21.015571154755175 ], [ -89.692825533531177, 21.015571082129252 ], [ -89.692853910704159, 21.014712540487899 ], [ -89.692853809807232, 21.014697741972615 ], [ -89.692847724317176, 21.013805043421382 ], [ -89.692847724255245, 21.013804980583316 ], [ -89.692847723292729, 21.013804895817533 ], [ -89.692847725342375, 21.013804852273111 ], [ -89.693294128825357, 21.014025686846367 ], [ -89.694196428860337, 21.014529507315917 ], [ -89.694350258638195, 21.014555566934792 ], [ -89.695151368397973, 21.014620167031115 ], [ -89.696143727804198, 21.014691407387527 ], [ -89.696974918102157, 21.01475585797635 ], [ -89.698011377131635, 21.014889076971151 ], [ -89.6986553771807, 21.014977596775044 ], [ -89.698676377005754, 21.014486676934862 ], [ -89.698659647425544, 21.01396718371889 ], [ -89.698642257597029, 21.013427207581969 ], [ -89.698651767018944, 21.012596718153254 ], [ -89.699066866006888, 21.012713427242954 ], [ -89.699365541178651, 21.011955784881604 ], [ -89.700730056397134, 21.01281727778553 ], [ -89.702113256493618, 21.013706347629899 ], [ -89.702233406220529, 21.013791687606307 ], [ -89.703702406246194, 21.013963056926915 ], [ -89.70372959585174, 21.013967026894495 ], [ -89.705268525626707, 21.014151516878169 ], [ -89.705189454392382, 21.015074476608412 ], [ -89.705139005257394, 21.015663577076786 ], [ -89.705089595857586, 21.016404707557498 ], [ -89.705028854962265, 21.017235996932747 ], [ -89.704908314910014, 21.018757845690423 ], [ -89.704906741948207, 21.018773982446465 ], [ -89.704760684949321, 21.02027250534961 ], [ -89.704681285602291, 21.021103506144708 ], [ -89.704312765855121, 21.021408996466771 ], [ -89.704093464640209, 21.021719506531433 ], [ -89.703867865886593, 21.021963056438548 ], [ -89.703742035177186, 21.022201314736296 ], [ -89.703679834352954, 21.022245685646148 ], [ -89.702837334365142, 21.023776769278982 ], [ -89.70205408648016, 21.023792883413574 ], [ -89.700735432401899, 21.023619126673072 ] ] ] } },
{ "type": "Feature", "properties": { "CVE_ENT": "31", "CVE_MUN": "050", "CVE_LOC": "0001", "CVE_AGEB": "5776", "CVEGEO": "3105000015776", "POBTOT": 2920, "cantidad_parques": 0.0, "parques_por_1000_hab": 0.0 }, "geometry": { "type": "Polygon", "coordinates": [ [ [ -89.68208988330872, 21.011321270252079 ], [ -89.682159391678454, 21.010898774187829 ], [ -89.682159478750563, 21.010896766917568 ], [ -89.68218022696783, 21.010786976149841 ], [ -89.682184524178453, 21.010767863438051 ], [ -89.682205010218908, 21.010689001911302 ], [ -89.682208851774305, 21.01067448837032 ], [ -89.682219400871148, 21.010634627950083 ], [ -89.682231434865997, 21.010599906049531 ], [ -89.682249297712005, 21.010548362560908 ], [ -89.682374861944567, 21.010566449047715 ], [ -89.68420589199981, 21.010799747497501 ], [ -89.683904549550249, 21.012599904471518 ], [ -89.685027882903356, 21.012744321178928 ], [ -89.685550133878934, 21.012811458422053 ], [ -89.685552283784332, 21.012811735084046 ], [ -89.685604117526665, 21.012392597425361 ], [ -89.685604135514893, 21.012392454089472 ], [ -89.685743311825505, 21.011379595226302 ], [ -89.685743335589379, 21.011379452357296 ], [ -89.685815770550306, 21.010846337894009 ], [ -89.685815786695613, 21.010846193498686 ], [ -89.685884229845058, 21.010341597948052 ], [ -89.685884245990252, 21.010341453552819 ], [ -89.685956931881677, 21.009782536230812 ], [ -89.68595695572796, 21.009782392458042 ], [ -89.686027331977627, 21.009281315540523 ], [ -89.68595572804854, 21.009237118217008 ], [ -89.685821487765054, 21.00915628886413 ], [ -89.684150328111244, 21.008189799326299 ], [ -89.682213918681811, 21.007071228995724 ], [ -89.681338519868135, 21.006588752741745 ], [ -89.680634174903233, 21.006173816617931 ], [ -89.680621388087587, 21.006166282640859 ], [ -89.68062141240415, 21.006166144370606 ], [ -89.680803687468625, 21.005246059698571 ], [ -89.680953171880148, 21.00450800260051 ], [ -89.681054569433471, 21.00396654263778 ], [ -89.681088076942061, 21.003800642503514 ], [ -89.681227531750125, 21.003099509557835 ], [ -89.681367168843465, 21.002389667883673 ], [ -89.681475542950452, 21.001849184345783 ], [ -89.681646119050711, 21.001003062248213 ], [ -89.681718095845994, 21.00082858408943 ], [ -89.681752932894256, 21.000849906490238 ], [ -89.682183969433126, 21.001113720284394 ], [ -89.682541688501558, 21.001333939993909 ], [ -89.682890901893074, 21.001576502610462 ], [ -89.683853591871767, 21.002192587303689 ], [ -89.684173980367476, 21.002394393764042 ], [ -89.684637958201037, 21.002686640884239 ], [ -89.684937858613381, 21.002875539654379 ], [ -89.684965798038519, 21.002892999979998 ], [ -89.686000215582965, 21.003539429266521 ], [ -89.686053598398431, 21.003572789105668 ], [ -89.686554959165491, 21.003886094468406 ], [ -89.686557769571493, 21.003887849631365 ], [ -89.68711403796388, 21.004242010098842 ], [ -89.687686687299433, 21.004587650182867 ], [ -89.688358148030275, 21.004988279065742 ], [ -89.689098497854019, 21.005444948819136 ], [ -89.689724857095158, 21.005841879532934 ], [ -89.690591847567688, 21.006382979482229 ], [ -89.690593446412606, 21.006383977390055 ], [ -89.690593498797625, 21.006384008940991 ], [ -89.690550452622645, 21.006468348670001 ], [ -89.690542041405834, 21.006563375379137 ], [ -89.690542034779881, 21.006563447693502 ], [ -89.690542030079172, 21.0065635201634 ], [ -89.690551882210073, 21.006662082256891 ], [ -89.690551890023613, 21.006662155737875 ], [ -89.690551896874481, 21.006662229141096 ], [ -89.690586897682223, 21.006738999400064 ], [ -89.690615178225059, 21.006784048854648 ], [ -89.690565712284894, 21.006873488483116 ], [ -89.690501120852602, 21.00699027772653 ], [ -89.69009857821132, 21.007718118240547 ], [ -89.689968099019396, 21.007965369557454 ], [ -89.689860868836149, 21.008169163037611 ], [ -89.689855303237763, 21.008179832055212 ], [ -89.688325947471498, 21.011084472118252 ], [ -89.687427177435779, 21.012659862063252 ], [ -89.687176236208686, 21.013102181547694 ], [ -89.686906946952263, 21.013579581618988 ], [ -89.686672577777273, 21.014005950875838 ], [ -89.686400637077071, 21.014509211271008 ], [ -89.686126746417372, 21.015065461840543 ], [ -89.685943854740302, 21.014984139402262 ], [ -89.68565376048987, 21.015448578015029 ], [ -89.682607249248179, 21.013757575387185 ], [ -89.682579893869914, 21.013740090851663 ], [ -89.68251688053364, 21.013700225244285 ], [ -89.682503299135149, 21.013691596385854 ], [ -89.682432770331005, 21.013638461777767 ], [ -89.682422425252696, 21.013629504456617 ], [ -89.682302806984012, 21.013514556221338 ], [ -89.682249101804189, 21.01346033018924 ], [ -89.682237617280705, 21.013446390655528 ], [ -89.682192837258697, 21.013388875735586 ], [ -89.682111934632943, 21.013253910895187 ], [ -89.682011508917512, 21.013037751303571 ], [ -89.681975646119511, 21.012901646866638 ], [ -89.681935759909791, 21.012629072584001 ], [ -89.681955575097518, 21.012386236167981 ], [ -89.681988659344611, 21.012158372393564 ], [ -89.68208988330872, 21.011321270252079 ] ] ] } }
]
}
