place_id,name,lat,lon,rating,user_ratings_total,address,types
ChIJC9c7Al0TVo8RMOV8TK2KJkE,Uman Yucatán,20.8908895,-89.7329958,4.6,122,"San Lorenzo, Umán, 97390 Uman, Yucatan, Mexico","park,point_of_interest,establishment"
ChIJsaescYgSVo8Rf35zX2Lta8w,BOSQUES DE SAN FRANCISCO Park,20.8903002,-89.7363452,4.0,125,"Por 22A y 22C, Calle 15-B, Bosques De San Francisco, Umán, 97390 Umán, Yuc., Mexico","park,point_of_interest,establishment"
ChIJxXVBDF4TVo8Ruu3jv6y2YOU,brisas de Uman Park,20.888372999999998,-89.73598609999999,3.9,23,"C. 6ꞌ 84, Umán, 97390 Umán, Yuc., Mexico","state_park,park,point_of_interest,establishment"
ChIJHTDxWt8TVo8R_M6v9cmADIc,ENTRADA SAN LORENZO Park,20.8940119,-89.73272159999999,,0,"San Lorenzo, Umán, 97390 Umán, Yuc., Mexico","park,point_of_interest,establishment"
ChIJ1WAk4QATVo8RF-7sqXH_L6Q,tortugas Park,20.89238,-89.73363789999999,,0,"San Lorenzo, Umán, 97390 Umán, Yuc., Mexico","park,point_of_interest,establishment"
ChIJVVWVxoUSVo8REQ5HMdG2c5E,Familiar de San Lorenzo Park,20.8928032,-89.7323473,,0,"C. 33, San Lorenzo, Umán, 97390 Umán, Yuc., Mexico","park,point_of_interest,establishment"
ChIJpVKKEwATVo8RgqV0i3fbKiA,Barrio 27,20.8948738,-89.7313018,,0,"C. 27-A 113, San Lorenzo, Umán, 97390 Umán, Yuc., Mexico","park,point_of_interest,establishment"
ChIJySxFXAATVo8RVrNA-y6Y4M8,Fraccionamiento arcos 1,20.889912499999998,-89.7394247,,0,"C. 15-A 128-122, Umán, 97390 Umán, Yuc., Mexico","park,point_of_interest,establishment"
ChIJgZHxZIUSVo8RIjJ1RTLjikA,El Tamarindo,20.8913366,-89.73025059999999,4.0,7,"C. 20 167, Umán, 97390 Umán, Yuc., Mexico","park,point_of_interest,establishment"
ChIJbUnGPOQTVo8RsbPwc6FFRJ0,Esquina,20.8889873,-89.7323655,5.0,1,"C. 55 176, San Lorenzo, Umán, 97390 Umán, Yuc., Mexico","park,point_of_interest,establishment"
ChIJ9YVqa6ITVo8RIPk0UDlOI2c,DIAGONAL Park,20.890860099999998,-89.7323534,,0,"San Lorenzo, Umán, 97390 Umán, Yuc., Mexico","park,point_of_interest,establishment"
ChIJOfgl54gNVo8REW8JJlwXXbs,parque,20.905977699999998,-89.73895879999999,,0,"97390 Hunxectamán, Yuc., Mexico","park,point_of_interest,establishment"
ChIJ9dDUp1UTVo8R7-J9WwGIvfo,"CAMPO DE FÚTBOL Y PARQUE "" EL OLVIDO """,20.8916576,-89.73362279999999,5.0,1,"San Lorenzo, Umán, 97390 Umán, Yuc., Mexico","park,point_of_interest,establishment"
ChIJd_DhqJ0TVo8Rmrz4OnmAI_E,1 Park,20.8920286,-89.7312891,,0,"C. 41 117, San Lorenzo, Umán, 97390 Umán, Yuc., Mexico","park,point_of_interest,establishment"
ChIJ3xDBXQATVo8R_VX3FVeO50E,Cancha de la 27,20.8948938,-89.7312883,,0,"Barrio 27, C. 27-A 113, San Lorenzo, Umán, 97390 Umán, Yuc., Mexico","park,point_of_interest,establishment"
ChIJTUrs6l4TVo8Rp46htoSe3ck,Frappechitos,20.89052,-89.73652159999999,,0,"97390, Bosques de San Francisco, 97390 Umán, Yuc., Mexico","park,point_of_interest,establishment"
ChIJRdMuQ21tVo8RvqrI89NuVLg,Aguada de Piedra de Agua,20.9015909,-89.69159259999999,3.9,40,"97392 Uman, Yucatan, Mexico","park,point_of_interest,establishment"
ChIJ6ZU4XwANVo8RShPORmgHyLk,"Cancha básquet valle de Uman, 4 etapa",20.9045846,-89.7109725,4.3,8,"97390 Uman, Yucatan, Mexico","park,point_of_interest,establishment"
ChIJ7eiSyPRtVo8Rh4X6LeMWW0A,Teatro Park,20.9021227,-89.6952937,4.3,12,"Piedra de Agua, 97392 Umán, Yuc., Mexico","park,point_of_interest,establishment"
ChIJc9LCTIANVo8RsF7FWsYQx4Y,Glorieta 6 Picos,20.9078096,-89.7130553,3.7,6,"97390 Uman, Yucatan, Mexico","park,point_of_interest,establishment"
ChIJ-WZcTKlyVo8Rzny5uqCyVok,"Infantil ""Calle 37"" Park",20.9084479,-89.6949289,4.2,365,"C. 37 759-b, Piedra de Agua, 97392 Itzincab, Yuc., Mexico","park,point_of_interest,establishment"
ChIJ-5-rVNkNVo8R-amNMFsvHLI,Valle Etapa 4 Park,20.9060836,-89.71173759999999,4.0,7,"W74Q+C8, 97390 Uman, Yucatan, Mexico","park,point_of_interest,establishment"
ChIJ9-jix4ENVo8RqFAJ7rk9gvs,Vallle Etapa 2 Park,20.9060792,-89.70774750000001,,0,"43, X 68 y 72, Valle de, 97392 Umán, Yuc., Mexico","park,point_of_interest,establishment"
ChIJa3NgPAANVo8RfjPNaJ8sKrc,Fiesta Angelito,20.9064497,-89.71252249999999,,0,"W74Q+C8, 97390 Uman, Yucatan, Mexico","park,point_of_interest,establishment"
ChIJ8VOqz5MNVo8R54JX2HhyBXw,Valle Etapa 1 Park,20.9052298,-89.7038969,,0,"Fraccionamiento Valle de, C. 58 801, 97392 Umán, Yuc., Mexico","park,point_of_interest,establishment"
ChIJoUuWTLMNVo8R3nRb3tSh8V4,Aguada de la Ciudad Industrial de Umán,20.904258799999997,-89.7142073,4.3,4,"97390 Uman, Yucatan, Mexico","park,point_of_interest,establishment"
ChIJh2vsBaxzVo8RRp_Dk8QTcTM,"Área Verde ""Parque Alto""",20.9048242,-89.68729630000001,,0,"C. 28 576, 97392 Umán, Yuc., Mexico","park,point_of_interest,establishment"
ChIJc6VyefttVo8R82EvsA5BfZM,"Residenciales ""Jade"" Park",20.902074199999998,-89.6965661,,0,"97392 Uman, Yucatan, Mexico","park,point_of_interest,establishment"
ChIJv2AcpLJyVo8R_DaxwDkDzAY,Zak Park,20.9150262,-89.6995872,4.7,15,"Itzincab, 97392 Umán, Yuc., Mexico","park,point_of_interest,establishment"
ChIJX9DTIAANVo8R8aBWdAeDDK4,valle uman Park,20.905243499999997,-89.7030094,5.0,1,"C. 43 867, valle de, 97392 Umán, Yuc., Mexico","park,point_of_interest,establishment"
ChIJbyqiPgBzVo8Rccdl_Raonoc,áreas verdes Park,20.909333,-89.6958868,,0,"C. 35 767, Piedra de Agua, 97392 Umán, Yuc., Mexico","park,point_of_interest,establishment"
ChIJvwtVaWcNVo8RTyCVstEL5Mg,Paseos de Merida Park,20.9334344,-89.7077519,4.6,223,"Paseos De Mérida, 97312 Mérida, Yuc., Mexico","park,point_of_interest,establishment"
ChIJxTODQEQNVo8RnyJ9s4vq3Eo,Acim II Park,20.919114099999998,-89.71315919999999,3.9,67,"Acim, 97390 Mérida, Yuc., Mexico","park,point_of_interest,establishment"
ChIJy6Du0E4NVo8RwvFodqpTZ1U,Fraccionamiento Acim Park,20.9200712,-89.7068776,4.1,101,"por calle 48 y 48 diagonal, C. 17-A, Acim, 97390 Mérida, Yuc., Mexico","park,point_of_interest,establishment"
ChIJn448YgANVo8Rnq9vFxrhn6o,Almada Park,20.9184271,-89.7148349,,0,"97390 Uman, Yucatan, Mexico","park,point_of_interest,establishment"
ChIJc2k1ukUNVo8RHHGpzYNmphg,Glorieta Acim,20.9186651,-89.7114386,5.0,1,"Acim, 97390 Mérida, Yuc., Mexico","park,point_of_interest,establishment"
ChIJrV1-tk4NVo8RhH-yf3U6URI,Con Bicirruta Del Fraccionamiento ACIM 1 Ecological Park,20.9202187,-89.7061556,4.3,3,"97390, C. 48 336, Acim, 97390 Mérida, Yuc., Mexico","park,point_of_interest,establishment"
ChIJI4nc5epyVo8RYLw3q3xHbc4,Explanada Del Ejército Mexicano,20.9284775,-89.6797843,4.4,1498,"Benito Juárez - 21 444, Libertad II, 97256 Mérida, Yuc., Mexico","park,point_of_interest,establishment"
ChIJ41DfrLtyVo8RdibuQ8ZzhGk,BICENTENARIO Park,20.9181536,-89.6886153,4.3,142,"Bicentenario, 97255 Mérida, Yuc., Mexico","park,point_of_interest,establishment"
ChIJs0rMKZhyVo8RUUj2SA0s8b0,ROBLE AGRICOLA Park,20.9142814,-89.6797446,4.3,239,"Por calle 50, C. 30, El Roble Agrícola, 97255 Mérida, Yuc., Mexico","park,point_of_interest,establishment"
ChIJt3OduM9yVo8RigrHnz15oMI,Diamante Paseos de Opichen Park,20.9369816,-89.69298529999999,4.3,235,"entre calle 146 y calle 148, Perif. de Mérida Lic. Manuel Berzunza, Fraccionamiento Diamante Paseos de Opichén, 97249 Mérida, Yuc., Mexico","park,point_of_interest,establishment"
ChIJFQujhJZyVo8RtI67FqTkdns,El Roble Agricola Park,20.919945,-89.6783713,4.4,165,"Esquina con 22, C. 45, El Roble, 97295 Mérida, Yuc., Mexico","park,point_of_interest,establishment"
ChIJ__alaN9zVo8RnudRXYo42TI,Libertad II Park,20.924761600000004,-89.6798743,4.4,52,"esquina, C. 20 Lote por 35, Libertad II, 97256 Mérida, Yuc., Mexico","park,point_of_interest,establishment"
ChIJEVh_mchyVo8RA31RUlHS0GA,Paseo Verde,20.9306611,-89.6914628,4.4,21,"Perif. de Mérida Lic. Manuel Berzunza, 97249 Mérida, Yuc., Mexico","park,point_of_interest,establishment"
ChIJKSXjY8VyVo8R36Lucbd0lGk,Chispita Diamante Park,20.936506899999998,-89.6905082,4.2,97,"Periferico de Merida Licenciado Manuel Berzunza por 139 y 142, 97249 Mérida, Yuc., Mexico","park,point_of_interest,establishment"
ChIJf5R655RyVo8RHvNAG4Q5xCA,Villas Merida Park,20.9250375,-89.6785862,4.2,162,"Por la Calle 41, C. 39, 97256 Mérida, Yuc., Mexico","park,point_of_interest,establishment"
ChIJ5dKMMwFzVo8R1wVu83KFE8w,Campo San Marcos Nocoh (El Cerrito),20.9239808,-89.6756415,4.6,21,"Calle 32 372, El Roble, 97296 Mérida, Yuc., Mexico","park,point_of_interest,establishment"
ChIJA12_Vs5yVo8RiCNzsAKeE_Y,Glorieta Diamante,20.935785799999998,-89.6937377,4.3,23,"C. 137 1337, 97249 Mérida, Yuc., Mexico","park,point_of_interest,establishment"
ChIJnU7KDL9yVo8RHBMEVH4cLEg,"""El Caracol"" Park",20.9249075,-89.6842664,4.4,130,"C. 26ᴮ 449H, Graciano Ricalde, 97256 Mérida, Yuc., Mexico","park,point_of_interest,establishment"
ChIJT-w6h79yVo8Rhp0uXBZWtTo,Graciano Ricalde II Park,20.9263373,-89.68365639999999,4.2,54,"C. 39 Diag. 358F, Graciano Ricalde, 97256 Mérida, Yuc., Mexico","park,point_of_interest,establishment"
ChIJd3Gb4b9yVo8Ru0mD0M64KB8,Libertad I Park,20.925411099999998,-89.68150779999999,4.1,68,"x31Diagonal, C. 29ᴬ Diag., Libertad, 97256 Mérida, Yuc., Mexico","park,point_of_interest,establishment"
ChIJA8iB7b9yVo8RDIoTowlEDUY,Álvaro Torre Díaz Park,20.925780300000003,-89.682637,4.2,61,"C. 27 446C, Álvaro Torre Díaz, 97256 Mérida, Yuc., Mexico","park,point_of_interest,establishment"
ChIJlZn4a-tyVo8RKMBrG81kByw,Cervera Pacheco Park,20.9285514,-89.67789049999999,4.4,82,"x16 y 16B, C. 27 S/N, Villas Mérida, 97256 Mérida, Yuc., Mexico","park,point_of_interest,establishment"
ChIJTVBnPMVyVo8RPxyGjeYykGw,Glorieta San Angel,20.9372525,-89.6894267,4.6,5,"C. 137 146, Fracc Girasoles de opichen, 97249 Mérida, Yuc., Mexico","park,point_of_interest,establishment"
ChIJ83icHHBzVo8RVcRtRPt6ljU,Vivero Roble Agricola,20.9173942,-89.6774047,4.3,7,"C. 53 373, El Roble, 97295 Mérida, Yuc., Mexico","park,point_of_interest,establishment"
ChIJC_jcCQBzVo8R8Xir86oAVk4,Ferroni Park,20.911438600000004,-89.6903648,3.0,2,"C. 36A, C. 31I Supermanzana por, Piedra de Agua, 2 Umán, Yuc., Mexico","park,point_of_interest,establishment"
ChIJ1fqsMgBzVo8R-LrVD3Sl8bc,Mercadito Itzincab,20.916667699999998,-89.6961472,,0,"C. 46, Itzincab, 97392 Umán, Yuc., Mexico","park,point_of_interest,establishment"
ChIJ2V8cx1INVo8R_jrQwBxUmjI,Cementerio de Tixcacal,20.9408165,-89.71942759999999,5.0,3,"C. 20, Tixcacal Opichen, 97312 Tixcacal, Yuc., Mexico","park,point_of_interest,establishment"
ChIJocvuq9ByVo8ROfJuKJkNL0E,La Joya Park,20.9445617,-89.6915464,4.3,299,"C. 36 entre 95 y 93, Diamante Paseos de Opichen, 97246 Mérida, Yuc., Mexico","park,playground,point_of_interest,establishment"
ChIJqeZBhydzVo8RKi38xMu2Egs,Tixcacal-Opichén Park,20.9506187,-89.68899549999999,4.3,1295,"C. 32 702, Tixcacal Opichen, Sin Nombre de Col 28, 97249 Mérida, Yuc., Mexico","state_park,park,point_of_interest,establishment"
ChIJiz_crcsNVo8Rg68TMkqrRog,Faisanes Park,20.9443539,-89.7084049,4.6,16,"97312 Merida, Yucatan, Mexico","park,point_of_interest,establishment"
ChIJZxiDHJQNVo8Ro9IraG9ecAU,Solana. Cluster 1. Park,20.9417576,-89.7108344,4.8,5,"97312 Merida, Yucatan, Mexico","park,point_of_interest,establishment"
ChIJkS467SxzVo8Rg9TPtawym2Q,Glorieta Fiscalia,20.9579067,-89.6987527,4.1,24,"Perif. de Mérida Lic. Manuel Berzunza 5, 97312 Mérida, Yuc., Mexico","park,point_of_interest,establishment"
ChIJsUiBD6YNVo8Rjif_YpqsRTc,Ixbalanque Park,20.9417707,-89.7108366,,0,"Calle 12 c Solana Residencial Tixcacal, 97312 Mérida, Yuc., Mexico","state_park,park,point_of_interest,establishment"
ChIJP_RV6tNyVo8RWpVAOubzpJM,Parque La Joya Diamante,20.9431521,-89.6967957,4.4,57,"Calle 93 46 y 48 Diagonal, 97246 Mérida, Yuc., Mexico","park,point_of_interest,establishment"
ChIJSQvtn08NVo8RkbYoMfqKxEE,Colibrí Park. Cluster 2.,20.9416737,-89.7095054,4.5,15,"97312 Merida, Yucatan, Mexico","park,point_of_interest,establishment"
ChIJYcPtpOYNVo8Rioc16APDTB0,Tixcacal Park,20.9522273,-89.688789,5.0,2,"C. 32 674, Tixcacal Opichen, Sin Nombre de Col 28, 97249 Mérida, Yuc., Mexico","park,point_of_interest,establishment"
ChIJvQk4mClzVo8RhQECDSwaUfA,Parque De FM,20.952738,-89.6945745,4.1,23,"97000 Calle 75 612-616, Tixcacal Opichen, 97249 Mérida, Yuc., Mexico","park,point_of_interest,establishment"
ChIJTY2SbAANVo8RI00zKoGCxmM,Parque Solana Cluster 3,20.9380103,-89.70823399999999,3.7,3,"C. 29-A 798, 97312 Mérida, Yuc., Mexico","park,point_of_interest,establishment"
ChIJ3V1aOgANVo8RzpSksSAOipA,infantil Tixcacal Park,20.943437799999998,-89.7147796,,0,"Calle 21, 97312 Tixcacal, Yuc., Mexico","park,point_of_interest,establishment"
ChIJtQ3kWQANVo8RnqCYTFBi898,Calandria Park,20.939168000000002,-89.7097515,,0,"97312 Merida, Yucatan, Mexico","park,point_of_interest,establishment"
ChIJF6XmOABzVo8RTRprE9bsD9M,Patio central,20.9488672,-89.6961062,,0,"C. 77ᶜ 649, Ampliación Tixcacal Opichen, 97249 Mérida, Yuc., Mexico","park,point_of_interest,establishment"
ChIJ__G7aAANVo8Rh-u39zI8Z5g,Residencial FAISANES Tixcacal,20.944176799999997,-89.7083239,,0,"97312 Merida, Yucatan, Mexico","park,point_of_interest,establishment"
ChIJu-zTJABzVo8RIgoBvWx85JI,Área verde,20.953788499999998,-89.6980024,5.0,1,"C. 44, VillaMagna II, 97246 Mérida, Yuc., Mexico","park,point_of_interest,establishment"
ChIJq8GLGwANVo8RtNE2gzRjy1I,Parque Cluster 4 Solana Residencial,20.9394852,-89.7109648,5.0,5,"Residencial Solana Calle 27 entre 12-C Tixcacal, 97312 Mérida, Yuc., Mexico","park,point_of_interest,establishment"
ChIJq9kr5H5tVo8RnuR_TssgKcM,Lineal Fracc San Marcos sustentable Park,20.898569,-89.66558599999999,4.3,821,"Unnamed Road, C. 100 649, 97295 Mérida, Yucatán, Mexico","park,point_of_interest,establishment"
ChIJIV2K4INtVo8R2BuDEtDfoMw,Metropolitano del Sur Yu'um Tsil Ecological Park,20.8964858,-89.6592211,4.5,304,"x, C. 185 92, San Antonio Xluch III, 97297 Mérida, Yuc., Mexico","tourist_attraction,park,point_of_interest,establishment"
ChIJObBg8XptVo8RaYPTKE8HfIY,Parque Santa Cruz Palomeque,20.892926499999998,-89.67054999999999,4.2,455,"Calle 108, 97295 Mérida, Yuc., Mexico","park,point_of_interest,establishment"
ChIJWTlojylzVo8Ryx3TTM9pI30,Amavita Park,20.907929199999998,-89.6869413,5.0,2,"C. 26, 97392 Umán, Yuc., Mexico","park,point_of_interest,establishment"
ChIJT06JPmtzVo8RvYBotyaHKl4,Lineal San Marcos segunda etapa Park,20.8987761,-89.6664946,4.5,32,"San marcos sustentable, C. 104 658, 97295 Mérida, Yuc., Mexico","park,point_of_interest,establishment"
ChIJObJjTsttVo8R-j0-vKPAOKc,lineal primera etapa Park,20.8980133,-89.66570829999999,4.0,3,"C. 102, san marcos, 97295 Mérida, Yuc., Mexico","park,point_of_interest,establishment"
ChIJ5y9PIgBtVo8RbY8hFwbChHk,Santa Fe Park,20.887611099999997,-89.6711667,4.5,4,"FRACC. SANTA CRUZ PALOMEQUE, C. 187ᴹ 662, Santa Cruz, 97295 Mérida, Yuc., Mexico","park,point_of_interest,establishment"
ChIJU8YnYY1tVo8RbcT6cRn7t1k,181A Park,20.899275199999998,-89.66466989999999,4.8,4,"C. 100 652, 97295 Mérida, Yuc., Mexico","park,point_of_interest,establishment"
ChIJh2JbiC1zVo8ReSh4Jqi2eE4,el Gran Trono de México,20.9050481,-89.6593209,5.0,3,"C. 63b 272, Sin Nombre de Col 11, 97295 Mérida, Yuc., Mexico","park,point_of_interest,establishment"
ChIJNXSyqnttVo8RVTeZHdopjeA,Glorieta Santa Cruz,20.8937353,-89.6698285,3.4,8,"97295 Merida, Yucatan, Mexico","park,point_of_interest,establishment"
ChIJyROIWABtVo8RZPio5B6XGzc,Arboleda Fracc. Santa Cruz Palomeque IV,20.8947558,-89.67087719999999,,0,"97295 Merida, Yucatan, Mexico","park,point_of_interest,establishment"
ChIJtdlaVQBzVo8Rn1wWxHm3nlo,El Roble Cien Años Park,20.915513999999998,-89.67689999999999,5.0,1,"C. 20 470, El Roble Agrícola, 97295 Mérida, Yuc., Mexico","park,point_of_interest,establishment"
ChIJn3q5dQBtVo8RZRaET09-gJI,Tunsahur,20.8909087,-89.67228500000002,,0,"FRACC. SANTA CRUZ PALOMEQUE, Calle 187H 688, Santa Cruz Palomeque Etapa II, 97390 Mérida, Yuc., Mexico","park,point_of_interest,establishment"
ChIJ6TrtUABtVo8RjygvJhjbZzs,gran santa cruz Park,20.8901644,-89.67515399999999,,0,"C. 114 30n, entre 191 y 193, Gran, Santa Cruz, 97295 Mérida, Yuc., Mexico","park,point_of_interest,establishment"
ChIJcUWiVwBzVo8Rty-QkEsDfH4,Litos,20.913093399999998,-89.6710415,,0,"Sin Nombre de Col 11, 97295 Mérida, Yuc., Mexico","park,point_of_interest,establishment"
ChIJWy5KGgBtVo8RQCpbdHD-iiM,Las mulas Santa Cruz Palomeque III Park,20.889549199999998,-89.6664308,,0,"97295 Merida, Yucatan, Mexico","park,point_of_interest,establishment"
ChIJneMICgBzVo8RHqdFkMHRF70,techado Park,20.9141114,-89.6806051,4.0,1,"C. 59 por 30 y 28, El Roble Agrícola, 97255 Mérida, Yuc., Mexico","park,point_of_interest,establishment"
ChIJ____Y4FtVo8RK3OdqvwGiio,Sur Ecological Park,20.8970518,-89.6595773,,0,"Sin Nombre de Col 19, 97297 Mérida, Yuc., Mexico","park,point_of_interest,establishment"
ChIJM7Q2ooltVo8RaYHUxs-vdfg,Parque La Arbolada,20.9004022,-89.65028819999999,4.4,841,"C. 86, San Antonio Xluch III, 97297 Mérida, Yuc., Mexico","park,point_of_interest,establishment"
ChIJR7uSdg9yVo8RIFrUxMnWEmg,Hundido San José Tecoh Sur Park,20.9112954,-89.6353918,4.3,327,"Parque Hundido del, y, C. 58 Lote por 153, 381AJosé Tecoh II, 97298 Mérida, Yuc., Mexico","park,point_of_interest,establishment"
ChIJz2QyhZptVo8Rag3JbmNhFtg,San Luis Dzununcán Park,20.888546899999998,-89.653928,4.1,123,"Colonia Dzununcan, San Luis Sur, 97315 Mérida, Yuc., Mexico","park,point_of_interest,establishment"
ChIJq9lQ6_RtVo8RxJbVhMJuluA,La Guadalupana Park,20.8981706,-89.64254299999999,4.3,69,"Guadalupana, 97315 Mérida, Yuc., Mexico","park,point_of_interest,establishment"
ChIJbWeeL25yVo8RAPrszWXSM9k,Parque La Palapa,20.9146569,-89.65179320000001,4.1,118,"C. 161 161, Sin Nombre de Col 18, 97297 Mérida, Yuc., Mexico","park,point_of_interest,establishment"
ChIJORVgpG1yVo8RB1WrHMN9LkE,Paso Texas Park,20.916472,-89.64679170000001,4.0,164,"C. 86 328, Emiliano Zapata Sur II, 97297 Mérida, Yuc., Mexico","park,point_of_interest,establishment"
ChIJhUCUh71zVo8RwtyrTponlo8,Col. Emiliano Zapata sur III,20.9080917,-89.6537973,4.8,6,"C. 171-B 450, entre 96a y 96b, Sin Nombre de Col 18, 97297 Mérida, Yuc., Mexico","park,point_of_interest,establishment"
ChIJ7U-XPdtzVo8RMP-5fH6AMvQ,dos canchas Park,20.9146601,-89.6509122,5.0,1,"C. 163 251, Emiliano Zapata Sur III, 97297 Mérida, Yuc., Mexico","park,point_of_interest,establishment"
ChIJG2FMYFxtVo8Rl6QODI3j9tc,"Nueva San José tecoh "" Don Frutas"" Park",20.9013754,-89.6348095,4.6,5,"97315 Merida, Yucatan, Mexico","park,point_of_interest,establishment"
ChIJ82eeDw1yVo8RG5c13VIvdlE,Parque El Renacimiento,20.912366,-89.64208769999999,4.1,15,"C. 163ᴬ 264, Emiliano Zapata Sur III, 97297 Mérida, Yuc., Mexico","park,point_of_interest,establishment"
ChIJ82eeDw1yVo8RbW5c43A66ls,PARQUE LA PALAPA,20.9131177,-89.64232109999999,3.8,34,"C. 163ᴬ 264, Emiliano Zapata Sur III, 97297 Mérida, Yuc., Mexico","park,point_of_interest,establishment"
ChIJ82eeDw1yVo8RzxeXQC66A8M,"Parque Emiliano Zapata Sur III. ""K'íiwik Emiliano Zapata 3""",20.912522600000003,-89.6419214,4.1,48,"C. 163ᴬ 264, Emiliano Zapata Sur III, 97297 Mérida, Yuc., Mexico","park,point_of_interest,establishment"
ChIJ8SfAs21tVo8RAAh2lXajy7o,Centro Ciudadano para la Sustentabilidad Yucatán,20.896708699999998,-89.65068269999999,5.0,1,"C. 185 92, San Antonio Xluch III, 97297 Mérida, Yuc., Mexico","park,point_of_interest,establishment"
ChIJizK5aABtVo8R4BtF0UTNqA8,fraccionamiento La Guadalupana Park,20.896838700000004,-89.6377394,,0,"Calle 187c-x 60 y 60a, Guadalupana, 97315 Mérida, Yuc., Mexico","park,point_of_interest,establishment"
ChIJ98KVaVBzVo8RZ5E2YLdLW6U,La Canchita,20.9088946,-89.6535657,5.0,2,"C. 171-A, Emiliano Zapata Sur III, 97297 Mérida, Yuc., Mexico","park,point_of_interest,establishment"
ChIJnZ-4_gxzVo8Rerv7Aay1NuU,Colonia Melithon Zalasar,20.9115514,-89.65336,4.3,3,"parqiue, Melitón Salazar, 97297 Mérida, Yuc., Mexico","state_park,park,point_of_interest,establishment"
ChIJWW29JQBzVo8RjLmAP4mp98M,Areas donadas a parque o recreacion,20.9089246,-89.6426714,,0,"C. 171A 365a, San José Tecoh II, 97297 Mérida, Yuc., Mexico","park,point_of_interest,establishment"
ChIJVxgZOQBzVo8RV9XfYLYmavU,Nueva san jose tecoh 3,20.904112599999998,-89.62729569999999,4.0,2,"C. 66-A 385-405, Plan de Ayala Sur, 97315 Mérida, Yuc., Mexico","park,point_of_interest,establishment"
ChIJCbkrFwByVo8RWvxC1nq88zo,Nva. San Jose Tecoh Park,20.9038357,-89.62631600000002,4.3,562,"C. 64, Plan de Ayala Sur, 97315 Mérida, Yuc., Mexico","park,point_of_interest,establishment"
ChIJmzUU-wFuVo8RcX4xrfHYqY4,Plan De Ayala Sur II Park,20.9020758,-89.62096129999999,4.0,123,"C. 177 446, Plan de Ayala II, 97285 Mérida, Yuc., Mexico","park,point_of_interest,establishment"
ChIJcVx6tApxVo8RTown_xtyNBs,fracc San José tzal Park,20.909338700000003,-89.6161903,4.3,24,"C. 161ᶜ 241, Plan de Ayala ÌII, 97285 Mérida, Yuc., Mexico","park,point_of_interest,establishment"
ChIJS20AIxhxVo8ROwwjoUZ8RT4,Cinco Colonias I Park,20.913626600000004,-89.6196098,4.4,14,"C. 159, Cinco Colonias, 97280 Mérida, Yuc., Mexico","park,point_of_interest,establishment"
ChIJVRhMBwBxVo8REWpGd1OCAWU,Nueva San José Tecoh Park,20.91107,-89.6245259,5.0,1,"C. 62 350, Brisas de San José, 97290 Mérida, Yuc., Mexico","park,point_of_interest,establishment"
ChIJK0gn8SNxVo8RyFHgcrkUj0Y,Parque Bella Vista,20.9119898,-89.61402509999999,4.3,7,"97285 Merida, Yucatan, Mexico","park,point_of_interest,establishment"
ChIJybaPAgBvVo8RLTUwCCZ9D-A,Sandra,20.8944167,-89.6131389,,0,"V9VP+QP, 97285 Merida, Yucatan, Mexico","park,point_of_interest,establishment"
ChIJ0ex0WQBxVo8RUe1IAmQm1L4,BioSolar Maya Plan de Ayala Sur,20.9071666,-89.62148359999999,,0,"C. 50ᴮ 330, Plan de Ayala Sur, 97285 Mérida, Yuc., Mexico","park,point_of_interest,establishment"
ChIJz5VjSgBvVo8RX8ppLIxxlw8,Brinkolines ramirez,20.8908858,-89.62080569999999,,0,"Calle 48 & Calle 195, Plan de Ayala II, 97285 Mérida, Yuc., Mexico","park,point_of_interest,establishment"
ChIJh0J5QwBxVo8Rb9IdsInIp0Q,Villa bonita Park,20.912459899999998,-89.6105738,3.0,2,"Super Willys Villa Bonita, 97285 Mérida, Yuc., Mexico","park,point_of_interest,establishment"
ChIJ-_T3om5yVo8RwESAx9FVOAM,Maria Reina de la Paz Park,20.9191497,-89.64914309999999,4.3,163,"C. 88ᴬ 339, Emiliano Zapata Sur II, 97297 Mérida, Yuc., Mexico","park,point_of_interest,establishment"
ChIJ5WyksvNyVo8R0nQ-_MCqXvg,Cresencio Rejon Park,20.9306071,-89.6701119,4.2,317,"Calle24 y 24ᴬ 25, Manuel Crescencio Rejón, 97255 Mérida, Yuc., Mexico","park,point_of_interest,establishment"
ChIJzRbN00FyVo8Rkm3rtlagNas,Emiliano Zapata Sur Park,20.9270081,-89.6465964,4.1,271,"X 133 y 135, C. 90, Emiliano Zapata Sur L, 97297 Mérida, Yuc., Mexico","park,point_of_interest,establishment"
ChIJo9gCJxJzVo8RvjxXSzAgPsE,Campo San Marcos Nocoh (La Cartonera),20.9220119,-89.66873509999999,4.3,21,"C. 10 1159, San Marcos Nocoh I, 97296 Mérida, Yuc., Mexico","city_park,park,point_of_interest,establishment"
ChIJi0J8OWhyVo8Rgoe7ft_B5c4,infantil EMILIANO ZAPATA SUR Park,20.9253324,-89.6518103,4.7,6,"Esq. Calle 141, C. 94ᴬ, Emiliano Zapata Sur L, 97297 Mérida, Yuc., Mexico","park,point_of_interest,establishment"
ChIJl1cWpW5yVo8RD_Lzjnsrs2g,PARQUE LA CAPILLA EMILIANO Z SUR II,20.9196472,-89.649211,4.0,65,"C. 88ᴬ 329, Emiliano Zapata Sur II, 97297 Mérida, Yuc., Mexico","park,point_of_interest,establishment"
ChIJtdQaTbBzVo8R3LQto8IV3iQ,Co.SAN LUIS SURDZUNUNCAN,20.92327,-89.64990399999999,,0,"C. 141A 90, Emiliano Zapata Sur L, 97297 Mérida, Yuc., Mexico","park,point_of_interest,establishment"
ChIJpS4WeABzVo8RthBNqONyTM8,"Vota y haz pasible el nuevo parque ""Los NIños del Roble""",20.9156059,-89.6683737,,0,"Calle 6A & Calle 45A, Sin Nombre de Col 11, 97295 Mérida, Yuc., Mexico","park,point_of_interest,establishment"
ChIJ4RtDDW5yVo8RPNyhS4VF2Wo,Maayel Nicté Park,20.915951,-89.6492435,5.0,1,"C. 159, Emiliano Zapata Sur II, 97297 Mérida, Yuc., Mexico","park,point_of_interest,establishment"
ChIJN2wFdQBzVo8RLwh1eZ8qRqg,El Cerrito Park,20.924227899999998,-89.6760911,,0,"C. 16 317, El Roble, 97296 Mérida, Yuc., Mexico","park,point_of_interest,establishment"
ChIJG-1WFvJxVo8RCLx9_yO5ovM,Álamos del Sur Park,20.921498,-89.6166678,4.5,593,"C. 141A 230, Fraccionamiento Jardines del Sur, 97285 Mérida, Yuc., Mexico","park,point_of_interest,establishment"
ChIJg1UqECVyVo8R3miAsmOpN-Q,Parque Castilla Cámara,20.936288299999998,-89.632823,4.4,798,"Calle 115 x 64 y, C. 64ᴬ, Castilla Cámara, 97278 Mérida, Yuc., Mexico","park,point_of_interest,establishment"
ChIJBUHH3o1xVo8RuVz3W2YFdKQ,Parque Serapio Rendón,20.9319694,-89.61843239999999,4.3,1594,"Entre Calle 123 y casa123 A, C. 46ᴰ, Serapio Rendón, 97285 Mérida, Yuc., Mexico","park,point_of_interest,establishment"
ChIJZdB9dSdyVo8RGl4TgyTkEZI,Cuauhtémoc Park,20.935294799999998,-89.6258979,4.4,708,"C. 115 S/N, entre 54A, Mercedes Barrera, 97277 Mérida, Yuc., Mexico","park,point_of_interest,establishment"
ChIJ5YzCsGpyVo8RGdfVsu3REVs,Parque Maiz De Madera,20.925422299999997,-89.6444779,4.2,253,"C. 84 874, Emiliano Zapata Sur L, 97297 Mérida, Yuc., Mexico","park,point_of_interest,establishment"
ChIJhzUq0RVyVo8R8FlSaH-xVX4,San Antonio Park Xluch,20.924009599999998,-89.63959419999999,4.2,232,"Por Calle 78, C. 137, San Antonio Xluch II, 97290 Mérida, Yuc., Mexico","park,point_of_interest,establishment"
ChIJab4yOT1yVo8R2b-DgigFfuQ,El Bate Park,20.928160899999998,-89.63545789999999,4.4,109,"Por 72, C. 127, San Antonio Xluch I, 97290 Mérida, Yuc., Mexico","park,point_of_interest,establishment"
ChIJJTcoFvZxVo8RH2v_5M9k_f0,"""San José Tecoh"" III Park",20.9182095,-89.6246465,4.0,165,"Por 139 y 141, C. 139, San José Tecoh, 97299 Mérida, Yuc., Mexico","park,point_of_interest,establishment"
ChIJrWJ7pQRyVo8RZy5w6m4to28,LOS CARDENALES Park,20.9137324,-89.63034359999999,4.2,71,"Calle 52 335, San José Tecoh II, 97298 Mérida, Yuc., Mexico","park,point_of_interest,establishment"
ChIJC-jZ7xNyVo8RqDAdM9yLdGY,SAN ANTONIO PARK EJERCICIOS Xluch,20.9197944,-89.63892740000001,4.2,247,"Esquina con Calle 74, C. 147 S/N, San Arturo Xluch, 97290 Mérida, Yuc., Mexico","park,amusement_center,amusement_park,point_of_interest,establishment"
ChIJgXw90x1yVo8R6ys92c5AJAc,San José Tecoh Park,20.919731199999998,-89.6278952,4.2,491,"Por 54 esquina 137, Calle 52, San José Tecoh, 97299 Mérida, Yuc., Mexico","park,point_of_interest,establishment"
ChIJMaWyDABxVo8RC5gSL8Pwe-0,Cancha de usos múltiples Serapio Rendón,20.9319676,-89.6183532,5.0,1,"C. 48, Serapio Rendón, 97285 Mérida, Yuc., Mexico","park,point_of_interest,establishment"
ChIJ_fxhN4pxVo8RSdv4EyLWgKY,Los Cantaritos Park,20.931136199999997,-89.6233984,4.3,70,"x 121A y 121 Esquina, C. 52ᴬ SN, Zazil-Há, 97298 Mérida, Yuc., Mexico","park,point_of_interest,establishment"
ChIJfTfv5YpxVo8RAlAnHFu00w4,El Grande Park,20.9283115,-89.62313290000002,4.3,54,"C. 127ᴬ 50b-y 52, Zazil-Há, 97298 Mérida, Yuc., Mexico","park,point_of_interest,establishment"
ChIJ14KPlotxVo8R3RPM-aI6unM,CASA BLANCA,20.930362799999997,-89.6213622,4.2,66,"C. 123, Zazil-Há, 97298 Mérida, Yuc., Mexico","park,point_of_interest,establishment"
ChIJa6t1SB9yVo8RrpoJD2-nLx0,INFANTIL EL TOBOGAN Park,20.9256907,-89.6292177,4.1,30,"x 127 y 131, C. 58 897a, San José Tecoh, 97299 Mérida, Yuc., Mexico","playground,park,point_of_interest,establishment"
ChIJpWEx1X1xVo8R2aVymErdxeM,San Carlos del Sur Park,20.9244709,-89.6173073,4.6,9,"C. 135 242, San Carlos del Sur II, 97285 Mérida, Yuc., Mexico","park,point_of_interest,establishment"
ChIJ4Y1EEh1yVo8Rd0rjt7F3Ml8,Liga De Futbol San Jose Tecoh,20.9166945,-89.6264856,4.4,39,"C. 50 830a, San José Tecoh, 97299 Mérida, Yuc., Mexico","park,point_of_interest,establishment"
ChIJixkQwBlzVo8RwwJdhTv7zpI,Juan Pablo II Park,20.9610313,-89.678558,4.4,759,"Casa 97070, Juan Pablo II, 97246 Mérida, Yuc., Mexico","park,point_of_interest,establishment"
ChIJa9plkT9zVo8R9CrCzLDk6Oo,"Dinosaur Park ""Los Paseos""",20.947070399999998,-89.6860446,4.4,251,"Unnamed Road, Fracc Girasoles de opichen, 97249 Mérida, Yuc., Mexico","park,point_of_interest,establishment"
ChIJkZoBkCBzVo8RGCccvxHhBsg,Los Paseos (Parque Lineal Metropolitano de Mérida),20.945535300000003,-89.6872032,4.4,1779,"C. 140 Diag., Villa Magna, 97249 Mérida, Yuc., Mexico","park,point_of_interest,establishment"
ChIJeSpSoh9zVo8RSSrkT6tlXDM,Villamagna Park,20.9527873,-89.6802986,3.9,129,"C. 138ᴮ 185, Nueva Reforma Agraria, 97249 Mérida, Yuc., Mexico","park,point_of_interest,establishment"
ChIJV1E38BxzVo8RCmgHObw5Cfs,"""Susula Xoclan"" Park",20.954220799999998,-89.6740368,4.0,65,"C. 73ᴬ, SUSULA XOCLAN, Cinturón Verde, 97249 Mérida, Yuc., Mexico","park,point_of_interest,establishment"
ChIJk4c7XlRyVo8RQGaVuKJ3nSo,Libertad Park,20.9473534,-89.6590312,4.4,104,"C. 77 por la 108 b y la 108 a, Libertad, 97250 Mérida, Yuc., Mexico","park,point_of_interest,establishment"
ChIJ9ZxBqSFzVo8RsJvFE3U5GoM,Nueva Reforma Agraria Park,20.9542893,-89.6834344,4.2,157,"Calle 73ᴱ SN X 140 Diagonal y Esquina, Villa Magna, Nueva Reforma Agraria, 97000 Mérida, Yuc., Mexico","park,point_of_interest,establishment"
ChIJ1-3zGqpzVo8RLCTQGfCoq4s,Jardines de Nueva Mulsay II Park,20.9553524,-89.6620293,4.3,184,"C. 73B, Jardines de Nueva Mulsay II, 97249 Mérida, Yuc., Mexico","park,point_of_interest,establishment"
ChIJYScnZ-ByVo8R9txPLXbpuvc,Opichén Park,20.9478243,-89.68058330000001,4.6,31,"Calle 85,Hacienda Opichén, 97249 Mérida, Yuc., Mexico","park,point_of_interest,establishment"
ChIJ09YXG99yVo8RdJuTt1NiR60,Girasoles De Opichen Park,20.9470945,-89.6836455,4.4,71,"C. 89 1260, Fracc Girasoles de opichen, Ampliación Tixcacal Opichen, 97249 Mérida, Yuc., Mexico","park,point_of_interest,establishment"
ChIJoQfvNQRzVo8R3K_3uesG9cU,LA ALEGRIA Park,20.959160300000004,-89.6686409,3.9,29,"Por la 124 y 126, C. Sexagésima, Nueva Mulsay II, 97249 Mérida, Yuc., Mexico","park,point_of_interest,establishment"
ChIJ_3AN1NhyVo8RLZWrDUMau-w,Glorieta Los Girasoles,20.9477264,-89.6865497,4.3,41,"Fracc Girasoles de opichen, 97249 Mérida, Yuc., Mexico","park,point_of_interest,establishment"
ChIJQ7n9EQBzVo8Rz5y8CTmXQi4,Cancha de Usos Múltiples Opichén,20.949019,-89.6796145,,0,"C. 81 Diag. 4501, 97249 Mérida, Yuc., Mexico","park,point_of_interest,establishment"
ChIJa2WDUx5zVo8R9jrJsxNk0MU,Arqueológico Villa Magna II Park,20.9529331,-89.6791069,4.2,30,"C. 73ᶠ 104, Villa Magna Poniente I, Nueva Reforma Agraria, 97249 Mérida, Yuc., Mexico","park,point_of_interest,establishment"
ChIJxdk0hGtzVo8RW8wGg5wIWq8,Salón de fiestas Ahkin,20.9543905,-89.6754428,4.8,4,"C. 136 1146, Cinturón Verde, 97249 Mérida, Yuc., Mexico","park,point_of_interest,establishment"
ChIJQSRpy95yVo8RAOCCwNb3hg4,Gravedad Zero Bike Park,20.9462185,-89.68623319999999,3.6,36,"C. 97 1275, Fracc Girasoles de opichen, 97249 Mérida, Yuc., Mexico","park,point_of_interest,establishment"
ChIJ9_0Q6oRzVo8RTRoX2xYzcIM,Atlético Opichén,20.9485915,-89.6792229,,0,"C. 81 Diag., Polígono Opichen, 97249 Mérida, Yuc., Mexico","park,point_of_interest,establishment"
ChIJTxEU_iBzVo8RfocuHhx2ZtQ,"Unidad 3 ""Los Paseos"" (Módulo 3)",20.9535342,-89.684356,4.0,1,"Villa Magna, Sin Nombre de Col 28, 97249 Mérida, Yuc., Mexico","state_park,park,point_of_interest,establishment"
ChIJ990WLTFyVo8Rby_k2U7XSXA,Parque de la Melitón Salazar,20.9419017,-89.63913920000002,4.4,1677,"C. 105 524B, Melitón Salazar, 97269 Mérida, Yuc., Mexico","city_park,park,point_of_interest,establishment"
ChIJU1bU4rVzVo8RNPZK9LY8W8k,Pedro Infante Hundido Park,20.9560838,-89.6445902,4.3,475,"C. 92 781, Sambulá, 97250 Mérida, Yuc., Mexico","park,tourist_attraction,point_of_interest,establishment"
ChIJpZoWxshzVo8RcInGTy4vST4,EX-RASTRO Park,20.960423,-89.6399275,4.2,315,"Esq. C.82 Calle 75, C. 75 816, Centro, 97000 Mérida, Yuc., Mexico","park,point_of_interest,establishment"
ChIJSTMvSjByVo8RWNFYIKketcg,"Parque ""La Ceiba""",20.9406169,-89.6360444,4.3,316,"Calle 64E x 105, Delio Moreno Cantón, 97268 Mérida, Yuc., Mexico","park,point_of_interest,establishment"
ChIJGVjw5zVyVo8RqO2-hPeHTHI,MANZANA 115 Park,20.9451391,-89.64278469999999,4.4,297,"Calle 97e x 66b x 97d, No.737 x, C. 99 66C-66B y, Manzana 115, 97267 Mérida, Yuc., Mexico","park,point_of_interest,establishment"
ChIJVVrn5TdyVo8R6EsoIiWiubA,LA MARIPOSA Park,20.9393958,-89.6433306,4.2,255,"Por 109 y 109-13, C. 66 S/N, Melitón Salazar, 97269 Mérida, Yuc., Mexico","park,point_of_interest,establishment"
ChIJTYG8pkpyVo8R2zjTV7D5mdg,Productos El Capricho - 100% Natural,20.9492635,-89.6439949,4.5,146,"Calle 92 782 Entre 81E y 92 Santa Maria de Guadalupe, Centro, 97260 Mérida, Yuc., Mexico","park,point_of_interest,establishment"
ChIJEagJz8xzVo8RQprQR3eOjDw,Exmolineros Park,20.9509007,-89.6376774,4.2,65,"Por 68 y 76, C. 93, Centro, 97000 Mérida, Yuc., Mexico","park,point_of_interest,establishment"
ChIJdcwJvcpzVo8RahAcvjZeD0M,LOS REYES Park,20.9516559,-89.6432605,4.5,91,"por la 90a y 90b, C. 81 A 1, Los Reyes, 97003 Mérida, Yuc., Mexico","park,point_of_interest,establishment"
ChIJbQnGsLJzVo8R_FK6KNWrWQs,Salvador Alvarado Park,20.951076999999998,-89.65277999999999,4.2,162,"Calle 100 entre Calle 79F, Salvador Alvarado, 97250 Mérida, Yuc., Mexico","park,point_of_interest,establishment"
ChIJdaRG30hyVo8RGjNKva9PsAE,PEDREGALES de CIRCUITO Park,20.9414739,-89.64774249999999,4.3,131,"C. 109ᴮ s/n, Obrera, 97260 Mérida, Yuc., Mexico","park,point_of_interest,establishment"
ChIJCerc7TByVo8R5BVm3hh5yhQ,DELIO MORENO Park,20.9401813,-89.63760769999999,3.9,85,"C. 64F, Melitón Salazar, 97269 Mérida, Yuc., Mexico","park,point_of_interest,establishment"
ChIJved1QatzVo8RB4cPFwCn_cY,Nueva Mulsay Park,20.9517658,-89.65884849999999,4.4,153,"esq. 14, Calle 67, Núcleo Mulsay, 97249 Mérida, Yuc., Mexico","park,point_of_interest,establishment"
ChIJfbZWq8tzVo8RRFzEBOLyIxQ,Cancha GASMENDI,20.953657399999997,-89.6415517,3.9,21,"por 81 y 81A Calle 90, Centro, 97000 Mérida, Yuc., Mexico","park,point_of_interest,establishment"
ChIJgxYt20tyVo8R8ZZQlqTieLs,BOSQUES DEL PEDREGAL Park,20.9450783,-89.6471114,4.4,30,"por la 66g y la 66f, C. 97ᴰ, Bosques del Pedregal, 97260 Mérida, Yuc., Mexico","park,point_of_interest,establishment"
ChIJx4LIsDdyVo8R2lJDHrJNYXo,Cancha Amapola Park,20.9406316,-89.6424878,4.0,65,"Por 66 y 64, C. 107, Melitón Salazar, 97269 Mérida, Yuc., Mexico","park,point_of_interest,establishment"
ChIJqcwV2k1yVo8RnvufekWGne4,Renacimiento Park,20.944796,-89.651703,4.4,28,"Internacional, 97269 Mérida, Yuc., Mexico","park,point_of_interest,establishment"
ChIJ5RULSQBzVo8R9nGrmHo_ADc,Núcleo,20.9554167,-89.65549999999999,,0,"C. 112 749, Nueva Mulsay I, 97249 Mérida, Yuc., Mexico","park,point_of_interest,establishment"
ChIJcVZ2tktyVo8RlUP0Z51Ebnk,"""Lomas del Sur"" Park",20.945955599999998,-89.6466481,4.3,47,"Por Calle 97 A Diagonal y 94B, C. 81F, Lomas del Sur, 97284 Mérida, Yuc., Mexico","park,point_of_interest,establishment"
ChIJJ0aPsdZzVo8RULCrKuGdy1s,Parque de La Ermita de Santa Isabel,20.9571093,-89.6295414,4.7,3529,"C. 66 S/N, entre calle 77, Centro, 97000 Mérida, Yuc., Mexico","city_park,tourist_attraction,park,point_of_interest,establishment"
ChIJK3OuzSlyVo8RPGQlimyBAa8,Parque Dolores Otero,20.9408974,-89.6259237,4.3,780,"por la 56 y la 54a, C. 103, Dolores Otero, 97270 Mérida, Yuc., Mexico","park,point_of_interest,establishment"
ChIJ-56MrdZzVo8Rww7qcJA0xsQ,Dean of the Chapel of Santa Isabel,20.9568326,-89.6296275,4.7,502,"Calle 66 x Calle 77 y Calle 77-A, C. 77a 77a, Centro, 97000 Mérida, Yuc., Mexico","park,church,place_of_worship,association_or_organization,point_of_interest,establishment"
ChIJofbnEXRxVo8Rt2MKI1yPErw,EL CABRIO,20.9557808,-89.61016,4.4,791,"X36 Y73, C. 73ᴬ S/N, Vicente Solís, 97180 Mérida, Yuc., Mexico","park,tourist_attraction,point_of_interest,establishment"
ChIJAbUSfn9xVo8RttY3USpR5AU,Parque de La Paz,20.950262,-89.62243889999999,4.6,394,"C. 87 486, Centro, 97000 Mérida, Yuc., Mexico","park,point_of_interest,establishment"
ChIJx9u9EINxVo8RxHHR6tdLbaM,Softball Field Santa Rosa,20.946697,-89.61707170000001,4.4,478,"C. 46a, Santa Rosa, 97279 Mérida, Yuc., Mexico","athletic_field,park,sports_activity_location,point_of_interest,establishment"
ChIJ0wV3uJFxVo8RpcsoNkWu0Zw,5 Colonias Park,20.934348099999998,-89.6144896,4.3,607,"C. 115 S/N, Cinco Colonias, 97280 Mérida, Yuc., Mexico","park,point_of_interest,establishment"
ChIJdUlARY9xVo8R4YOrrpdn0jQ,Santa Rosa de Lima Park,20.946234,-89.6169038,4.8,4,"Santa Rosa, 97279 Mérida, Yuc., Mexico","park,point_of_interest,establishment"
ChIJt5FDjaFxVo8RoyAGr9TnH60,"""MORELOS"" Park",20.944931399999998,-89.6050923,4.4,357,"Por Calles 81B y 81A, C. 24, Vicente Solís, 97180 Mérida, Yuc., Mexico","park,point_of_interest,establishment"
ChIJTajdTZ5xVo8RdpYqAnkAjEc,"San Jeronimo. ""K'íiwik San Geronimo"", ""el ruedo"" Park",20.948085199999998,-89.60895,4.3,360,"C. 30ᴮ, San José, 97189 Mérida, Yuc., Mexico","park,point_of_interest,establishment"
ChIJb9XeayZxVo8Rr0R0GYqrHu8,Vicente Solis Mérida,20.950958399999998,-89.6069165,4.7,18,"C. 24 600, Vicente Solís, 97180 Mérida, Yuc., Mexico","park,point_of_interest,establishment"
ChIJoxEiGaFxVo8RUFebNBUEYkE,LA LUNA Park,20.9466395,-89.6029567,4.2,204,"Calle 3 Oriente por 79 B y 2 Nte, Unidad Morelos, 97190 Mérida, Yuc., Mexico","park,point_of_interest,establishment"
ChIJTUPandxxVo8RkDzc3HJJjiQ,"Parque, plaza de San Cristóbal. ""K'íiwik San Cristóbal """,20.9613664,-89.61799479999999,3.8,9,"C. 69 453-455, Centro, 97000 Mérida, Yuc., Mexico","park,point_of_interest,establishment"
ChIJveLSUp5xVo8RA7uD8itfP5A,SAN GERÓNIMO,20.947146,-89.60768709999999,4.4,67,"C. 81ᴬ 450A, San José, 97189 Mérida, Yuc., Mexico","church,park,place_of_worship,association_or_organization,point_of_interest,establishment"
ChIJ99UQkpFxVo8R6YRanjNyR2c,San Gerónimo Park,20.9481043,-89.6089497,4.2,6,"C. 81ᴬ 481, Vicente Solís, 97180 Mérida, Yuc., Mexico","park,point_of_interest,establishment"
ChIJ3UJXi5pxVo8RTzjiZZNY7ZI,Campo de fútbol UTM,20.9397539,-89.6136727,4.5,190,"Calle 46 370, Santa Rosa, 97279 Mérida, Yuc., Mexico","park,point_of_interest,establishment"
ChIJz99NrZ9zVo8RvUABe5jm-Eg,"Plaza principal del Barrio de la Ermita.""k'íiwik Ermita""",20.957158399999997,-89.62952659999999,3.8,4,"C. 66 S/N, entre calle 77, Centro, 97000 Mérida, Yuc., Mexico","park,point_of_interest,establishment"
ChIJsRv9HityVo8RYxfDLcdaAwU,PRIVADA LOS COCOS Park,20.9485736,-89.6276963,4.2,75,"por 60B y 60, C. 89ᴬ, Los Cocos, 97000 Mérida, Yuc., Mexico","park,point_of_interest,establishment"
ChIJlbP7m3dxVo8RpL7z5EF9OjY,"CLEMENTE LOPEZ TRUJILLO ""EL VENADO"" Park",20.9528084,-89.6148911,4.2,85,"Por 42-A y 79, C. 42, Centro, 97000 Mérida, Yuc., Mexico","park,point_of_interest,establishment"
ChIJXUwKV5hzVo8RsBVQ_PVLaFs,Poniente Ecological Park,20.9744682,-89.6563463,4.6,5884,"Calle 116 x67 diagonal S/N, Yucalpetén, 97238 Mérida, Yuc., Mexico","park,tourist_attraction,point_of_interest,establishment"
ChIJ8aQ5hKlzVo8RF1QlVT5nvdQ,Japonés Park,20.9566616,-89.6607533,4.4,1911,"C. 116 B, Jardines de Nueva Mulsay ÌII, Jardines de Nueva Mulsay III, 97249 Mérida, Yuc., Mexico","park,tourist_attraction,point_of_interest,establishment"
ChIJv_D2W3ZzVo8RdCCL92nPgG8,Jardín BEPENSA,20.9826591,-89.6653673,4.6,2968,"C. 128ᴮ 67, Sin Nombre de Col 9, 97000 Mérida, Yuc., Mexico","garden,state_park,park,point_of_interest,establishment"
ChIJ61AHYKFzVo8RQ_DjQ9v787E,Parque Francisco I. Madero,20.9694066,-89.6579352,4.2,2856,"Cto. Colonias x 31 y 33, Francisco I. Madero, 97240 Mérida, Yuc., Mexico","state_park,city_park,park,point_of_interest,establishment"
ChIJTxrvU5ZzVo8Rufxy9ZMJJVI,Bojórquez Park,20.9765735,-89.65090339999999,4.3,727,"C. 106 461G, Bojórquez, 97230 Mérida, Yuc., Mexico","park,point_of_interest,establishment"
ChIJExe7ZBBzVo8R4zrBwew6BYo,La Visita Park,20.963146899999998,-89.6745119,4.6,1405,"Calle 18 s/n x 51-A y 53, Juan Pablo II, 97246 Mérida, Yuc., Mexico","park,point_of_interest,establishment"
ChIJUeuueJ5zVo8RmV9OQvNg--A,Yucalpeten Park,20.9800093,-89.6609309,4.4,479,"por 120 y Av. Zammá Calle 67, C. 69 201, Yucalpetén, 97238 Mérida, Yuc., Mexico","park,point_of_interest,establishment"
ChIJz7Uj6HNzVo8RwSiqE1g-bsk,Arque-ecologico del poniente Park,20.9786579,-89.66869009999999,4.3,785,"132 y 138 441, 67L, Bosques del Poniente, 97264 Mérida, Yuc., Mexico","park,point_of_interest,establishment"
ChIJOWo3Zw9zVo8RkcvfbWZUSI8,XOCLAN BECH Park,20.962852899999998,-89.6683019,4.1,144,"C. 126 s/n-x 63A y 63, Xoclán Xbech, 97246 Mérida, Yuc., Mexico","park,athletic_field,sports_activity_location,point_of_interest,establishment"
ChIJ1clrIBJzVo8R6OCqM0VD_5I,Fracc. Mulsay Park,20.9684219,-89.6735396,4.4,407,"Calle 33 175, Mulsay I, 97246 Mérida, Yuc., Mexico","park,point_of_interest,establishment"
ChIJ2zg-JQ1zVo8R19EFrw20aa0,"""Fracc. Mulsay"" Park",20.9729499,-89.6704517,4.4,225,"Por 12 y 16, C. 11, Mulsay I, 97246 Mérida, Yuc., Mexico","park,point_of_interest,establishment"
ChIJ-SJhRk1zVo8Rs9r0ilxKEYU,Yaaxtal,20.974809099999998,-89.6674802,4.6,53,"C. 130 414, Bosques del Poniente, 97246 Mérida, Yuc., Mexico","park,point_of_interest,establishment"
ChIJtfPFK6lzVo8RNCdsYEggUkE,Jardines de Mulsay Park,20.9588184,-89.6585809,4.4,221,"Calle 71ᴬ y 71, Pedregales de Mulsay II, 97249 Mérida, Yuc., Mexico","park,point_of_interest,establishment"
ChIJgQYWZQlzVo8Rw2UCzFUgOKU,Arco de las Quintas de Mulsay,20.9675935,-89.6658259,4.4,86,"C. 130 57, Xoclán Santos, 97245 Mérida, Yuc., Mexico","park,point_of_interest,establishment"
ChIJZyDmshJzVo8R0ScZLxhD39o,Papala Park,20.9740556,-89.67291510000001,4.3,112,"C. 11 177, Mulsay I, 97246 Mérida, Yuc., Mexico","park,point_of_interest,establishment"
ChIJF4jD5KhzVo8RxwMj4XqhlEQ,Skatepark Mulsay,20.9600786,-89.65954819999999,4.4,141,"C. 69, Jardines de Nueva Mulsay, 97246 Mérida, Yuc., Mexico","park,point_of_interest,establishment"
ChIJH4SZ2g5zVo8R2Jx0yuuz1y4,Las Carmelitas Park,20.965875,-89.66813119999999,4.1,114,"Calle 52 esquina Calle 61, Xoclán Canto, 97245 Mérida, Yuc., Mexico","park,point_of_interest,establishment"
ChIJAy-lfHRzVo8RtoeypY_NJdw,Arqueo-ecológico del Poniente Park,20.977492599999998,-89.6669708,4.3,126,"5, C. 130, Sin Nombre de Col 9, 97246 Mérida, Yuc., Mexico","park,point_of_interest,establishment"
ChIJC-x0T3RzVo8RQHeGAXarlHk,Bosques de Yucalpetén Park,20.977910599999998,-89.66578229999999,4.2,61,"C. 67ᴱ 128B, Bosques del Poniente, 97246 Mérida, Yuc., Mexico","park,point_of_interest,establishment"
ChIJw9QPPGJxVo8R4t89L2PCQto,Plaza Grande,20.9670266,-89.6237199,4.7,47953,"C. 60 S/N, Centro, 97000 Mérida, Yuc., Mexico","park,tourist_attraction,point_of_interest,establishment"
ChIJRb2bT8FzVo8RNWkFMpW16qA,Parque Zoológico del Centenario,20.9692828,-89.6401597,4.6,30127,"Av. Itzaes s/n x 59, Parque Santiago, Centro, 97000 Mérida, Yuc., Mexico","zoo,tourist_attraction,park,point_of_interest,establishment"
ChIJSTDOAthzVo8RFoUoZF9xios,Parque de San Juan,20.962713300000004,-89.6261767,4.4,18015,"C. 67A 529, Centro, 97000 Mérida, Yuc., Mexico","park,tourist_attraction,point_of_interest,establishment"
ChIJySogAmFxVo8Rxkkp6OGhQgM,Parque de Santa Lucía,20.971198899999997,-89.6225958,4.7,14410,"C. 60 476A, Parque Santa Lucia, Centro, 97000 Mérida, Yuc., Mexico","park,tourist_attraction,point_of_interest,establishment"
ChIJb0nabV5xVo8RWRDQlUNmCDM,Parque de Santa Ana,20.975855199999998,-89.62116999999999,4.6,12873,"C. 60 y 45, Parque Santa Ana, Centro, 97000 Mérida, Yuc., Mexico","park,tourist_attraction,point_of_interest,establishment"
ChIJZ-RWI9xzVo8RP-wVWZoTiWc,Parque de Santiago,20.9701013,-89.6300965,4.6,11029,"C. 72, Barrio de Santiago, Centro, 97000 Mérida, Yuc., Mexico","park,tourist_attraction,point_of_interest,establishment"
ChIJ55v9dmNxVo8Rs2YmlcAI0_Y,Parque Eulogio Rosado,20.965052900000003,-89.6211292,4.0,4826,"C. 56 x 65, Centro, 97000 Mérida, Yuc., Mexico","park,tourist_attraction,point_of_interest,establishment"
ChIJuS8NqtFzVo8Rs-AJbMvMFWw,Parque de San Sebastián,20.959046999999998,-89.6325856,4.6,3812,"C. 75 544, Centro, 97000 Centro, Yuc., Mexico","park,tourist_attraction,point_of_interest,establishment"
ChIJKzIarMFzVo8R0AQQF1b8Gr0,Parque de la Paz,20.971523899999998,-89.6413147,4.6,7391,"Av. Itzáes 1910, Centro, 97000 Mérida, Yuc., Mexico","park,tourist_attraction,point_of_interest,establishment"
ChIJo5Spz6VxVo8RYlRYoJmjUBI,Merida Yucatan. Central Park,20.9672125,-89.62369509999999,4.7,180,"C. 61 499, Centro, 97000 Mérida, Yuc., Mexico","park,point_of_interest,establishment"
ChIJ90nEfmFxVo8R-von4z60oEM,Parque de los Hidalgos,20.9684439,-89.6226129,4.6,824,"C. 59 398, Centro, 97000 Centro, Yuc., Mexico","park,tourist_attraction,point_of_interest,establishment"
ChIJ1TfToLhzVo8RVb99IR_zYtQ,CAMPO DEPORTIVO SAN CAYETANO,20.967451,-89.6441784,4.2,130,"por 63 y 65, C. 90, Centro, 97000 Mérida, Yuc., Mexico","park,athletic_field,sports_activity_location,point_of_interest,establishment"
ChIJZ48ad2FxVo8R16Tl42IcEEI,Parque de la Madre,20.969019,-89.6226188,4.6,1120,"C. 60 490, Parque Santa Lucia, Centro, 97000 Mérida, Yuc., Mexico","park,tourist_attraction,point_of_interest,establishment"
ChIJ_RYN58dzVo8RroXBi7EFO0A,LA GATITA BLANCA Park,20.962674099999997,-89.64289210000001,4.3,48,"entre calle 88 y calle 90, C. 69 s/n, Centro, 97000 Mérida, Yuc., Mexico","park,point_of_interest,establishment"
ChIJR5ay_cdzVo8RSZYFPXtgnek,San Marcial Park,20.9623951,-89.643591,4.3,99,"Calle 90, C. 69, Centro, 97000 Mérida, Yuc., Mexico","park,playground,point_of_interest,establishment"
ChIJdbd6bhBxVo8Rch8qMw9G3uk,Plaza De La Independencia,20.9670328,-89.6236837,4.6,16,"C. 60, Centro, 97000 Mérida, Yuc., Mexico","park,point_of_interest,establishment"
ChIJ81rdRnBzVo8R1do33H02qrs,Parque de deportes extremos,20.983942900000002,-89.6708162,4.4,2163,"C. 132 349, Bosques del Poniente, 97246 Mérida, Yuc., Mexico","park,sports_activity_location,point_of_interest,establishment"
ChIJNb-q6V5zVo8RQU6taj-g8kU,Anicabil Ranch,20.9935349,-89.6851811,4.7,2319,"Calle 59 esq. 65 La Herradura, Cd Caucel, 97314 Mérida, Yuc., Mexico","garden,state_park,park,point_of_interest,establishment"
ChIJYZDHMuBzVo8RceIPEANKXrE,La Ciudadela Ville Close,20.995544499999998,-89.68673509999999,4.7,92,"C. 47 594, Cd Caucel, 97314 Mérida, Yuc., Mexico","park,point_of_interest,establishment"
ChIJ4Sfz8FxzVo8RalOCUBi6-DM,"Cancha Multidisciplinaria de pasto sintético 7, PARQUE DE DEPORTES EXTREMOS",20.986564700000002,-89.6707954,4.4,22,"por 61 y 59, C. 132, Juan Pablo II, 97238 Mérida, Yuc., Mexico","park,point_of_interest,establishment"
ChIJcTrAp39zVo8RDDxEwjns-go,PORVENIR Park,20.9951394,-89.6645082,4.3,382,"C. 51 SN, El Porvenir, 97226 Mérida, Yuc., Mexico","park,point_of_interest,establishment"
ChIJ62MC2X90Vo8Rfv33c0KgSOI,Pensiones VI Etapa Park,21.0000346,-89.66266089999999,4.5,122,"por 25, C. 74, Residencial Pensiones VI, 97217 Mérida, Yuc., Mexico","park,point_of_interest,establishment"
ChIJC2w7qGRzVo8Rg1ampUoZM5E,Nora Quintana Park,20.9920239,-89.6727094,4.4,263,"x 61, C. 140, Nora Quintana, 97238 Mérida, Yuc., Mexico","park,point_of_interest,establishment"
ChIJ_YCZWHtzVo8RFvtkbA6OjqI,Nora Quintana Park,20.991835899999998,-89.67123459999999,4.2,246,"Esquina 59D, C. 136, Sin Nombre de Col 9, 97237 Mérida, Yuc., Mexico","park,point_of_interest,establishment"
ChIJUSHRfbRzVo8REuO9rgF6dMo,Cerrada lille,20.9977644,-89.68897129999999,4.6,14,"C. 41ᴬ 532, Cd Caucel, 97314 Mérida, Yuc., Mexico","park,point_of_interest,establishment"
ChIJLVRzvG5zVo8Rn0o_FYSJnI4,Juan Pablo-Nora Park,20.981093299999998,-89.6758907,4.3,648,"C. 5ᴮ 342, Juan Pablo II, 97246 Mérida, Yuc., Mexico","park,point_of_interest,establishment"
ChIJcY_SB4B0Vo8RwfG3WOXCJLI,Pensiones V Etapa Park,20.9985274,-89.6627038,4.4,339,"Esq. Calle 13 y 13-1, C. 23 Diag., Residencial Pensiones V, 97217 Mérida, Yuc., Mexico","park,point_of_interest,establishment"
ChIJE3cs6IFzVo8Rncffh5Ud0QE,"Cenote de Mitza. ""Ts'ono'ot Mitza""",20.9935232,-89.662088,4.2,88,"Sin Nombre de Col 8, 97227 Mérida, Yuc., Mexico","park,point_of_interest,establishment"
ChIJ05NKZHl1Vo8RQRuWERgdB80,Parque de la Ciudadela,20.9980555,-89.6857517,3.3,3,"C. 54, la Ciudadela, 97314 Mérida, Yuc., Mexico","park,point_of_interest,establishment"
ChIJ_TVj0IN0Vo8R9he9SJSw4bU,El Porvenir Park,21.0017073,-89.667969,4.2,173,"x 41a, C. 138, San Francisco Porvenir, 97217 Mérida, Yuc., Mexico","park,point_of_interest,establishment"
ChIJ7ePLv2tzVo8RgkN3B5jF6sU,"""Las Hormigas"" Park",20.978436199999997,-89.67819999999999,4.4,231,"C. 28 263, Juan Pablo II, 97246 Mérida, Yuc., Mexico","park,point_of_interest,establishment"
ChIJxS5XWwBzVo8RUCnXe9D-1vg,"Inicio Del Parque Lineal ""Paseo Verde""",20.987237099999998,-89.676073,4.0,3,"C. 26 146, Nora Quintana, 97246 Mérida, Yuc., Mexico","park,point_of_interest,establishment"
ChIJ5WNq4zpzVo8R2s5GDM6dKBo,"Cancha de Usos Múltiples ""Los Paseos""",20.9843449,-89.676653,5.0,3,"C. 5 B 414, Juan Pablo II, 97246 Mérida, Yuc., Mexico","park,point_of_interest,establishment"
ChIJlxTLWm9zVo8Rl_4Ir9Z7CFM,Explanada de Usos Múltiples de Los Paseos,20.9853855,-89.67624459999999,4.4,225,"C. 28 406, Morelos Oriente, 97174 Mérida, Yuc., Mexico","park,point_of_interest,establishment"
ChIJDfcwbB9zVo8RWczlRrvU7d4,Rampas ciclocross / motocross,20.9870427,-89.6719337,,0,"C. 20 127, Juan Pablo II, 97238 Mérida, Yuc., Mexico","park,point_of_interest,establishment"
ChIJzxvb5vpzVo8RaI5jFziwIlY,Parque de las Américas,20.9875087,-89.6332176,4.7,19101,"Av. Colón 19-Por calle 20 y 23, García Ginerés, 97070 Mérida, Yuc., Mexico","park,point_of_interest,establishment"
ChIJnfcucXh0Vo8Rmgqebc692I8,Cuarta Park,20.998527199999998,-89.65498,4.5,1790,"C. 52 507, Residencial Pensiones IV, 97217 Mérida, Yuc., Mexico","park,point_of_interest,establishment"
ChIJMybBWYxzVo8Ru9mBNy2OpHg,Parque de la Roma,20.9901819,-89.6467691,4.3,609,"Av Miguel Hidalgo 300a, Roma, 97218 Mérida, Yuc., Mexico","park,tourist_attraction,point_of_interest,establishment"
ChIJfWUh8vpzVo8R77hpKnu6Mjw,Concha Acústica,20.988429699999998,-89.6330953,4.7,655,"C. 20, García Ginerés, 97070 Mérida, Yuc., Mexico","park,point_of_interest,establishment"
ChIJN6ncTAt0Vo8R3aV9HEyR0m4,Francisco Villa Poniente Park,21.0030108,-89.64384530000001,4.2,233,"C. 36, Francisco Villa Poniente, 97219 Mérida, Yuc., Mexico","park,point_of_interest,establishment"
ChIJWc_zWQx0Vo8REyn51XWeMjs,Parque El Rosario Chuburna,21.0055525,-89.6420907,4.5,300,"C. 28ᴮ 315, El Rosario, 97206 Mérida, Yuc., Mexico","park,point_of_interest,establishment"
ChIJk23K9Ad0Vo8R3ujH_vUEaqc,Campo Deportivo Tanlum,20.9979233,-89.6335817,4.4,247,"C. 43, Tanlum, 97210 Mérida, Yuc., Mexico","park,point_of_interest,establishment"
ChIJc4Bq8ZFzVo8RnX1CRkBnSIc,Fraccionamiento Villas Zona Dorada,20.9858379,-89.6491276,4.4,116,"C. 43-A 553, Fraccionamiento Villas Zona Dorada, 97229 Mérida, Yuc., Mexico","park,point_of_interest,establishment"
ChIJ4y-1kwd0Vo8RBx5XSiTHWBA,Casona de Tanlum Park,20.999299699999998,-89.63306299999999,4.5,426,"C. 24, Tanlum, 97210 Mérida, Yuc., Mexico","park,sports_activity_location,point_of_interest,establishment"
ChIJY6mne3h0Vo8Rv9MNZLoWVlo,Parque de la IV etapa Pensiones,20.9985535,-89.6553593,4.6,535,"Parque de la cuarta, Residencial Pensiones IV, 97217 Mérida, Yuc., Mexico","park,point_of_interest,establishment"
ChIJxYan7Ht0Vo8R769gjGciK_0,Clock Park of Chenku,21.0054724,-89.657101,4.4,541,"Por 24c y 40, C. 31, Residencial del Nte, 97219 Mérida, Yuc., Mexico","park,point_of_interest,establishment"
ChIJAbNXT8t1Vo8RSoP4LMBE9vA,Colores Park,21.0074562,-89.6531383,4.5,43,"Calle 23 Fraccionamiento, Residencial del Nte, 97219 Mérida, Yuc Residencial del Norte 97219 Mérida Yuc MX, entre 38 Y 25, Residencial del Nte, 97219 Mérida, Yuc., Mexico","park,point_of_interest,establishment"
ChIJq8vSl4VzVo8R9Pn7xlsDQcI,15 de Mayo Park,20.990005999999997,-89.654754,4.3,104,"Entre 54 y 58, C. 47, Quince de Mayo, 97226 Mérida, Yuc., Mexico","park,point_of_interest,establishment"
ChIJb2otK51zVo8R8qZQLEHzn7s,YUCALPETÉN Park,20.9862416,-89.66077399999999,4.4,232,"por 124, C. 59ᴮ, Yucalpetén, 97238 Mérida, Yuc., Mexico","city_park,park,point_of_interest,establishment"
ChIJc_u_gAp0Vo8R-iDiTpczmHA,Precursores del Estatuto Jurídico Park,20.998367899999998,-89.64163239999999,4.2,104,"Calle 5 x 3 y 34A, Pensiones, 97219 Mérida, Yuc., Mexico","state_park,park,point_of_interest,establishment"
ChIJaVSH9Y9zVo8R9x7DjXlIjyI,Parque Miguel Hidalgo,20.9870731,-89.6535522,4.3,123,"C. 51 171A, X'com, 97229 Mérida, Yuc., Mexico","park,point_of_interest,establishment"
ChIJzXgdTXF0Vo8RkktLGMUM_zA,Jardines de Pensiones Park,21.0041973,-89.6489659,4.4,227,"X31 Y 29, C. 28, Jardines de Pensiones, 97219 Mérida, Yuc., Mexico","park,point_of_interest,establishment"
ChIJGU2u95NzVo8R9QhPk52xMkM,Parque Las Fuentes.,20.980231,-89.6479397,4.1,52,"Av Jacinto Canek 415A, Bojórquez, 97230 Mérida, Yuc., Mexico","park,point_of_interest,establishment"
ChIJD_-4VUlxVo8RwEh1c624Cbs,PARK ITZIMNA,20.99192,-89.6110418,4.7,2089,"Av Jose Diaz Bolio 94, Itzimná, 97100 Mérida, Yuc., Mexico","park,tourist_attraction,point_of_interest,establishment"
ChIJ1yJe4EdxVo8Rs2DPVP3PWB0,Jesús Carranza Park,20.985624299999998,-89.6073292,4.5,791,"Calle 40 x Calle 29 y 31, Jesús Carranza, 97109 Mérida, Yuc., Mexico","park,point_of_interest,establishment"
ChIJw1c0tLR2Vo8RJOfhDUSvHaM,Parque Colonia México,20.9980938,-89.61000750000001,4.6,1749,"C. 31 18, entre 31 y 29, Col. México, México Oriente, 97125 Mérida, Yuc., Mexico","park,point_of_interest,establishment"
ChIJWRjsqklxVo8R7He3ZUhtuEo,DIF Park,20.9888306,-89.609237,4.4,15,"X 21A, Av. Aleman 355, Itzimná, 97100 Mérida, Yuc., Mexico","park,point_of_interest,establishment"
ChIJJ2idTP5zVo8RTkmi9Bccago,Colonia Yucatan Park,20.9948302,-89.6266385,4.5,547,"Avenida Jose Diaz Bolio 101, Yucatán, 97050 Mérida, Yuc., Mexico","park,point_of_interest,establishment"
ChIJxSSLOAJ0Vo8RiR79IdeAldA,Los Insurgentes - Chuburná Park,21.0053058,-89.6264107,4.2,218,"C. 14ᴬ por 29, Chuburna de Hidalgo, Hidalgo de Chuburná, 97205 Mérida, Yuc., Mexico","park,point_of_interest,establishment"
ChIJmYCJ6gB0Vo8R9h1S31PbZ34,Tanlum Park,20.9996156,-89.6283139,4.4,264,"x10 y 12, C. 37 Diag., Pedregales de Tanlum, 97210 Mérida, Yuc., Mexico","park,point_of_interest,establishment"
ChIJFXQSnqp2Vo8R_XLmL2JzgWw,Las Águilas Chuburna l Park,20.999940799999997,-89.625,4.2,37,"C. 16 x14, Las Águilas, 97050 Mérida, Yuc., Mexico","park,point_of_interest,establishment"
ChIJmzbDFAF0Vo8RNHhIxXYEOkY,Las Aguilas Chuburna Park,21.0023427,-89.6285103,4.2,81,"C. 16 x20, Chuburna de Hidalgo, Pedregales de Tanlum, 97205 Mérida, Yuc., Mexico","park,point_of_interest,establishment"
ChIJ6YF_qwd0Vo8ROhiuXS6Ss3k,Pocito Park,21.000752600000002,-89.6325112,4.3,86,"C. 20, Tanlum, 97210 Mérida, Yuc., Mexico","park,point_of_interest,establishment"
ChIJR0qZyVFxVo8Rz4vkL0ccYLc,Letras de Mérida Ciudad Blanca,20.9894291,-89.6167966,4.7,30,"P.º de Montejo 438, Centro, 97100 Mérida, Yuc., Mexico","park,point_of_interest,establishment"
ChIJh07Qc_hzVo8RLy9qbscH1Fo,Emiliano Zapata Park,20.9974363,-89.6331391,4.0,83,"x 43, C. 30, Tanlum, 97210 Mérida, Yuc., Mexico","park,point_of_interest,establishment"
ChIJz2ZU8Ql1Vo8R-pMs3J4QdrA,Las Águilas Chuburna ll Park,21.0021982,-89.625868,4.7,3,"C. 14ᴮ 35, Colonial Chuburná, 97215 Mérida, Yuc., Mexico","park,point_of_interest,establishment"
ChIJB__PcABxVo8RMD_6HV4PaE8,Papu House,20.9931868,-89.6042508,5.0,3,"C. 17ᴬ 91B, Itzimná, 97100 Mérida, Yuc., Mexico","park,point_of_interest,establishment"
ChIJ2XoRNat2Vo8R_hjCbQCIKe4,Monumento al Club de Leones,20.9980591,-89.6217271,5.0,1,"Buenavista, 97050 Mérida, Yuc., Mexico","park,point_of_interest,establishment"
ChIJPRWUrat2Vo8RNo82IRuJPUA,•Kiuik Che• Park,21.0015861,-89.6226038,4.0,33,"Colonial Buenavista, 97215 Merida, Yucatan, Mexico","park,point_of_interest,establishment"
ChIJx_cAuKB1Vo8RWd74zpqYCg0,Cerrada Bugambilias,21.0140896,-89.6897177,4.8,12,"C. 70B 517, 97314 Mérida, Yuc., Mexico","park,point_of_interest,establishment"
ChIJf7FHwPx1Vo8RkiMGNgi7Rsw,Cerrada Los Ciricotes Park,21.0160826,-89.68715519999999,4.6,23,"Unnamed Road, 97314 Mérida, Yuc., Mexico","state_park,park,point_of_interest,establishment"
ChIJ08xjVsZ0Vo8R8yWoGyhVuVc,Gran Santa Fe Norte Park,21.025709,-89.6894002,4.6,900,"97314 Merida, Yucatan, Mexico","park,point_of_interest,establishment"
ChIJ26yagvt1Vo8RB_y9QJT-uA8,Cerrada Lirios Park,21.0306244,-89.6917072,4.3,6,"C. 9 778, 97314 Mérida, Yuc., Mexico","park,point_of_interest,establishment"
ChIJ2RBZgrl0Vo8RAqsdszE43eo,"Cerrada Flamboyanes. ""K'íiwik Flamboyanes Ch'óop "" Park",21.0164954,-89.68876990000001,4.3,39,"97314 Merida, Yucatan, Mexico","park,point_of_interest,establishment"
ChIJLbPINMl1Vo8RKcI4Nns6b3A,Las Heliconias Park,21.0253116,-89.6948099,4.5,63,"97314 Merida, Yucatan, Mexico","park,point_of_interest,establishment"
ChIJG98MR8d0Vo8R7_2Znxxb_vs,Robelinas Park,21.0233021,-89.68708339999999,4.5,95,"Unnamed Road, 97314 Mérida, Yucatán, Mexico","park,point_of_interest,establishment"
ChIJK-HVy8d0Vo8Rir4gT2S-ceg,Washingtonias Park,21.0245282,-89.69001139999999,4.7,100,"97314 Merida, Yucatan, Mexico","park,point_of_interest,establishment"
ChIJjzTUL5p1Vo8Ri1Q21vwP-io,Hortensias Park,21.0275191,-89.69693219999999,4.8,41,"C. 13H, 97314 Mérida, Yuc., Mexico","park,point_of_interest,establishment"
ChIJ4Vo2Hbt0Vo8RXPLB93tsBpY,Fuentes Gran Santa Fé Park,21.0121945,-89.6885915,4.6,309,"97314 Merida, Yucatan, Mexico","park,point_of_interest,establishment"
ChIJJQ_lnrh0Vo8RG4x9gAWRTWQ,Cerrada Palma Real Park,21.0216681,-89.68767419999999,4.7,61,"Unnamed Road, 97314 Mérida, Yuc., Mexico","park,point_of_interest,establishment"
ChIJkTAyOgV1Vo8Rf0xmxWGAPIc,las Lavandas Park,21.021752199999998,-89.69337209999999,4.6,33,"C. 13H 705, 97314 Mérida, Yuc., Mexico","park,point_of_interest,establishment"
ChIJ92QvUAB1Vo8RKT2PcT9c4Sk,Parque Cerrada Lantanas,21.0295333,-89.68803530000001,4.8,63,"C. 9 717, 97314 Mérida, Yuc., Mexico","park,point_of_interest,establishment"
ChIJ7Rq0NEkLVo8R1Oknp_t_Lzs,Comisaría de Caucel Park,21.0161771,-89.7064259,4.4,1421,"C. 21 Supermanzana × 18A y 20, Caucel, 97314 Caucel, Yuc., Mexico","park,point_of_interest,establishment"
ChIJNaEfJQB1Vo8RlBYU_si_YWs,Cerrada Gardenias,21.0253041,-89.69347479999999,5.0,1,"13c, santa fe norte, cerrada Gardenias 759, 97314 Mérida, Yuc., Mexico","park,point_of_interest,establishment"
ChIJbTWkRXN1Vo8R4b8hXqVX7tw,Parque Cerrada Las Orquídeas,21.023048,-89.695698,4.6,21,"Gran Santa Fe, 97314 Caucel, Yuc., Mexico","park,point_of_interest,establishment"
ChIJ-eadobd0Vo8RXAeRC1z5RA0,Kerpis Park,21.0192437,-89.6923403,4.7,44,"97314 Merida, Yucatan, Mexico","park,point_of_interest,establishment"
ChIJV1GTJMF1Vo8RbM0DRskpTt8,Cerrada Copas de Oro Park,21.0266394,-89.68465839999999,4.8,69,"C. 72E, 97314 Mérida, Yuc., Mexico","park,point_of_interest,establishment"
ChIJSeqmYLp0Vo8R9jLnahgKY6Q,Parque Eco Arqueológico Soblonké,21.013282399999998,-89.6898602,4.2,235,"97139 Merida, Yucatan, Mexico","park,point_of_interest,establishment"
ChIJISXpHfN1Vo8RZK6ETtLztLA,Cerrada Guayacan Park,21.019842,-89.6868776,4.2,24,"Gran Santa Fe, 97314 Caucel, Yuc., Mexico","park,point_of_interest,establishment"
ChIJu2SmMXB0Vo8RU-QtWPcl1Vg,Parque Chenkú Norte,21.0090076,-89.6514469,4.4,1083,"C. 21, Residencial del Nte, 97219 Mérida, Yuc., Mexico","park,point_of_interest,establishment"
ChIJ2cR-n4B0Vo8RAuKiw9c8EaU,Fracc. Residencial Pensiones VII Park Stage,21.0025564,-89.6629871,4.5,584,"C. 11-A'-1, Residencial Pensiones, 97217 Mérida, Yuc., Mexico","park,point_of_interest,establishment"
ChIJyY2yu0N0Vo8R249cJCq56lg,Francisco de Montejo II Park,21.025750600000002,-89.6503153,4.4,758,"C. 54 334, Francisco de Montejo, 97203 Mérida, Yuc., Mexico","park,point_of_interest,establishment"
ChIJk-s9nmt0Vo8RvMB7fgR5jE4,San Pedro Uxmal Park,21.017084999999998,-89.6463966,4.4,275,"C. 38 352, San Pedro Uxmal, 97203 Mérida, Yuc., Mexico","park,point_of_interest,establishment"
ChIJyQzm2KJ1Vo8R9J9msC1WD6s,HENEQUENES Park,21.018952199999998,-89.6597706,4.6,108,"Zona Industrial, 97203 Mérida, Yuc., Mexico","park,point_of_interest,establishment"
ChIJk10BQHt0Vo8Rfiv8hkn18qo,Linda Vista Park,21.008905499999997,-89.6570047,4.2,237,"por 41 y 42, calle 23, Jardines de Lindavista, 97219 Mérida, Yuc., Mexico","park,point_of_interest,establishment"
ChIJmwazW2Z0Vo8RMr4ywgCeUFg,Colonia Mérida (parque),21.0179266,-89.65536159999999,3.9,99,"C. 31, Terranova, 97203 Mérida, Yuc., Mexico","park,point_of_interest,establishment"
ChIJ6wrEoYB0Vo8Rtoxy1Wfn9B0,Parque de Pensiones VII Etapa,21.0032182,-89.66258409999999,4.6,496,"Residencial Pensiones, 97217 Mérida, Yuc., Mexico","park,point_of_interest,establishment"
ChIJQe8smWl0Vo8RosC0MpVGLMQ,San Pablo Uxmal Park,21.019237,-89.6497021,4.4,205,"Esq Calle 13, C. 46, San Pablo Uxmal, 97200 Mérida, Yuc., Mexico","park,point_of_interest,establishment"
ChIJIQsj43x0Vo8RWfqiYjNe-DM,Amapola Park,21.0077772,-89.6602841,4.2,152,"Por 27A Calle 46, Amapola, 97219 Mérida, Yuc., Mexico","park,point_of_interest,establishment"
ChIJj9seBxt1Vo8RCml37K9tK_Q,La Gran Manada,21.022928699999998,-89.6746259,5.0,24,"Calle 33A entre 56 y 58, col. San juan bautista, 22762 Mérida, Yuc., Mexico","park,point_of_interest,establishment"
ChIJJUEMpNR1Vo8RGeTvFq3V8Og,Parque Lindavista,21.0108101,-89.6608684,4.3,294,"Lindavista, 97219 Mérida, Yuc., Mexico","park,point_of_interest,establishment"
ChIJw8JwfG50Vo8Rj-evV4IQe2I,San Luis Chuburna Park,21.0125813,-89.6494748,4.3,240,"C. 25 Diag. S/N, San Luis, 97140 Mérida, Yuc., Mexico","park,point_of_interest,establishment"
ChIJo7awZ110Vo8Rf7syzwtb5c4,Cámara de la Construcción Park,21.0227796,-89.65502010000002,4.2,279,"Calle 56 entre 69 y 71, Camara de la Construcción, 97203 Mérida, Yuc., Mexico","park,point_of_interest,establishment"
ChIJ0cFiqmd0Vo8RGoL6c0zROAU,Magnolias Park,21.019061999999998,-89.6557139,4.5,254,"por calle 65, C. 50, Las Magnolias, 97203 Mérida, Yuc., Mexico","park,point_of_interest,establishment"
ChIJ514ozHF0Vo8REh1f_7C5qhI,Chenku Kiosko Park,21.008946299999998,-89.6507649,4.4,469,"Entre 19 y 21A, C. 36, Residencial del Nte, 97219 Mérida, Yuc., Mexico","park,point_of_interest,establishment"
ChIJU7UgeUJ0Vo8RCCtSzsCjgYY,Conquistador Park,21.0220314,-89.6507012,4.4,126,"x Av. Merida 2000 y 52, C. 67, Paseos del Conquistador, 97203 Mérida, Yuc., Mexico","park,point_of_interest,establishment"
ChIJZ7FVLwB1Vo8RqYLuMxZRT_M,Paseo Henequenes,21.0288971,-89.6552421,4.3,7,"C. 55-C 445, Francisco de Montejo II, 97203 Mérida, Yuc., Mexico","park,point_of_interest,establishment"
ChIJNWn0VxV0Vo8RRfMyUdo6VxE,Cantaritos Park,21.0224999,-89.6432631,4.4,1226,"C. 42 x 57 y 59, Francisco de Montejo, 97203 Mérida, Yuc., Mexico","park,point_of_interest,establishment"
ChIJ33WhlBd0Vo8RHw9muSgtsg0,Chuburná Inn Park,21.0198251,-89.63548109999999,4.4,499,"C. 13 entre 22 y 24, Chuburná Inn II, 97205 Mérida, Yuc., Mexico","park,point_of_interest,establishment"
ChIJv9Q_3xZ0Vo8RTcNVSM8-R4s,Privada Villas Palma Real,21.017350699999998,-89.6370069,4.6,177,"97203, C. 15 C 124 A, Villas Palma Real, 97203 Mérida, Yuc., Mexico","park,point_of_interest,establishment"
ChIJg1kfKBR0Vo8RlxbYn2nvb-U,Puesta del sol park,21.018142899999997,-89.6396127,4.4,272,"Entre Calle 11 y 15, C. 26ᴮ, Puestas del Sol, 97205 Mérida, Yuc., Mexico","park,point_of_interest,establishment"
ChIJtX8LYBN0Vo8R-2Ewtz6P1og,Privada Las Haciendas III,21.015777399999997,-89.6427902,4.5,105,"Chuburná de Hidalgo, 97203 Mérida, Yuc., Mexico","park,point_of_interest,establishment"
ChIJU8AHnDx0Vo8Rqx6uRKGkogU,Las Bugambilias Park,21.027526899999998,-89.6356624,4.4,356,"C. 24 347, Bugambilias, 97205 Mérida, Yuc., Mexico","park,point_of_interest,establishment"
ChIJfZ2RkqB2Vo8R30P_3pjY2jQ,Villas del Sol Park,21.018327199999998,-89.623786,4.4,374,"Calle 9 x 10, Villas del Sol, 97118 Mérida, Yuc., Mexico","park,point_of_interest,establishment"
ChIJK9Rk7xp0Vo8Re4oC-5fkoXQ,Chuburná Park,21.012595299999997,-89.6336814,4.4,1221,"Calle 21 X 20 y 22, Antiguo Poblado De Chuburná De Hidalgo, Chuburná de Hidalgo, 97205 Mérida, Yuc., Mexico","park,tourist_attraction,cell_phone_store,point_of_interest,store,establishment"
ChIJZat5FEB0Vo8R-WrwDCmCLsQ,Campo de Softbol Francisco De Montejo,21.0227661,-89.64526359999999,4.2,151,"Francisco de Montejo, 97203 Mérida, Yuc., Mexico","park,athletic_field,sports_activity_location,point_of_interest,establishment"
ChIJM_VAABh0Vo8R74fQcLOuR9w,Rinconada de Chuburná Park,21.021700300000003,-89.63450139999999,4.5,137,"C. 11 71, Rinconada de Chuburná, 97208 Mérida, Yuc., Mexico","state_park,park,point_of_interest,establishment"
ChIJZ5peU191Vo8RwH31JZeCPQg,Pinzón II Park,21.0253864,-89.6398846,4.3,10,"C. 49ᶜ 162, Pinzón II, 97205 Mérida, Yuc., Mexico","park,point_of_interest,establishment"
ChIJr4Yt-QR0Vo8RzqNT7M0xtBI,LOS GRILLOS Park,21.006962299999998,-89.63205789999999,4.3,21,"Por 27, C. 22, Chuburna de Hidalgo, Chuburná de Hidalgo, 97205 Mérida, Yuc., Mexico","park,point_of_interest,establishment"
ChIJRVbizz90Vo8R-uUYNWS-CH8,Tamarindos Park,21.0225766,-89.64218129999999,4.3,70,"C. 30 235, El Prado Chuburná, 97203 Mérida, Yuc., Mexico","park,point_of_interest,establishment"
ChIJz56j3B10Vo8RWk8sUVzQFG8,Carrillo Park,21.015157100000003,-89.6266093,4.2,57,"x 17 y 15, C. 14 s/n, Felipe Carrillo Puerto, 97208 Mérida, Yuc., Mexico","park,point_of_interest,establishment"
ChIJv3O9wyl1Vo8R8R39hvodZyg,Libelulas Park,21.0410789,-89.6776478,4.5,66,"Calle 49B x calle, 88, Real Montejo, 97302 Mérida, Yuc., Mexico","park,point_of_interest,establishment"
ChIJS53s6rN1Vo8RtZFMCDa7-C0,Parque Cerrada Margaritas,21.031696699999998,-89.691029,4.6,70,"97314 Merida, Yucatan, Mexico","park,point_of_interest,establishment"
ChIJs_ELCAB1Vo8RG5ZjpWZk5BY,Láak'tsil Park,21.0374017,-89.6669696,4.5,17,"C. 78 730, Real Montejo, 97302 Mérida, Yuc., Mexico","park,point_of_interest,establishment"
ChIJs7aENsF0Vo8RhrLYa-l3QY0,Azucenas Park,21.0261475,-89.6860062,4.7,80,"97314 Merida, Yucatan, Mexico","park,point_of_interest,establishment"
ChIJzXdsMgB1Vo8RaoQix27bhqc,San Andrés Park,21.0461757,-89.6631417,5.0,1,"C. 39-B 703, Residencial puerta de piedra, 97302 Mérida, Yuc., Mexico","park,point_of_interest,establishment"
ChIJa2bkB751Vo8RDVkDQBrZv-c,Las Dalias Park,21.0287966,-89.68712939999999,4.6,43,"C. 9A, 97130 Mérida, Yuc., Mexico","park,point_of_interest,establishment"
ChIJ345mkV11Vo8RAvsYLL-Wlqo,Real Montejo Park,21.0386882,-89.6625432,4.4,54,"Real Montejo, 97302 Mérida, Yuc., Mexico","state_park,park,point_of_interest,establishment"
ChIJo3Apkvh1Vo8RiwQGNJkPo7I,Parque Ave Del Paraíso,21.0262532,-89.6836234,4.5,28,"97314 Merida, Yucatan, Mexico","park,point_of_interest,establishment"
ChIJV6yC_7J1Vo8Ri1obFdIWFoQ,Nuevo Parque de Dzitya,21.050229400000003,-89.6784035,4.6,5,"97302 Dzityá, Yuc., Mexico","park,point_of_interest,establishment"
ChIJW9zyJmV1Vo8RRxmKL1VTHy0,"Dzityá. ""K'íiwik Dzityá"" Main Park",21.0498129,-89.6780692,3.0,2,"C. 18, 97302 Dzityá, Yuc., Mexico","park,point_of_interest,establishment"
ChIJuWgSoAp1Vo8R3JmfY2Hf3Ec,Cementerio de Dzitya,21.0454059,-89.6771512,5.0,1,"97302 Dzityá, Yuc., Mexico","park,point_of_interest,establishment"
ChIJ56fk9eN0Vo8R5hJRjjss4Cc,Glorieta Arco Norte,21.0398222,-89.676019,4.0,30,"C. 49A 919, Real Montejo, 97302 Mérida, Yuc., Mexico","park,point_of_interest,establishment"
ChIJRxEkyUV0Vo8Ra3dobcbL40s,La Capilla Park,21.032415099999998,-89.6495805,4.5,1686,"Calle 53 x54 y 56, Francisco de Montejo, 97203 Mérida, Yuc., Mexico","park,point_of_interest,establishment"
ChIJVbMfeTd0Vo8RptL8uKt_jec,Parque La Rampa,21.034326399999998,-89.6418767,4.4,770,"Calle 47 X 42 y 46, Francisco de Montejo, 97203 Mérida, Yuc., Mexico","park,point_of_interest,establishment"
ChIJu4VflUR0Vo8Rd70nhQgbLgI,Francisco de Montejo II Etapa Park,21.029107300000003,-89.6520796,4.4,578,"Calle 53 D, C. 55ᴬ 384, entre 56 y 58, Francisco de Montejo, 97203 Mérida, Yuc., Mexico","park,point_of_interest,establishment"
ChIJuya9t0l0Vo8R5jkIxJ3miVA,Francisco De Montejo III “El Fasha” Park,21.037372599999998,-89.6452758,4.6,829,"Francisco de Montejo, 97203 Mérida, Yuc., Mexico","park,point_of_interest,establishment"
ChIJa4zm7Dp0Vo8RgYz1GQg5rH0,Xcumpich Park,21.0321294,-89.6361714,4.5,309,"C. 34, Xcumpich, 97204 Mérida, Yuc., Mexico","park,playground,point_of_interest,establishment"
ChIJIxLZk611Vo8R83fWhqjueRw,Pista Patinaje Park,21.0295538,-89.6520656,4.5,153,"C. 53D 380, entre 56 y 58, Francisco de Montejo II, 97203 Mérida, Yuc., Mexico","park,point_of_interest,establishment"
ChIJZ7dUJPB1Vo8RU9vHOIlnbHw,Los Paseos Francisco de Montejo,21.034311199999998,-89.6530361,4.6,287,"C. 60 10, Francisco de Montejo II, 97203 Mérida, Yuc., Mexico","city_park,park,point_of_interest,establishment"
ChIJEevj9zl0Vo8R1C41oxCbk4I,Hacienda Xcumpich Park,21.0329165,-89.63971889999999,4.4,152,"x 32, Calle 5, Xcumpich, 97204 Mérida, Yuc., Mexico","park,playground,point_of_interest,establishment"
ChIJ1aRyMDR0Vo8RekVpWkA-hVA,Rotarios Park,21.040261899999997,-89.64119819999999,4.2,119,"Calle 40ᴮ, Francisco de Montejo III, 97203 Mérida, Yuc., Mexico","park,point_of_interest,establishment"
ChIJS33TWUd1Vo8RVKzROIs3tEw,Capilla Park,21.038123,-89.6421232,4.5,31,"97203, Francisco de Montejo III, 97203 Mérida, Yucatán, Mexico","park,point_of_interest,establishment"
ChIJ3RjUYU50Vo8RXZwMd2jHO2Q,"Área de juegos infantiles ""Del Auditorio""",21.038441,-89.65106469999999,4.4,107,"Francisco de Montejo II, 97203 Mérida, Yuc., Mexico","city_park,park,point_of_interest,establishment"
ChIJi2Rgct91Vo8RutEFtrbA2Yk,"Pista ""Grupo Scout 9 Nórdicos"" Park",21.0290967,-89.65199779999999,4.7,10,"Calle 55, por 56 y 58, Francisco de Montejo, 97203 Mérida, Yuc., Mexico","park,point_of_interest,establishment"
ChIJ7XGxRFx0Vo8Rttg459mR-pw,El Charquito Garden,21.0258883,-89.65636479999999,4.5,189,"Francisco de Montejo II, 97203 Mérida, Yuc., Mexico","city_park,park,point_of_interest,establishment"
ChIJQed49jR0Vo8Rrtsd0WST9Go,Pino Park,21.042768499999998,-89.64080810000002,4.4,52,"C. 48, Francisco de Montejo III, 97203 Mérida, Yuc., Mexico","park,point_of_interest,establishment"
ChIJbXSwRjJ0Vo8R5LIz-yFzAY0,Castellana I Park,21.041501699999998,-89.63608630000002,4.3,49,"C. 39ᴮ 217, Fraccionamiento La Castellana, Sin Nombre, 97203 Mérida, Yuc., Mexico","park,point_of_interest,establishment"
ChIJR3xLr0N0Vo8RX4rjDWGuOZE,"Scouts Grupo 14 ""Conquistadores"" USIM",21.0254944,-89.6507487,4.5,80,"C. 57A 332-300, Francisco de Montejo, 97203 Mérida, Yuc., Mexico","park,point_of_interest,establishment"
ChIJU-0LCAANVo8RL6aNwKPtw8s,Letras de chalmuch,20.9726258,-89.7276639,5.0,8,"C. 21 Comisaria Chalmuch 17, Tixcacal Opichen, 97312 Chalmuch, Yuc., Mexico","park,point_of_interest,establishment"
ChIJT5Bg-4sNVo8RwkWbQrRdvME,Parque 1 Cerrada Palmar,20.978351699999997,-89.70664579999999,,0,"Sian Ka'an IV, C. 68 B1, 97314 Mérida, Yuc., Mexico","park,point_of_interest,establishment"
ChIJg6rEBwANVo8RAO4LyiSFUSo,Parque Cerrada Codorniz,20.983515099999998,-89.7172915,5.0,1,"C. 104, Ciudad Caucel, 97314 Caucel, Yuc., Mexico","park,point_of_interest,establishment"
ChIJ63ovACJyVo8Rc29BRT5BUgA,Parque Zoológico Animaya,20.982412,-89.6892079,4.5,10813,"C. 60 866, Cd Caucel, 97314 Mérida, Yuc., Mexico","zoo,tourist_attraction,park,point_of_interest,establishment"
ChIJZbIxLhVzVo8RHq1e5RFFzYo,"Canchas Fut 7 ""Los Paseos""",20.9718785,-89.67995379999999,4.3,849,"Calle 28, C. 17 y, Juan Pablo II, 97246 Mérida, Yuc., Mexico","park,sports_activity_location,point_of_interest,establishment"
ChIJsZLdsWVzVo8RdGQv7NhgSj0,"lineal ""Los paseos"" Park",20.9692391,-89.6803289,4.5,2582,"Calle 54 Supermanzana Prolongación, Paseo de Montejo Campestre, Juan Pablo II, 97120 Mérida, Yuc., Mexico","park,tourist_attraction,point_of_interest,establishment"
ChIJdUvzdj9zVo8RYVWQKJFCNno,Cardenales Park,20.9730911,-89.6836548,4.3,617,"C. 32 350, Juan Pablo II, 97246 Mérida, Yuc., Mexico","park,point_of_interest,establishment"
ChIJvaVlNrVzVo8Ry8b3ya5MUhg,"Domo del Parque Lineal ""Los Paseos""",20.9746517,-89.67921969999999,4.4,57,"Calle 26 s/n x 11 y 13, Juan Pablo II, 97246 Mérida, Yuc., Mexico","city_park,park,point_of_interest,establishment"
ChIJMwA9RU0NVo8RKANp7jQ5zbQ,Cerrada Helecho Park,20.976447399999998,-89.7030798,5.0,22,"X7GW+HQ, 97314 Susulá, Yuc., Mexico","park,point_of_interest,establishment"
ChIJf7kZSBRzVo8R7N4sdI5UULU,Juan Pablo II Park,20.9698288,-89.6787559,4.5,254,"C. 31 365, Juan Pablo II, 97246 Mérida, Yuc., Mexico","park,point_of_interest,establishment"
ChIJI6A_mhsNVo8RS3LVGqpyMU8,Parque Cerrada Río,20.979082599999998,-89.7019238,4.4,36,"97314 Merida, Yucatan, Mexico","park,point_of_interest,establishment"
ChIJGQ24bwNzVo8RU0JaeFKiKKU,Susulá Park,20.975038899999998,-89.695977,4.3,52,"C. 18, 97314 Susulá, Yuc., Mexico","park,point_of_interest,establishment"
ChIJIZT0czxzVo8R-qsivpDTn3w,ampliación Juan Pablo ll Park,20.9661708,-89.68542099999999,4.3,208,"Calle 34 x 45 y 51, C. 34 x 45 y 51, Juan Pablo II Sección Vaticano I, Juan Pablo II, 97246 Mérida, Yuc., Mexico","park,point_of_interest,establishment"
ChIJqz93R4pzVo8RnJxq25t-WLY,"""Animales Marinos"" Park",20.974389900000002,-89.6787713,4.5,28,"Juan Pablo II, 97246 Mérida, Yuc., Mexico","park,point_of_interest,establishment"
ChIJY2YmJgxzVo8R2XEspe8tbN8,Módulo de Servicio Peek Park de Los Paseos,20.977703299999998,-89.67837229999999,5.0,2,"C. 28 275, Juan Pablo II, 97246 Mérida, Yuc., Mexico","park,point_of_interest,establishment"
ChIJo9ThSUBzVo8RNsf1KB423nY,arboledas juan pablo Park,20.9767406,-89.6827972,4.4,41,"Por calle 32, C. 9 Diag., Juan Pablo II, 97246 Mérida, Yuc., Mexico","park,point_of_interest,establishment"
ChIJpZ0aL49zVo8Rcklyxs0Z1vI,Aguadas de Susulá,20.9777706,-89.700065,4.4,9,"Comisaría, 97314 Susulá, Yuc., Mexico","park,point_of_interest,establishment"
ChIJ46nCCgBzVo8RGbAgMBb43qk,Felinario animaya,20.983763,-89.6882002,5.0,9,"C. 95 517, Cd Caucel, 97314 Mérida, Yuc., Mexico","park,point_of_interest,establishment"
ChIJoUVipBZzVo8RB1sM2WRWIHo,Glorieta El Cardenal,20.967693099999998,-89.677752,4.3,6,"C. 41 344, Juan Pablo II, 97246 Mérida, Yuc., Mexico","park,point_of_interest,establishment"
ChIJx5IdfgdzVo8RzDhpciyitqM,Los Paseos I Park,20.962404199999998,-89.6820228,1.0,1,"C. 26, Juan Pablo II, 97246 Mérida, Yuc., Mexico","park,point_of_interest,establishment"
ChIJzeZrb38NVo8Ry4AqoCpmu2Y,Aguada,20.9960782,-89.74147029999999,4.4,13,"X7W5+CC, 97357 Merida, Yucatan, Mexico","park,point_of_interest,establishment"
ChIJjTL8x6MMVo8RKuC3ZqZ-3Qg,Gran Herradura Poniente Park,20.9908826,-89.71666990000001,4.0,118,"97314 Merida, Yucatan, Mexico","park,point_of_interest,establishment"
ChIJY3e2l5UNVo8RtMCicvHeHO4,"""Los Haltunes"" Park",20.998568199999998,-89.72814199999999,4.3,6,"97314 Merida, Yucatan, Mexico","park,point_of_interest,establishment"
ChIJc4GAEQALVo8RIqowb8VIbbY,La Ceiba Caucel Park,21.0019621,-89.7232554,5.0,1,"C. 55 905, 97314 Mérida, Yuc., Mexico","park,point_of_interest,establishment"
ChIJj0WIep8MVo8ReOjmeCgroSU,Glorieta Villas Caucel,20.9945751,-89.7197568,4.1,28,"C. 106 681, 97314 Mérida, Yuc., Mexico","park,point_of_interest,establishment"
ChIJkStT2Y4NVo8R7JxDSfjX6cg,"""Aluxes"" Park",20.9950565,-89.72797299999999,3.8,4,"C. 73 902, 97314 Mérida, Yuc., Mexico","park,point_of_interest,establishment"
ChIJC-YLn6ANVo8R4dAkpVgxyGE,Ceiba de Mayo Park,20.998178199999998,-89.72318179999999,5.0,3,"C. 67, 97314 Mérida, Yuc., Mexico","park,point_of_interest,establishment"
ChIJSyBkbwALVo8RWlpUgFow5m4,Girasoles de opichen,20.999091999999997,-89.726294,,0,"C-114 x 65 Fracc. Ciudad Caucel II_1434, 97314 Mérida, Yuc., Mexico","park,point_of_interest,establishment"
ChIJb3WSDgANVo8RKYkzH7nh4Go,Fracc. Viva Alegre Park,20.990474499999998,-89.7238971,5.0,1,"C. 87 877, 97314 Mérida, Yuc., Mexico","park,point_of_interest,establishment"
ChIJG2xPJwALVo8R-74m58h18OM,"Lomas, Diseña tu Ciudad 2025 Park",21.0036576,-89.7272539,4.5,2,"C/ 116 643-int entre 51-A y 55-C, 97314 Mérida, Yuc., Mexico","park,point_of_interest,establishment"
ChIJTXupDwANVo8RLEfYW5YI3TU,Reserva Natural ENES Mérida UNAM,20.9901016,-89.7349867,,0,"X7R8+22, 97357 Merida, Yucatan, Mexico","nature_preserve,park,point_of_interest,establishment"
ChIJMxRzSzsLVo8R8m9XPb3H2yA,Área verde,21.0021255,-89.7230089,,0,"C. 55 905, 97314 Mérida, Yuc., Mexico","park,point_of_interest,establishment"
ChIJ43aEEgANVo8RoYVl2DXdLYE,Parque Cerrada Cigüeña,20.985737999999998,-89.71875969999999,,0,"X7PJ+2C, 97314 Merida, Yucatan, Mexico","park,point_of_interest,establishment"
ChIJP7nQewANVo8RLUZgEVFwnHU,Parque Cerrada Cenzontle,20.984811699999998,-89.7187781,,0,"X7MJ+WG, 97314 Merida, Yucatan, Mexico","park,point_of_interest,establishment"
ChIJIa1XrtMNVo8RELgUMPlucFE,Sian Ka'an IV Park,20.9806967,-89.70579649999999,4.7,59,"97314 Merida, Yucatan, Mexico","park,point_of_interest,establishment"
ChIJz32bAqwMVo8R3-1dQqepPuo,Los Almendros II Park,20.991603599999998,-89.7058153,4.4,514,"Calle 51 695D, Cd Caucel, 97314 Mérida, Yuc., Mexico","park,point_of_interest,establishment"
ChIJ9VGJMkQNVo8RIXvS14Ztf0Q,Sian Ka'an II Park,20.9837405,-89.7046013,4.5,70,"97314 Merida, Yucatan, Mexico","park,point_of_interest,establishment"
ChIJk0rkOLMMVo8RNFTX22nqASw,Gran Herradura Sur,20.9827689,-89.70310970000001,4.4,725,"97314 Merida, Yucatan, Mexico","park,point_of_interest,establishment"
ChIJEwzuEK4MVo8RhvVr6iNJo7Q,Cerrada Paraiso Park,20.9872086,-89.7059622,4.3,105,"97314 Merida, Yucatan, Mexico","park,point_of_interest,establishment"
ChIJnejtB7IMVo8R4Pk9oh2tPqU,Cerrada Lluvia Park,20.986191899999998,-89.7047173,4.6,81,"Calle 70, 97314 Mérida, Yuc., Mexico","park,point_of_interest,establishment"
ChIJB_7qp4sNVo8RB3SIeLeMRMk,Sian Ka'an III Park,20.9846392,-89.70985809999999,5.0,7,"C. 7697313, 97314 Mérida, Yuc., Mexico","park,point_of_interest,establishment"
ChIJewST6VULVo8RCxdbsbYT0rY,Almendros I Park,20.9994934,-89.7043127,4.4,523,"C. 51 695F, Cd Caucel, 97314 Mérida, Yuc., Mexico","park,point_of_interest,establishment"
ChIJOwEgnvALVo8Rr7N_9mKvt6o,Balcones Ciudad Caucel Park,21.0007852,-89.7157395,4.5,364,"C. 51 813 a, Cd Caucel, 97314 Mérida, Yuc., Mexico","state_park,park,point_of_interest,establishment"
ChIJl0KwxK0MVo8RZyDVAp-wAQk,Cerrada Nube,20.9882097,-89.7048422,4.5,63,"97314 Merida, Yucatan, Mexico","park,point_of_interest,establishment"
ChIJH6crhqUMVo8RQYtd9N9pnu0,Almendros III Park,20.9895307,-89.7097763,4.2,395,"97314 Merida, Yucatan, Mexico","park,point_of_interest,establishment"
ChIJj0xYJAANVo8RVevKcJUJuIA,Cerrada Calandrias Park,20.9855573,-89.71384789999999,4.0,7,"Calle 111A Calle 119 97314, 97314 Mérida, Yuc., Mexico","park,point_of_interest,establishment"
ChIJD07jk60MVo8RUrngK3Q1BhM,Cerrada Cielo Park,20.9872427,-89.7036679,4.4,47,"97314 Merida, Yucatan, Mexico","park,point_of_interest,establishment"
ChIJ75ZIXq4MVo8RwrtlhV3yMv4,Cerrada Selva Park,20.9889293,-89.70638129999999,4.3,83,"97314 Merida, Yucatan, Mexico","park,point_of_interest,establishment"
ChIJob8KeEwNVo8R64XxCCGthIQ,Real Caucel Park,20.9886169,-89.7134908,4.5,82,"97314 Merida, Yucatan, Mexico","park,point_of_interest,establishment"
ChIJ4-eFUnENVo8RLoWgGJhD8lI,Cerrada Oasis Park,20.9815517,-89.7070578,4.1,26,"Prol. C. 70 127, 97314 Mérida, Yuc., Mexico","park,point_of_interest,establishment"
ChIJ-RZQOAANVo8R6uPBicFk7GQ,Cerrada Cardenales Park,20.984652999999998,-89.714669,4.2,5,"Parque Cerrada Cardenales, Calle 111A, C. 119 97314, 97314 Mérida, Yuc., Mexico","park,point_of_interest,establishment"
ChIJ4_8ja1VzVo8RBmucCGE-BhQ,Madre Teresa de Calcuta Park,20.9969502,-89.6988872,4.4,261,"Cd Caucel, 97314 Caucel, Yuc., Mexico","park,point_of_interest,establishment"
ChIJM7nDRCMLVo8RJPA30dzbMgg,Discapacitados Park,21.0051506,-89.7166203,4.3,2156,"C. 37ᶜ, Cd Caucel, 97314 Mérida, Yuc., Mexico","park,point_of_interest,establishment"
ChIJVb-l_P8LVo8R_Vo7_7y774I,Yaxnah Park,21.0141349,-89.7282051,4.6,41,"C. 25, 97314 Mérida, Yuc., Mexico","park,point_of_interest,establishment"
ChIJVaBeC0MLVo8Rl7wex-WzKfM,KANAN KAB Park,21.013017899999998,-89.71564149999999,4.2,319,"x 108-B y 110, C. 26 S/N, Villa Jardín, 97314 Mérida, Yuc., Mexico","park,point_of_interest,establishment"
ChIJ_98wQwALVo8Rioc1k2S9xKE,Discapacitados Ciudad Caucel Park,21.005077999999997,-89.7174558,4.1,9,"C. 39 834A, Cd Caucel, 97314 Mérida, Yuc., Mexico","park,point_of_interest,establishment"
ChIJ1Yyf8HALVo8RQw04iS6tdwI,Yaxnah 4ta Etapa Park,21.0200429,-89.72626249999999,4.7,12,"27CF+2F, C. 11-A 911, 97314 Caucel, Yuc., Mexico","park,point_of_interest,establishment"
ChIJ711sXm8LVo8Ra4qxWkBgndw,Glorieta Palmeras,21.0103616,-89.72499979999999,4.4,74,"97314 Merida, Yucatan, Mexico","park,point_of_interest,establishment"
ChIJy1z-MkQLVo8RuP-5Vle8vkE,El Cementerio Park,21.0152523,-89.7121906,4.3,41,"C. 21 B × 23, Caucel, 97314 Caucel, Yuc., Mexico","park,point_of_interest,establishment"
ChIJ328hRB8LVo8Rg8ZRVqEKxPo,"fraccionamiento ""Las palmeras"" Park",21.0100455,-89.7205869,4.0,5,"C. 31 958, Cd Caucel, 97314 Mérida, Yuc., Mexico","park,point_of_interest,establishment"
ChIJHf-SNQALVo8ROeMff2NA9m0,caucel Park,21.004929999999998,-89.717227,,0,"C. 39 832, Cd Caucel, 97314 Mérida, Yuc., Mexico","park,point_of_interest,establishment"
ChIJzyPXOBgLVo8RJxmJJSGsVz4,Glorieta Dos Ceibas,21.0162691,-89.7260056,3.0,2,"278F+MP, 97314 Merida, Yucatan, Mexico","park,point_of_interest,establishment"
ChIJc6sSXAALVo8RZfvNtB3VMzw,Ángeles Park,21.0118533,-89.72776150000001,1.0,1,"97314 Merida, Yucatan, Mexico","park,point_of_interest,establishment"
ChIJ_VUEawALVo8RA_gbiWvASs0,Ganadería el encanto,21.020421900000002,-89.7107566,,0,"C. 24 212, Caucel, 97314 Caucel, Yuc., Mexico","park,point_of_interest,establishment"
ChIJrdBJP2ELVo8RQUthA962u1E,Achelis,21.014168899999998,-89.7161163,,0,"23bx110 Y 110b, 97314 Mérida, Yuc., Mexico","park,point_of_interest,establishment"
ChIJz1tBBKQLVo8RCAVHJ2kCpa4,Arqueológico Balcones Ciudad Caucel Park,21.0001642,-89.7167899,,0,"Calle 57 825, Cd Caucel, 97314 Mérida, Yuc., Mexico","park,point_of_interest,establishment"
ChIJO8bD61ALVo8RheX6g159VHI,Glorieta El Caracol,21.005819199999998,-89.7084016,3.0,1,"Caucel, 97314 Caucel, Yuc., Mexico","park,point_of_interest,establishment"
ChIJ4yv5cwALVo8RmHby4vvJqnQ,Glorieta Las Piramides,21.016169599999998,-89.72598789999999,,0,"278F+MP, 97314 Merida, Yucatan, Mexico","park,point_of_interest,establishment"
ChIJtbLBphULVo8RoQzj0HsqdKQ,"colonia ""San Juan"" Park",21.0242962,-89.7385485,4.8,6,"97357 Ucú, Yucatan, Mexico","park,point_of_interest,establishment"
ChIJ9xm8ErYLVo8RSmoy7L8T6FY,"Municipal de ucú. ""K'íiwik Ucú"" Park",21.031620900000004,-89.7460352,,0,"Caucel - Hunucma 99, 97357 Cheumán, Yuc., Mexico","park,point_of_interest,establishment"
ChIJHRhUQ8cLVo8RFgFrN5sfoo4,"Municipal de la colonia ""Los 3 Reyes"" Park",21.0388993,-89.7453359,,0,"97357 Ucú, Yucatan, Mexico","city_park,park,point_of_interest,establishment"
ChIJ5Tu_U9ALVo8RZKqc3okxbzc,Campo de usos múltiples de Ucú,21.0309509,-89.7478967,4.7,3,"97357 Ucú, Yucatan, Mexico","city_park,park,point_of_interest,establishment"
ChIJZeInHAgLVo8Rr39wKotdNdQ,week end,21.032892699999998,-89.7377757,4.7,9,"Ucú Municipality, 97357 Ucú, Yucatan, Mexico","park,point_of_interest,establishment"
ChIJQcmPOwELVo8RvtwQorfWxaI,Infantil de Ucú Park,21.0312563,-89.74612809999999,,0,"97357 Ucú, Yucatan, Mexico","park,point_of_interest,establishment"
ChIJp7T9cwALVo8R8U1IIXbi_Mc,Aguadas de Ucú,21.040540099999998,-89.73881019999999,5.0,1,"27R6+6F, 97357 Ucú, Yucatan, Mexico","park,point_of_interest,establishment"
ChIJV0d9DgALVo8RfEdz3OZnAFo,Juegos Infantiles de la Calle 18,21.0273652,-89.7451378,,0,"C. 18 112, Ucú, 97357 Ucú, Yuc., Mexico","park,point_of_interest,establishment"
ChIJq0pERwALVo8RAvfqWswUE6w,Yaxnáh 5 Park,21.025610099999998,-89.72410500000001,,0,"27GG+35, 97314 Caucel, Yucatan, Mexico","park,point_of_interest,establishment"
ChIJa6Fg9B51Vo8RjaIwye2Qpjw,Central Park Gran Santa Fe Norte,21.030473,-89.6975964,4.8,54,"97314 Merida, Yucatan, Mexico","park,point_of_interest,establishment"
ChIJtUUH3lR1Vo8R0TRsgQqvzDA,Cerrada Carey Park,21.0343187,-89.6941138,4.9,14,"C. 80C 378, 97314 Mérida, Yuc., Mexico","park,point_of_interest,establishment"
ChIJ6UhKMdd1Vo8RT8Mybr7sg4Q,Los Rosales Park,21.0314306,-89.6929803,4.5,101,"C. 80, Gran Santa Fé Norte, 97314 Mérida, Yuc., Mexico","park,point_of_interest,establishment"
ChIJmXAIAQF1Vo8R44J4PHU_7A4,Cerrada Esmeralda Park,21.0340111,-89.6983316,4.7,6,"28M2+JM, 97314 Merida, Yucatan, Mexico","park,point_of_interest,establishment"
ChIJYzcWGpZ1Vo8RAjeQxcMxodk,Los Narcisos Park,21.0302033,-89.6943898,4.6,70,"97314 Merida, Yucatan, Mexico","park,point_of_interest,establishment"
ChIJgxJIaQB1Vo8R9bqBrX2KmwI,Parque Cerrada Ambar,21.0337252,-89.70033029999999,5.0,4,"Mérida Municipality, 97314 Yucatan, Mexico","park,point_of_interest,establishment"
ChIJgTCCrAR1Vo8RMRTfqR755FA,Parque Cerrada Cuarzo,21.0358058,-89.6958291,5.0,5,"28P3+8M, 97314 Caucel, Yucatan, Mexico","park,point_of_interest,establishment"
ChIJt6BT4Zh1Vo8RBtW9fLaKU8k,los Crisantemos Park,21.0290385,-89.69587430000001,4.6,12,"97314 Merida, Yucatan, Mexico","park,point_of_interest,establishment"
ChIJr83w8PN1Vo8RtzsqWKhQMM4,Las Begonias Park,21.0277624,-89.6938639,4.5,23,"Cerrada las begonias, 97314 Caucel, Yuc., Mexico","park,point_of_interest,establishment"
ChIJke3E1gx1Vo8RvHLRtnZGXBY,Cerrada Las Violetas Park,21.0256985,-89.69848139999999,5.0,5,"Gran Santa Fe, 97314 Caucel, Yuc., Mexico","park,point_of_interest,establishment"
ChIJ34JkAwB1Vo8Rvl6qynJS2KA,Cerrada Marfil Park,21.0349371,-89.69989799999999,4.9,7,"Gran Santa Fe, 97314 Caucel, Yuc., Mexico","park,point_of_interest,establishment"
ChIJP3J3qc11Vo8RwI1wZfk275Q,Los Lirios Park,21.0305024,-89.69221689999999,4.7,80,"97314 Merida, Yucatan, Mexico","park,point_of_interest,establishment"
ChIJDevkgcd1Vo8R3a6GtpIoRSY,Los Kalanchoes Park,21.0290067,-89.69287849999999,4.4,73,"97314 Merida, Yucatan, Mexico","park,point_of_interest,establishment"
ChIJHTjEkwl1Vo8RdcMLnHOyU-Y,Cerrada Amatista Park,21.0329117,-89.6988667,5.0,4,"28M2+5J, 97314 Merida, Yucatan, Mexico","park,point_of_interest,establishment"
ChIJAwDlNgB1Vo8RmIjF7le6yKY,Cerrada Jade Park,21.036320900000003,-89.69719339999999,,0,"28P2+9R, 97314 Merida, Yucatan, Mexico","park,point_of_interest,establishment"
ChIJzy5YfAB1Vo8R8Ndqv5smJQQ,Parque Cerrada Mármol,21.0368857,-89.6988617,5.0,1,"28P2+QF, 97314 Merida, Yucatan, Mexico","park,point_of_interest,establishment"
ChIJC6HpxPJ1Vo8RSAgxLltSk8o,Agata Park,21.032148499999998,-89.6959981,4.9,26,"C. 9C 850, 97313 Mérida, Yuc., Mexico","park,point_of_interest,establishment"
ChIJ7aHVhpp2Vo8RazTir04eiUk,Montes de Amé Park,21.03144,-89.6161269,4.4,416,"C. 30, Montes de Amé, 97115 Mérida, Yuc., Mexico","park,point_of_interest,establishment"
ChIJA0auBih0Vo8RFV8JAGCW8Lc,Salvador Alvarado cordemex Park,21.034015,-89.6250345,4.4,264,"C. 46 Sn, Cordemex, 97150 Mérida, Yuc., Mexico","park,point_of_interest,establishment"
ChIJleqHNCp0Vo8RdXcGn4GXhJY,Teacher's Park,21.0409775,-89.6273714,4.4,411,"Calle 29 285, Cordemex, 97110 Mérida, Yuc., Mexico","park,point_of_interest,establishment"
ChIJoXxlYZ12Vo8Rfx6l3oqMSXI,PISTA ROJA Park,21.031532,-89.6251502,4.5,336,"x 71 y 75 Calle 46, Cordemex, 97115 Mérida, Yuc., Mexico","park,point_of_interest,establishment"
ChIJP-Xl8it0Vo8R45lPOqrOv70,Asta Bandera Monumental,21.0410492,-89.6293968,4.5,42,"Zona Industrial, Industrial, 97204 Mérida, Yuc., Mexico","park,point_of_interest,establishment"
ChIJsQx8y392Vo8Rq7vQ83z8ZRc,Royal Norte Park,21.0467642,-89.6229347,4.6,24,"entre calle 23 A y calle 25, C. 40, Hacienda Sodzil Nte., 97115 Mérida, Yuc., Mexico","park,point_of_interest,establishment"
ChIJ3zMGU_93Vo8R5TEN0i21hkA,Sak Chaal Tun,21.049321,-89.619587,4.6,5,"Calle 40 Diagonal, Temozon Norte, Sin Nombre de Col 27, 97302 Mérida, Yuc., Mexico","park,point_of_interest,establishment"
ChIJm_TSQGd1Vo8R0DygtF3N2nU,"Lineal Siglo XXI. ""Siglo 21 Xíimbal"" Park",21.0317324,-89.6270394,5.0,3,"C. 60 234, Cordemex, 97115 Mérida, Yuc., Mexico","park,point_of_interest,establishment"
ChIJ36yWdgB1Vo8RK9pEs0XXt8s,Paso a Desnivel Park,21.0272766,-89.6263891,,0,"29GF+WC, Gonzalo Guerrero, 97119 Merida, Yucatan, Mexico","park,point_of_interest,establishment"
ChIJk8_PdjJ0Vo8RInlrO9F0gpE,Castellana II Park,21.0416861,-89.6348266,4.5,22,"C. 28, Fraccionamiento La Castellana, 97202 Mérida, Yuc., Mexico","park,point_of_interest,establishment"
ChIJqbu_ZKF1Vo8RfSaGKepDDWo,Area de juegos infantiles galerias,21.0391303,-89.6309493,3.0,1,"galerías Mérida 2 piso, Zona Industrial, 97204 Mérida, Yuc., Mexico","park,point_of_interest,establishment"
ChIJ9TCIgih0Vo8RN0ey6fUSwPs,Letras Yucatan,21.0337694,-89.62796279999999,4.8,6,"Unnamed Road,Zona Industrial, 97180, Zona Industrial, 97204 Mérida, Yucatán, Mexico","park,point_of_interest,establishment"
ChIJKYw6TmV3Vo8Rq3e31ZgwpQc,Área de juegos villa rica,21.0323676,-89.6251365,,0,"C. 46 LB, Cordemex, 97115 Mérida, Yuc., Mexico","park,point_of_interest,establishment"
ChIJC667OwB1Vo8RpWIiJE6BpRE,Aurea Park,21.037858999999997,-89.635774,,0,"C. 47 303, Xcumpich, 97203 Mérida, Yuc., Mexico","park,point_of_interest,establishment"
ChIJVVXlsil0Vo8RDi1indLC2og,CADI CORDEMX-DIF,21.0368314,-89.6268197,,0,"C. 48 x48, Cordemex, 97110 Mérida, Yuc., Mexico","park,point_of_interest,establishment"
ChIJ__-_ki10Vo8R21_GFtMDO7Y,Aubrey Park,21.041271,-89.6339177,1.0,1,"Zona Industrial, 97203 Mérida, Yuc., Mexico","park,point_of_interest,establishment"
ChIJZUJZEQB1Vo8RWJ3Xqmr00Lg,3 Méridas del Mundo Park,21.027655700000004,-89.626268,,0,"29GF+WC, Gonzalo Guerrero, 97119 Mérida, Yuc., Mexico","park,point_of_interest,establishment"
ChIJISGiXAB3Vo8RSlrmS_7F4sE,Terreno Multi usos City center,21.039109099999997,-89.6057072,,0,"29QV+XQ, Sin Nombre de Col 25, 97115 Mérida, Yuc., Mexico","park,point_of_interest,establishment"
ChIJudhkVhx1Vo8R2F8tIRujJ-w,Las Américas Park,21.068808,-89.65404840000001,4.6,128,"Unnamed Road, Fraccionamiento Las Américas, 97302 Mérida, Yuc., Mexico","city_park,park,point_of_interest,establishment"
ChIJuYSpZ8Z1Vo8R_i9M5LFAO0I,Las Américas Park,21.070370099999998,-89.66056610000001,4.7,59,"C. 112 entre 57 A y 57 D, Fraccionamiento Las Américas, 97302 Mérida, Yuc., Mexico","park,point_of_interest,establishment"
ChIJiWfGyJ11Vo8Rk_uol_o_RPY,Parque Las Américas II,21.076684,-89.66095990000001,4.5,270,"Fraccionamiento Las Américas 2, 97302 Mérida, Yuc., Mexico","park,point_of_interest,establishment"
ChIJ7VqccQB1Vo8Rfit48MHt22o,policias Park,21.070545,-89.66081349999999,4.5,2,"C. 112 entre 57 A y 57 D, Fraccionamiento Las Américas, 97302 Mérida, Yuc., Mexico","park,point_of_interest,establishment"
ChIJEWRYNSN1Vo8RkmC-zwLW0gU,Vía Verde Habitaré Park,21.0711889,-89.67087219999999,4.4,9,"C. 57 1128, 97302 Mérida, Yuc., Mexico","park,point_of_interest,establishment"
ChIJDT2sXp91Vo8R0wqYcHADpo4,Las Américas IV Park,21.069824,-89.65862179999999,4.1,47,"C. 57-D, Fraccionamiento Las Américas, 97302 Mérida, Yuc., Mexico","park,point_of_interest,establishment"
ChIJfYBM83J1Vo8RqeBxbco-8rc,Amistad Park,21.072107799999998,-89.6710324,4.5,98,"C. 142 153, 97302 Mérida, Yuc., Mexico","park,point_of_interest,establishment"
ChIJbfJmmL11Vo8R4iqyzE3uwsM,Internet Américas Park,21.0681147,-89.6505839,4.4,184,"B, C. 59 715, Fraccionamiento Las Américas, 97302 Mérida, Yuc., Mexico","city_park,park,point_of_interest,establishment"
ChIJK8VpY9d1Vo8RvObMFglxaRw,Arboledas Park,21.0739762,-89.67153569999999,4.0,12,"C. 140, 97302 Mérida, Yuc., Mexico","park,point_of_interest,establishment"
ChIJtbGu6hZ1Vo8RNyLZk6kY0Uk,Lagartos Park,21.0708852,-89.64983459999999,4.2,49,"C. 84 214, Fraccionamiento Las Américas, 97302 Mérida, Yuc., Mexico","park,point_of_interest,establishment"
ChIJ5ZpQnZ91Vo8RBUGcv0keOBw,Scout Grupo 7 Triskela Park,21.07048,-89.6606063,4.4,302,"C. 112 entre 57 A y 57 D, Fraccionamiento Las Américas, 97302 Mérida, Yuc., Mexico","park,point_of_interest,establishment"
ChIJRYEbWL11Vo8RUwMQki1VMU8,San Antonio Hool Park,21.0694734,-89.6527954,4.3,219,"Parque, C. 59 Manzana y 92 Lote por 90, Fraccionamiento Las Américas, 97302 Mérida, Yuc., Mexico","park,point_of_interest,establishment"
ChIJ2Qfc_XV1Vo8RRf9fkIEqd1E,Glorieta pilares,21.073428699999997,-89.66720219999999,4.3,27,"C. 53-F 1062, 97302 Mérida, Yuc., Mexico","park,point_of_interest,establishment"
ChIJXT1szQx1Vo8Rj3Xb35cGOy0,Glorieta Palmitas,21.069443099999997,-89.66922029999999,4.2,42,"C. 140 212, Fraccionamiento Las Américas, 97302 Mérida, Yuc., Mexico","park,point_of_interest,establishment"
ChIJFyiq05l1Vo8RKJamZkWPgFI,Glorieta Beato,21.0727109,-89.6538257,3.9,16,"C. 96 196, Fraccionamiento Las Américas, 97203 Mérida, Yuc., Mexico","park,point_of_interest,establishment"
ChIJSdGKe5h1Vo8RV1IAxEoFZ9s,Torres 59 Park,21.070005700000003,-89.6554532,4.5,47,"C. 98 239, Fraccionamiento Las Américas, 97302 Mérida, Yuc., Mexico","park,tourist_attraction,point_of_interest,establishment"
ChIJF4EJbQB1Vo8REtalqP3qysc,Instituto León 🦁,21.0727632,-89.6663647,3.0,2,"C. 55-B 1035, 97302 Mérida, Yuc., Mexico","wildlife_refuge,park,point_of_interest,establishment"
ChIJxcZJygJ1Vo8R4_mCL9bxCPE,Gordon Park,21.0715832,-89.6546065,5.0,6,"C. 98 197, Fraccionamiento Las Américas, 97302 Mérida, Yuc., Mexico","park,point_of_interest,establishment"
ChIJe2exiM51Vo8R-25yi7MRq6I,Aviario de yuyas parque las americas,21.0766028,-89.6607488,,0,"C. 53-B 910, Fraccionamiento Las Américas 2, 97302 Mérida, Yuc., Mexico","park,point_of_interest,establishment"
ChIJKRRE1sB1Vo8RlstpL_7Ix_U,Glorieta Habitare,21.0693631,-89.67158189999999,5.0,1,"C. 57 1143, 97302 Yuc., Mexico","park,point_of_interest,establishment"
ChIJCyPWnX91Vo8RPw_rg2N-Qls,Xcanatún Park,21.07471,-89.628979,4.5,97,"C. 19A 121, 97302 Xcanatún, Yuc., Mexico","state_park,park,point_of_interest,establishment"
ChIJZd1iBQB1Vo8RjIWp3vjbzIE,Gorylovers Park,21.0633607,-89.64538449999999,5.0,22,"C. 76 382, Fraccionamiento Las Américas, 97302 Mérida, Yuc., Mexico","park,point_of_interest,establishment"
ChIJeexvxJV1Vo8R3_rUygdcX5U,Parque Lic. Sergio Brito,21.0708266,-89.6477508,4.2,39,"C. 57-C, Fraccionamiento Las Américas, 97302 Mérida, Yuc., Mexico","park,point_of_interest,establishment"
ChIJA5ozint1Vo8RarAnLcX5BbY,Juegos infantiles Akrópolis,21.062473699999998,-89.6438821,5.0,1,"Fraccionamiento Las Américas, 97302 Mérida, Yuc., Mexico","park,point_of_interest,establishment"
ChIJbYw_nGF1Vo8RYTG6g50gQ8g,Tienda Ranchos Los Molinos,21.0624538,-89.6439413,5.0,1,"97302, Fraccionamiento Las Américas, 97302 Mérida, Yuc., Mexico","park,point_of_interest,establishment"
ChIJU3H9XNZ1Vo8RzW7bingmVfs,Americas 6 Etapa 2,21.0887185,-89.6697272,4.3,36,"38QH+CW, 97302 Merida, Yucatan, Mexico","park,point_of_interest,establishment"
ChIJERR3OQ11Vo8RJa1tJoVDi1w,Máximo Flores G. Park,21.089534099999998,-89.6655031,4.5,11,"C. 45D, 97302 Mérida, Yuc., Mexico","park,point_of_interest,establishment"
ChIJT11_LYB1Vo8R9steOEm3xm8,Natura Park,21.086997399999998,-89.662036,4.7,14,"97302 Merida, Yucatan, Mexico","park,point_of_interest,establishment"
ChIJbeKdasl1Vo8RzVozVRDQAHw,Americas II Park,21.0869045,-89.6622257,4.0,1,"Calle 45 J entre 108A y 112, 97302 Mérida, Yuc., Mexico","park,point_of_interest,establishment"
ChIJf3G9N7B1Vo8R5kJl2KAZnxY,Parque Las Américas 112-A,21.08353,-89.6636523,,0,"C. 47-D 962, 97302 Mérida, Yuc., Mexico","park,point_of_interest,establishment"
ChIJW5XlHoJ1Vo8Rlp7TLH5u_qQ,Paseo de las ceibas,21.073014099999998,-89.6709369,,0,"C. 142 132, 97302 Mérida, Yuc., Mexico","park,point_of_interest,establishment"
ChIJn66qWQB1Vo8RKZf-viX8Ej4,Domadora Garden,21.087049,-89.6716172,5.0,4,"C. 45-H 1082, 97302 Mérida, Yuc., Mexico","park,point_of_interest,establishment"
ChIJ_UeQqkJ1Vo8RV7P_4X8ghmE,Glorieta palmares,21.072858999999998,-89.6718746,,0,"C. 144 158, 97302 Mérida, Yuc., Mexico","city_park,park,point_of_interest,establishment"
ChIJOUAccGF1Vo8RkshzvgtPaBM,lejitos Park,21.086941,-89.66256299999999,,0,"C. 45 K 935, 97302 Mérida, Yuc., Mexico","park,point_of_interest,establishment"
ChIJmbiJJG91Vo8R12b4ZMRsrwU,Mini parque las Américas II,21.0891193,-89.6627788,,0,"C. 45F 932, 97302 Mérida, Yuc., Mexico","park,point_of_interest,establishment"
ChIJf5qdBAB1Vo8R50LGFa4gHI4,Triángulo 🌸 Park,21.0917776,-89.6600062,5.0,5,"38RQ+PX, 97302 Merida, Yucatan, Mexico","park,point_of_interest,establishment"
ChIJZc3Xag91Vo8RcApnDOoxhXw,LUCES Park,21.0796161,-89.6560037,4.2,30,"C. 100-1, Fraccionamiento Las Américas 2, 97302 Mérida, Yuc., Mexico","state_park,park,point_of_interest,establishment"
ChIJ8zHJd711Vo8RTVKSmT8hTMM,Parque Calle 53A,21.0771612,-89.6548225,4.3,52,"C. 53-B 802, Fraccionamiento Las Américas 2, 97302 Mérida, Yuc., Mexico","city_park,park,point_of_interest,establishment"
ChIJ34-ESiZ1Vo8RGy3TnC89dx0,Kz Park,21.0794562,-89.6546656,4.0,3,"Fraccionamiento Las Américas 2, 97302 Mérida, Yuc., Mexico","park,point_of_interest,establishment"
ChIJjdMkjBl1Vo8RGoP60yrmLSg,GFG Park,21.0824556,-89.6592555,4.6,5,"Fraccionamiento Las Américas 2, 97302 Mérida, Yuc., Mexico","park,point_of_interest,establishment"
ChIJIx9-6hx1Vo8RTjNr-J6o1sM,Parque calle 100A,21.080281799999998,-89.65760929999999,4.7,7,"Unnamed Road, Fraccionamiento Las Américas 2, 97302 Mérida, Yuc., Mexico","city_park,park,point_of_interest,establishment"
ChIJC0lf_fd1Vo8R4R7PqD1FtB4,Parque,21.085436899999998,-89.6549486,3.6,7,"Fraccionamiento Las Américas 2, 97302 Mérida, Yuc., Mexico","city_park,park,point_of_interest,establishment"
ChIJ0wXNpJt1Vo8RvkO0_A09I2A,Glorieta Americas II,21.077747199999997,-89.6565344,4.4,41,"Fraccionamiento Las Américas 2, 97302 Mérida, Yuc., Mexico","park,point_of_interest,establishment"
ChIJ7xKwJuJ1Vo8RVnLdhqEskwA,canchas,21.076761599999998,-89.6609653,,0,"C. 53-A 915, Fraccionamiento Las Américas 2, 97302 Mérida, Yuc., Mexico","park,point_of_interest,establishment"
ChIJB3VIVNF1Vo8RMfynMzlJxRk,Rubicel Vasquez Park,21.080446800000004,-89.6609782,3.3,4,"Fraccionamiento Las Américas 2, 97302 Mérida, Yuc., Mexico","park,point_of_interest,establishment"
ChIJDQBz05MLVo8RiJIZsoJjF6Y,Aguada de Cheumán,21.0681165,-89.70899109999999,3.7,12,"Calle 24, Comisaría, 97303 Cheumán, Yuc., Mexico","park,point_of_interest,establishment"
ChIJ43mM4QnhVY8RuMQxhgpYxx4,Parque,21.0979377,-89.7050438,4.0,2,"97303 Cosgaya, Yuc., Mexico","park,point_of_interest,establishment"
ChIJT9A8SM4LVo8Rj-ELCscHN40,"Noc-ac. ""K'íiwik Noc Ac"" Park",21.0800522,-89.71755499999999,4.4,14,"C. 29, 97303 Noc Ac, Yuc., Mexico","park,point_of_interest,establishment"
ChIJycH7nilwVo8RjYyg9qZq_ms,Bosques de Dzoyola Park,20.905234,-89.5817613,3.8,249,"Bosques de Dzoyola, 97370 Kanasín, Yuc., Mexico","park,point_of_interest,establishment"
ChIJy8UJ9NtxVo8RTsXixW6sn8Y,Leona Vicario Park,20.9096548,-89.60132589999999,3.8,174,"C. 25 183, 97137 Mérida, Yuc., Mexico","park,point_of_interest,establishment"
ChIJyX_bxslxVo8RI9dJBs8mWR8,Althea 1 Park,20.911612599999998,-89.5921702,4.4,8,"Unnamed Road, Cielo alto, 97370 Kanasín, Yuc., Mexico","state_park,park,point_of_interest,establishment"
ChIJx1ldO59xVo8RFbiHON8ACsw,Althea 3 Park,20.910176399999997,-89.59183349999999,4.3,23,"Cielo alto, 97370 Kanasín, Yucatan, Mexico","park,point_of_interest,establishment"
ChIJT3YrhTZxVo8RbQQ2c3lvLx8,Residencial Cielo Alto Main Park,20.909938999999998,-89.5945988,3.8,84,"Unnamed Road, Cielo alto, 97370 Kanasín, Yuc., Mexico","state_park,park,point_of_interest,establishment"
ChIJT0c51zJxVo8Rn6r_u1kzWTg,Althea 2 Park,20.9113342,-89.5913715,4.2,24,"Unnamed Road, Cielo alto, 97370 Kanasín, Yuc., Mexico","state_park,park,point_of_interest,establishment"
ChIJ0ZzEvStwVo8RycVuoIOb5hM,Amp Dzoyola Park,20.9068275,-89.5842855,4.0,120,"A Dzoyola, 97370 Kanasín, Yuc., Mexico","park,point_of_interest,establishment"
ChIJKzDd6ilwVo8RpPh5oDwYso8,Dzoyola Main Park,20.9038738,-89.58170299999999,3.7,88,"Fraccionamiento D'Zoyola, 97370 Kanasín, Yuc., Mexico","park,point_of_interest,establishment"
ChIJARFCBABxVo8R12VrdsdxfXI,cielo alto 181 H Park,20.908111899999998,-89.5914919,,0,"C. 30C 673, Cielo alto, 97370 Kanasín, Yuc., Mexico","park,point_of_interest,establishment"
ChIJY80oAwBxVo8RRutyOKq6eBM,Un parque,20.915228799999998,-89.58425729999999,4.0,1,"97370 66, Jardines de, Mulchechén, 97370 Kanasín, Yuc., Mexico","park,point_of_interest,establishment"
ChIJjy1ABKxvVo8RkPnfw7JpHoc,Cois Agver Garden,20.8910139,-89.5967805,5.0,2,"Hacienda San Antonio Tahdzibichen, C. 40 s/n, 97315 Jardines de Tahdzibichén, Yuc., Mexico","park,point_of_interest,establishment"
ChIJ-6bNRwBvVo8RnAdB2j-VYZg,Cancha,20.9014365,-89.59986789999999,,0,"C. 42 428-37 y 37b, 97370 Mérida, Yuc., Mexico","park,point_of_interest,establishment"
ChIJJb_8FwBxVo8Rmx5bTQ-ehU4,Grupo 3 Scout Zamna,20.9101078,-89.5946374,5.0,3,"C. 30-G 193, Cielo alto, 97370 Kanasín, Yuc., Mexico","park,point_of_interest,establishment"
ChIJ1xktPSJwVo8RR5BcpLzMTlY,Glorieta Santa Ana,20.909150999999998,-89.56992269999999,4.6,65,"Calle 76 por 5-E y 5-D Fraccionamiento Santa Ana, 97370 Kanasín, Yuc., Mexico","park,point_of_interest,establishment"
ChIJc3xWpYhxVo8R-kIKd8-dJc0,PRINCIPAL FRACCIONAMIENTO SANTA ANA Park,20.9105393,-89.5690664,4.4,5,"Kanasín Municipality, 97370 Kanasín, Yucatan, Mexico","park,point_of_interest,establishment"
ChIJjzM2KpZxVo8RvQec8Fengdk,"Colonia María Luisa. ""K'íiwik Maria Luisa"" Park",20.9352838,-89.6063966,4.4,1500,"C. 21 Manzana y 20 entre Calle 18, María Luisa, 97199 Mérida, Yuc., Mexico","park,tourist_attraction,point_of_interest,establishment"
ChIJ77HwTpNxVo8Rxjk37L_RBRs,San Nicolas del Sur Park,20.927096799999998,-89.610508,4.4,433,"C. 135 282, Sin Nombre de Col 13, 97289 Mérida, Yuc., Mexico","park,point_of_interest,establishment"
ChIJA-cyObpxVo8R6nT0CE6iHDE,SALVADOR ALVARADO SUR Park,20.9332638,-89.5992218,4.5,278,"C. Trigésimo Novena, Salvador Alvarado Sur, 97196 Mérida, Yuc., Mexico","park,point_of_interest,establishment"
ChIJFQvDAOtxVo8RMB_aZw864qg,Fracc. del Sur Park,20.9235749,-89.609072,4.4,231,"C. 59, Fraccionamiento del Sur, 97287 Mérida, Yuc., Mexico","park,point_of_interest,establishment"
ChIJgd7Gn2hxVo8RmtFI4nK8oBk,Serapio Rendón II Park,20.929024899999998,-89.615848,4.6,55,"C. 127ᴮ 254, Serapio Rendón, 97285 Mérida, Yuc., Mexico","park,point_of_interest,establishment"
ChIJP7Jcs_FxVo8RMu3bbYXCjjU,Jardines del Sur Park,20.9175257,-89.6172548,4.4,31,"Villa Magna del Sur, 97285 Mérida, Yuc., Mexico","park,point_of_interest,establishment"
ChIJN6KysZNxVo8RidzC0DnA4oo,"""Ampliación Hacienda"" Park",20.9302474,-89.6129552,4.1,193,"por calle 44 por calle 46, C. 125ᴮ, La Hacienda, 97289 Mérida, Yuc., Mexico","park,point_of_interest,establishment"
ChIJeWBMbu1xVo8R8k3YoWerfWo,Ecoarquelógico NU´UKUL T´AAN Park,20.9242755,-89.6150018,4.5,32,"C. 46-B Número 844, Fraccionamiento Villa Magna Del Sur, 97285 Mérida, Yuc., Mexico","park,point_of_interest,establishment"
ChIJZS1xa6NxVo8Rk9IZqunsIBQ,EL GALLITO Park,20.9400837,-89.60266639999999,4.3,128,"C. 11 Poniente. 310, Unidad Morelos, 97190 Mérida, Yuc., Mexico","park,point_of_interest,establishment"
ChIJrY55pfJxVo8R01I1iVX3_Qc,Serapio Rendón III Park,20.925711,-89.61603749999999,4.1,142,"C. 46ᶜ, Sin Nombre de Col 13, 97285 Mérida, Yuc., Mexico","park,point_of_interest,establishment"
ChIJr7t0N7BxVo8RdUvALhMrWA8,Fraccionamiento Kukulcán Park,20.9369798,-89.5950685,4.5,86,"POR 2 SUR, C. 51, Kukulcán, 97198 Mérida, Yuc., Mexico","park,point_of_interest,establishment"
ChIJs8ISmxVxVo8ROc1KXrtLqmc,"San Haroldo. ""K'íiwik San Haroldo"" Park",20.9278047,-89.59557939999999,4.0,2,"San Haroldo, 97370 Kanasín, Yuc., Mexico","park,point_of_interest,establishment"
ChIJQ6TuZ29xVo8RGk6tb4DfaTY,juegos U.H.M. Park,20.9256021,-89.6057129,3.0,1,"C. 42 200B, Fraccionamiento del Sur, 97287 Mérida, Yuc., Mexico","park,point_of_interest,establishment"
ChIJmfq3WbxxVo8RjQv224RuckE,EL CAMPITO,20.935072700000003,-89.60330789999999,3.9,19,"C. 23, María Luisa, 97199 Mérida, Yuc., Mexico","park,point_of_interest,establishment"
ChIJE8Kts-1xVo8R4lpPYQEURT8,Parque villamagna del sur,20.9224545,-89.6135718,4.3,120,"C. 141A 960, Sin Nombre de Col 13, 97285 Mérida, Yuc., Mexico","nature_preserve,park,point_of_interest,establishment"
ChIJgcNF1jBwVo8RaFyLaeveAcs,SANTA ISABEL Park,20.919841599999998,-89.5803174,4.0,458,"C. 75 por 62, Santa Isabel, 97373 Mérida, Yuc., Mexico","park,tourist_attraction,point_of_interest,establishment"
ChIJNbL_FDNwVo8RtGjhGFD6LqY,Alamos De Mulchechen,20.918694800000004,-89.58614999999999,4.0,101,"C. 62ᴬ 4501, Cecilio Chí, 97370 Kanasín, Yuc., Mexico","park,point_of_interest,establishment"
ChIJXb7dZEBwVo8ReytEqoEEO7Q,Recreativo Cuauhtemoc Park,20.927115,-89.5705663,4.1,148,"C. 24 380, Cuauhtémoc, 97370 Kanasín, Yuc., Mexico","park,point_of_interest,establishment"
ChIJ46YZlWxwVo8RQp2u4FOQb8w,RECREATIVO DEL FRACCIONAMIENTO CTM HECTOR VICTORIA Park,20.9279044,-89.56281899999999,4.2,294,"Por 29 y 27, C. 26-A, Héctor Victoria, 97370 Kanasín, Yuc., Mexico","park,point_of_interest,establishment"
ChIJVRpFZQBxVo8RJuj7-nun83A,"""66"" Mulchechen Park",20.9255429,-89.5878407,3.8,5,"C. 61 292, Mulchechén, 97370 Kanasín, Yuc., Mexico","park,point_of_interest,establishment"
ChIJW-NnAABxVo8RIxRYLhmkXsE,XELPAC Park,20.9357229,-89.574097,5.0,1,"Calle 73 B 201, Xelpac Cuauhtémoc, 97370 Kanasín, Yuc., Mexico","park,point_of_interest,establishment"
ChIJG2DQK1BwVo8RVRG9TWCU8Ug,dos culturas. San Antonio Kaua III Park,20.9384612,-89.5801546,3.7,79,"C. 73ᴮ 243, San Antonio Kaua III, 97370 Kanasín, Yuc., Mexico","park,point_of_interest,establishment"
ChIJJ3qXZGlwVo8RkaaAa3V0Sc8,Recreativo del Fraccionamiento CROC Park,20.9326518,-89.5654701,4.0,73,"x 32 y 32D, C. 33 Diag., Croc, Kanasín, 97370 Mérida, Yuc., Mexico","park,point_of_interest,establishment"
ChIJUY5LWtdxVo8RJ3x6SOC1WsU,duvalín Park,20.934755,-89.56589389999999,4.1,9,"Croc, 97370 Kanasín, Yuc., Mexico","park,point_of_interest,establishment"
ChIJdfiXkEpwVo8RUq_uctUgHSY,CANCHA DE BASQUETBOL,20.9271127,-89.58593359999999,,0,"Esq. Calle 60, C. 61-A, Mulchechén, 97370 Kanasín, Yuc., Mexico","park,point_of_interest,establishment"
ChIJVVmqdkhwVo8R1qpL6m8xx10,infantil mulchechen II Park,20.9282525,-89.57828889999999,4.1,19,"Calle 41 por Calle 48 y Calle 50, Mulchechén II, 97370 Mérida, Yuc., Mexico","playground,park,point_of_interest,establishment"
ChIJa_2_HABxVo8RSIfMJR1YQCA,Aguada de Cuauhtémoc Kanasín,20.9180916,-89.5694226,,0,"97370 Kanasín, Yucatan, Mexico","park,point_of_interest,establishment"
ChIJpRK_GgBxVo8R4SfhtrjzTzs,REPARTO GRANJAS Park,20.931286999999998,-89.58690299999999,,0,"C. 59 1051, Granjas, Reparto Granjas, 97370 Kanasín, Yuc., Mexico","park,point_of_interest,establishment"
ChIJ4XCrOwBxVo8R0hdXhGzdkgs,TRIANGULO Park,20.9342738,-89.5642982,,0,"Croc, 97370 Kanasín, Yuc., Mexico","park,point_of_interest,establishment"
ChIJR3gstVlwVo8RsYDt3TRP-GE,ACUAPARQUE,20.947761399999997,-89.5766532,4.3,2732,"Calle 6A, y 27A, San Antonio Kaua II, 97195 Mérida, Yuc., Mexico","tourist_attraction,park,point_of_interest,establishment"
ChIJm9SiOwpxVo8RA0od0Mo2XWs,Parque Azcorra,20.952144399999998,-89.6028996,4.4,1414,"x 246 y 71-A Calle 24, Azcorra, 97177 Mérida, Yuc., Mexico","park,point_of_interest,establishment"
ChIJMcK7qghxVo8ROUCaCJ4kPaI,Miraflores Park,20.9560876,-89.59695789999999,4.6,351,"C. 19 209D, Miraflores, 97179 Mérida, Yuc., Mexico","park,point_of_interest,establishment"
ChIJbQpoxldwVo8Rr-joYjBdiQM,PARQUE VERGEL III CTM,20.948942799999998,-89.57971289999999,4.4,378,"Calle 8-B 27, C. 25ᴰ 172, Vergel ÌII, Vergel Ill, 97173 Mérida, Yuc., Mexico","park,point_of_interest,establishment"
ChIJXRHifv9wVo8RDD_5mmHS8zI,Emancipación Park,20.9507205,-89.58497829999999,4.4,813,"C. 10ᶜ, Vergel II, 97173 Mérida, Yuc., Mexico","park,point_of_interest,establishment"
ChIJO3rjtgRxVo8RBuj-cgbk5BI,"Cortés Sarmiento. ""K'íiwik Cortés Sarmiento"" Park",20.961565000000004,-89.5931803,4.4,288,"C. 63ᴮ 221, Cortés Sarmiento, 97168 Mérida, Yuc., Mexico","park,point_of_interest,establishment"
ChIJtVAkY1FwVo8RIbyaHBqCF4I,San Antonio Kaua II Park,20.942071000000002,-89.5825792,4.3,643,"Por 71 y 73, C. 64ᴬ, San Antonio Kaua II, 97195 Mérida, Yuc., Mexico","park,community_center,event_venue,point_of_interest,service,establishment"
ChIJw2kMOPxwVo8RwrHF76e7NSk,Vergel Park,20.957463399999998,-89.58475899999999,4.3,279,"Calle 17, Col.Paseos de Vergel, Ricardo Flores Magón, 97173 Mérida, Yuc., Mexico","park,tourist_attraction,point_of_interest,establishment"
ChIJPcidlPhwVo8Rb2lAWrrce8Q,Emancipacion Park,20.951594399999998,-89.58095829999999,4.2,88,"Entre 21 B Y 21 A, C. 8D, Vergel Ill, 97176 Mérida, Yuc., Mexico","park,point_of_interest,establishment"
ChIJ3cFyE7JxVo8RHsKmmrYQ-xc,arqueologico Park,20.9372349,-89.5911102,4.5,576,"C. 48 485, Reparto Granjas, 97198 Mérida, Yuc., Mexico","park,point_of_interest,establishment"
ChIJreVJ5KdxVo8RNUw2GzE09O4,Morelos Oriente Park,20.9487055,-89.5971533,4.5,133,"Esq Calles 20 y 22, C. 79, Morelos Oriente, 97174 Mérida, Yuc., Mexico","park,point_of_interest,establishment"
ChIJw9ezoAJxVo8R6nF8fBj0fWA,Emilio Portes Gil,20.9609061,-89.5868593,4.2,153,"Emilio Portes Gil, 97167 Mérida, Yuc., Mexico","park,point_of_interest,establishment"
ChIJMU_l7J5xVo8R94R80osnYhs,tamarindos San Antonio Kaua.,20.9457318,-89.585706,4.4,28,"C. 72 525, San Antonio Kaua I, 97195 Mérida, Yuc., Mexico","park,point_of_interest,establishment"
ChIJBzqzzfdwVo8R2UDPWLKK55o,El Rey Park,20.950849899999998,-89.5758582,4.4,123,"Entre 6 A y 6 B, C. 21ᴮ, Vergel IV, 97173 Mérida, Yuc., Mexico","park,point_of_interest,establishment"
ChIJ_7s9rPlwVo8RFYfV8iqObfI,Bodas De Plata Park,20.9535122,-89.580399,4.3,221,"C. 8-B, Vergel Ill, 97176 Mérida, Yuc., Mexico","park,point_of_interest,establishment"
ChIJWQnktglxVo8R7BfwBuQMPrA,Parque LA MACARENA,20.9519386,-89.5996839,4.3,87,"Fraccionamiento La Macarena, C. 22 Diag. S/N, Azcorra, 97174 Mérida, Yuc., Mexico","park,point_of_interest,establishment"
ChIJiQfdX6FxVo8RfL280SySnsU,Football field,20.944345300000002,-89.6027672,4.2,137,"Unidad Morelos, 97190 Mérida, Yuc., Mexico","park,athletic_field,sports_activity_location,point_of_interest,establishment"
ChIJK0XeB1dwVo8R0IpcShM4r2I,Acuaparque II,20.9470669,-89.5798353,4.3,78,"C. 29 168, San Antonio Kaua II, 97195 Mérida, Yuc., Mexico","park,point_of_interest,establishment"
ChIJO-tztXFwVo8R34di2Z4pE8E,Municipio de Kanasin Main Park,20.9350853,-89.55789949999999,4.4,1878,"Calle 21 102, Centro, 97370 Mérida, Yuc., Mexico","park,point_of_interest,establishment"
ChIJK5gwZSpxVo8Rb64gBQYnLrU,Misne II Park,20.9561016,-89.5724796,4.5,236,"Misne II, Misné, 97176 Mérida, Yuc., Mexico","city_park,state_park,park,point_of_interest,establishment"
ChIJJUtfO4dwVo8RPpDxYHkWEdA,Los Encinos,20.9525918,-89.5554349,4.0,376,"Calle 23 x 4, Centro, 97370 Kanasín, Yuc., Mexico","park,point_of_interest,establishment"
ChIJ7VnQ2PZwVo8RMNiaffUbDWw,Misne Park,20.955019999999998,-89.57558,4.3,140,"C. 15ᴳ 181, Misné, 97176 Mérida, Yuc., Mexico","park,point_of_interest,establishment"
ChIJ1zwBS_NwVo8RH7_8NM41HCg,Colonia Benito Juárez Oriente. Park,20.9573681,-89.5687628,4.4,183,"Esq. con calle, C. 25ᶜ 1210, Benito Juárez Oriente, 97178 Mérida, Yuc., Mexico","park,point_of_interest,establishment"
ChIJOSQyZF9wVo8R7_GhEEqQ9q0,Vergel IV Park,20.949332,-89.57194559999999,4.3,73,"97173, C. 25ᴬ 307, Vergel IV, 97173 Mérida, Yuc., Mexico","park,point_of_interest,establishment"
ChIJiWzJbntwVo8RGcNJWSCjN5I,Santa Rosa Park,20.943123999999997,-89.5577,4.0,74,"esq.24, C. 9, Centro, 97370 Kanasín, Yuc., Mexico","park,point_of_interest,establishment"
ChIJ88uaJn5wVo8Rj6Hlf5Mbhts,"San Pedro Nohpat . ""San Pedro Nohpat K'íiwik"" Park",20.9497479,-89.5528964,4.5,48,"C. 2ᶜ x4,Centro, 97370, Centro, 97370 Kanasín, Yuc., Mexico","park,point_of_interest,establishment"
ChIJ2Ucjt1hwVo8RzWReRaFyTJE,La Reina Park,20.94912,-89.5741491,4.2,122,"Por 25C y 25C diagonal, C. 4ᴮ, Vergel IV, 97173 Mérida, Yuc., Mexico","park,point_of_interest,establishment"
ChIJFRYs7FhwVo8RQdnFs46dktI,ZARIGUEYA Park,20.9483031,-89.5749469,4.3,51,"C. 25ᴱ, Vergel IV, 97173 Mérida, Yuc., Mexico","park,point_of_interest,establishment"
ChIJ4W1iKfJwVo8Rbre6vkTSFJA,Nva. Chichen Itza Park,20.959451299999998,-89.57314679999999,4.0,53,"Entre Calles 25b y 25c, C. 20, Nueva Chichén, 97170 Mérida, Yuc., Mexico","park,point_of_interest,establishment"
ChIJ2aevDPFxVo8R8iDJLpP2nP0,Cancha San Pedro Nohpat,20.9495027,-89.55390039999999,4.6,11,"C. 22 1137, San Pedro Noh Pat, 97370 Kanasín, Yuc., Mexico","park,point_of_interest,establishment"
ChIJ7cB1QgBxVo8Rl-fnm6ToIeE,Palmas San Pedro Park,20.954633599999998,-89.55033,1.0,1,"Calle 23 374, Centro, 97370 Kanasín, Yuc., Mexico","park,point_of_interest,establishment"
ChIJQ4oYWotwVo8RL_Un8S4sDsU,Glorieta Quetzalcoatl,20.9556734,-89.5679679,4.3,7,"San Pablo Oriente, 97176 Mérida, Yuc., Mexico","park,point_of_interest,establishment"
ChIJp2vE2vZwVo8RNcWjfSbUS9o,El Vergel Park,20.9548775,-89.57613649999999,4.2,65,"Calle 15G, Misné, 97173 Mérida, Yuc., Mexico","park,point_of_interest,establishment"
ChIJoylBtGdwVo8RgM45N1dqqac,COLONIA PABLO MORENO Park,20.9399426,-89.5664809,4.0,41,"x 32 y 34, C. 15, Centro, 97370 Mérida, Yuc., Mexico","park,point_of_interest,establishment"
ChIJuynlB4F6Vo8Rq1AuLGhTo0c,Glorieta Encinos San Pedro,20.9463765,-89.5473662,3.9,51,"97370, C. 2ᶜ 453, San Pedro Noh Pat, 97370 Kanasín, Yuc., Mexico","park,point_of_interest,establishment"
ChIJcVGMbUFxVo8R4Q_KyyLfA4k,Gran Parque La Plancha,20.9782249,-89.6117489,4.8,3359,"C. 43 429, Centro, 97000 Mérida, Yuc., Mexico","park,point_of_interest,establishment"
ChIJg5AwfAlxVo8RnLUKFftdT98,Parque La Plancha,20.9734846,-89.6130756,4.7,1857,"Calle 46, Centro, 97000 Mérida, Yuc., Mexico","park,point_of_interest,establishment"
ChIJ7dD_CGZxVo8RpzKSVQU4sVk,Parque de La Mejorada,20.9683261,-89.61632709999999,4.6,9990,"C. 57, Parque de la Mejorada, Centro, 97203 Mérida, Yuc., Mexico","park,tourist_attraction,point_of_interest,establishment"
ChIJQ9qJgBBxVo8RfUHFztrkJ5Q,Parque de La Esperanza,20.965154,-89.5970548,4.4,2082,"C. 14 502, Wallis, 97169 Mérida, Yuc., Mexico","park,tourist_attraction,point_of_interest,establishment"
ChIJXa8g_A1xVo8RaYC9OwmaHqM,Parque Los Mangos,20.9616307,-89.6018119,4.4,866,"C. 24 181E, Jardines de Miraflores, 97168 Mérida, Yuc., Mexico","park,tourist_attraction,point_of_interest,establishment"
ChIJVenjKgBxVo8RXNv5_UbCuXA,la Plancha calle principal Park,20.976621100000003,-89.6123527,4.8,92,"C. 43, Centro, 97000 Mérida, Yuc., Mexico","park,point_of_interest,establishment"
ChIJ7Td-RTpxVo8R0DadduyXx4w,Adolfo López Mateos - Internacional del Niño Park,20.983598399999998,-89.6001416,4.3,246,"Calle 31B, López Mateos, 97140 Mérida, Yuc., Mexico","park,point_of_interest,establishment"
ChIJAfzG1g9xVo8RnmLSgu_8r0M,Lovers Park,20.961837,-89.5988936,4.3,370,"C. 19 135, Jardines de Miraflores, 97168 Mérida, Yuc., Mexico","park,point_of_interest,establishment"
ChIJBRI5cxlxVo8RiocuuZPl_8E,Lazaro Cardenas Park,20.969182699999998,-89.59379349999999,4.3,378,"Calle 10 S/N x Calle 25, Lázaro Cárdenas, 97219 Mérida, Yuc., Mexico","park,athletic_field,sports_activity_location,point_of_interest,establishment"
ChIJqf7vSxdxVo8R7wJpk7kl_dg,WALLIS Park,20.968294099999998,-89.59765019999999,4.4,282,"Entre Calle 29 y 29A, 14A y 16, C. 16, Wallis, 97169 Mérida, Yuc., Mexico","park,point_of_interest,establishment"
ChIJrQMbejtxVo8Rl-tcYA-ZlAs,Lázaro Cárdenas Park,20.9694048,-89.59422049999999,4.7,7,"C. 10 447, Lázaro Cárdenas, 97219 Lázaro Cárdenas, Yuc., Mexico","park,point_of_interest,establishment"
ChIJJ_3fREBxVo8Rauevp41-TQU,Lourdes Industrial Park,20.9762019,-89.6079448,4.2,190,"Por 43, Calle 38, Lourdes Industrial, 97155 Mérida, Yuc., Mexico","park,point_of_interest,establishment"
ChIJ61GHJRJxVo8RXekWKhRMHsM,media luna. Park,20.971424,-89.60480799999999,4.0,252,"C. 53 367, Chuminópolis, 97158 Mérida, Yuc., Mexico","park,point_of_interest,establishment"
ChIJafgzujxxVo8R94Nuk74tcsc,para perros Parque La Plancha Park,20.9793688,-89.61204389999999,4.5,40,"C. 43 429, Centro, 97000 Mérida, Yuc., Mexico","dog_park,park,point_of_interest,establishment"
ChIJcxbeeyRxVo8REXjiFVoSdWk,MAYAPAN II Park,20.980378299999998,-89.5941787,4.0,78,"Esquina Calle 39, C. 12, Mayapán, 97159 Mérida, Yuc., Mexico","park,point_of_interest,establishment"
ChIJmSEULkFxVo8RmXTI6PR_LgQ,"el Fenix. ""K'íiwik El Fénix"" Park",20.979556799999997,-89.60905079999999,4.2,169,"C. 40ᴬ 458A, Fénix, 97155 Mérida, Yuc., Mexico","park,point_of_interest,establishment"
ChIJbYBnXVhxVo8R_bpiASp6s-o,Plaza centro Mérida,20.967370199999998,-89.5925857,5.0,2,"Lázaro Cárdenas, 97157 Merida, Yucatan, Mexico","park,point_of_interest,establishment"
ChIJzQwEZwBxVo8RMx35NFaeSoA,Juegos infantiles La Plancha,20.9790119,-89.61048219999999,4.4,7,"Estación La Plancha 901, Centro, 97000 Mérida, Yuc., Mexico","park,point_of_interest,establishment"
ChIJt3J4vjNlVo8R2qcCbaLSK-o,Parque de San Antonio Tehuitz,20.9005491,-89.52060039999999,4.0,2,"WF2H+6Q, 97376 San Antonio Tehuitz, Yuc., Mexico","park,point_of_interest,establishment"
ChIJiwz0J-h7Vo8RXwH3Bp11N6E,Gran San José Kanasín Park,20.9221588,-89.5393564,4.4,39,"C. 8-B 126, 97370 Kanasín, Yuc., Mexico","park,point_of_interest,establishment"
ChIJh0Io7JJ7Vo8R8c13OJVyUEQ,Fraccionamiento Alameda Park,20.9295653,-89.5379317,4.3,15,"C. 15 201, Alameda parque residencial, 97370 Kanasín, Yuc., Mexico","park,point_of_interest,establishment"
ChIJNcp9kLp7Vo8RGv8-zTtTnXQ,Arboleda Park,20.9315286,-89.54496689999999,4.0,79,"Calle 8-C 71B, Jardines de Mulchechen, fraccionamiento La Arboleda, 97370 Kanasín, Yuc., Mexico","city_park,park,point_of_interest,establishment"
ChIJEc-DOHVwVo8RD01qyoIZfWA,RECREATICO DEL FRACCIONAMIENTO VIVAH Park,20.9272222,-89.5508333,4.0,103,"Por Calle 1 y 2, Vivah, 97370 Kanasín, Yuc., Mexico","park,point_of_interest,establishment"
ChIJb1XpI556Vo8RbnYfu5KDF6Q,PARQUE RECREATIVO DEL FRACCIONAMIETO RESIDENCIAL,20.930096799999998,-89.54930890000001,4.3,124,"C. 19 s/n, Jardines de Mulchechen, Residencial, 97370 Kanasín, Yuc., Mexico","park,point_of_interest,establishment"
ChIJvatW-6F7Vo8RIQEBcSf80mM,Capilla 3 Cruces Park,20.9246685,-89.5474832,4.6,8,"Jardines de Mulchechen, Sta Rosa, 97370 Kanasín, Yuc., Mexico","park,point_of_interest,establishment"
ChIJQVpsCnZwVo8R-MVdh3FgpBY,Fracc. Finca de Kanasin Park,20.9323124,-89.55090899999999,4.0,102,"x 19 y 17A, Calle 12-C S/N, la finca de, La Finca, 97370 Kanasín, Yuc., Mexico","park,point_of_interest,establishment"
ChIJUUp0WwB7Vo8RKOk_x-6wSRA,La Santa de cordelias Park,20.9378691,-89.5482895,5.0,3,"Centro, 97370 Kanasín, Yuc., Mexico","park,point_of_interest,establishment"
ChIJbcv0RQB7Vo8RIxqrw6a-XX4,Despertares Park,20.9162282,-89.54222469999999,5.0,1,"C. 23 C 131, 97370 Kanasín, Yuc., Mexico","park,point_of_interest,establishment"
ChIJZdXlYxJxVo8RjMpzUKNjRg0,kinder..JEP Park,20.9247703,-89.5517284,,0,"C. 4, Vivah, 97370 Kanasín, Yuc., Mexico","park,point_of_interest,establishment"
ChIJVVVF6XVwVo8RTSx6kkwpAjk,Chimenea Park,20.931122,-89.5506845,,0,"Centro, 97370 Kanasín, Yuc., Mexico","park,point_of_interest,establishment"
ChIJi_rlLRV7Vo8Rwtbi25M7PXA,Hacienda Teya - Parque Principal,20.9362756,-89.5233225,4.5,51,"C 55 x 54 Y 60 S/N 97374 Hacienda, 97374 Teya, Yuc., Mexico","park,point_of_interest,establishment"
ChIJ7ZITHhp7Vo8RRISRQ9DNdEM,Amaneceres 2 Park,20.960656,-89.52593,4.6,28,"C. 18C, 97370 Kanasín, Yuc., Mexico","park,point_of_interest,establishment"
ChIJ3SWRJwB7Vo8R031V3POcEkw,Fraccionamiento Oasis de Oriente Central Park,20.9493802,-89.5397869,4.8,10,"Residencial OASIS DE ORIENTE, 97370 Kanasín, Yuc., Mexico","park,point_of_interest,establishment"
ChIJc1SMhLp7Vo8RNJlhu0-5P5s,Puerta paraíso Park,20.9493589,-89.5423964,2.4,8,"C. 23-H, 97370 Kanasín, Yuc., Mexico","school,educational_institution,park,point_of_interest,establishment"
ChIJH_qEH3t7Vo8RGTVSTDBi-Iw,Amaneceres 1 Park,20.9608407,-89.52925049999999,4.2,5,"C. 67 B, Fraccionamiento Amaneceres, 97370 Kanasín, Yuc., Mexico","park,point_of_interest,establishment"
ChIJmWgM-0F7Vo8R8GBbboNtjeo,Balche Park,20.9463217,-89.54068749999999,5.0,1,"Calle 10, Polígono San Pedro, 97370 Kanasín, Yuc., Mexico","park,point_of_interest,establishment"
ChIJ0RjgRMl7Vo8RdlMNsvN_jhg,Parque.,20.9603018,-89.5343695,4.4,34,"Kanasín Municipality, 97370 Kanasín, Yucatan, Mexico","park,point_of_interest,establishment"
ChIJLxkqfgB7Vo8RVHW6cEtstPk,Glorieta Las Palmas Yucatan,20.9594095,-89.5331112,3.0,1,"XF58+QQ, 97370 Kanasín, Yucatan, Mexico","park,point_of_interest,establishment"
ChIJ33XoRsd7Vo8RgqkcZqhD-eE,Área de juegos infantiles real San pedro,20.950784799999997,-89.5439638,,0,"Kanasín Municipality, 97370 Kanasín, Yucatan, Mexico","park,point_of_interest,establishment"
ChIJEbpKVyN7Vo8RnRKovFOt01Q,Con Area De Juego. Park,20.9577414,-89.53423169999999,4.2,21,"Kanasín Municipality, 97370 Kanasín, Yucatan, Mexico","park,point_of_interest,establishment"
ChIJZ9uRSAB7Vo8R-Epnx4XeWdM,Vía Uman Park,20.9582858,-89.5324424,4.5,2,"XF59+63, 97370 Kanasín, Yucatan, Mexico","park,point_of_interest,establishment"
ChIJb_eRSwB7Vo8RZ3d3HnlUgAM,Glorieta oasis de oriente,20.9480304,-89.54025329999999,,0,"97370 Kanasín, Yucatan, Mexico","park,point_of_interest,establishment"
ChIJcRpLFgB7Vo8RZJmVSigakY0,X'KANLOL,20.9456426,-89.5404776,,0,"WFW5+7P, 97370 Kanasín, Yucatan, Mexico","park,point_of_interest,establishment"
ChIJa-cmdQB7Vo8RKTkkZPAM3uM,Maculis Park,20.9456952,-89.5409899,,0,"97370 Kanasín, Yucatan, Mexico","park,point_of_interest,establishment"
ChIJvSonhehwVo8RXB3ebxk4fXM,La Tortuga Park,20.970354,-89.57739269999999,4.4,1051,"C. 46 648, Pacabtún, 97160 Mérida, Yuc., Mexico","park,point_of_interest,establishment"
ChIJRzX9ledwVo8RePpzZun8gwE,El Pez Volador Park,20.9723866,-89.5792594,4.4,976,"X 50 T y 46, Calle 41, Pacabtún, 97160 Mérida, Yuc., Mexico","park,tourist_attraction,point_of_interest,establishment"
ChIJAUshg-FwVo8RjTicOzXxQwI,Fraccionamiento del Parque,20.968791,-89.5857147,4.6,4208,"Calle 10 s/n x 55 y 57, Fraccionamiento del Parque, 97160 Mérida, Yuc., Mexico","park,playground,point_of_interest,establishment"
ChIJgwnVy8NwVo8RGKgJgZFV6SM,Los Reyes Park,20.978000299999998,-89.57484439999999,4.3,829,"Entre Calles 38 y 40, C. 19 503-A, Los Reyes, 97156 Mérida, Yuc., Mexico","park,point_of_interest,establishment"
ChIJq5UBre1wVo8RD7LxXcy4s8w,"""AMALIA SOLORZANO"" Park",20.9648622,-89.5714316,4.3,585,"Por 17 y 19, C. 18, Amalia Solorzano, 97175 Mérida, Yuc., Mexico","park,point_of_interest,establishment"
ChIJ07f8Ue5wVo8Ro1U5jwyH-iI,CHAC MOOL Park,20.9646525,-89.5753403,4.5,292,"Calle 17 por 16A y 16, Chichén Itzá, 97170 Mérida, Yuc., Mexico","park,point_of_interest,establishment"
ChIJ-cfX88VwVo8RclybBvsMLmE,EMILIANO ZAPATA EAST,20.9853949,-89.5745812,4.3,233,"Calle 20 x 37 y calle 39, C. 42 307, Emiliano Zapata Oriente, 97144 Mérida, Yuc., Mexico","park,point_of_interest,establishment"
ChIJO4bv4-9wVo8REqG7Y9G7KTU,CRUZ BAQUEIRO Park,20.9623813,-89.5772094,4.2,103,"C. 18, Chichén Itzá, 97170 Mérida, Yuc., Mexico","park,point_of_interest,establishment"
ChIJ34tC0OhwVo8RcK1GO1JFkPo,Cristo Rey Park,20.9685816,-89.57558940000001,4.5,161,"Por la 42, C. 57, Fidel Velázquez, 97166 Mérida, Yuc., Mexico","park,point_of_interest,establishment"
ChIJkcKAXutwVo8Ryw1lVJtJ5wM,FISCALIA Park,20.968105299999998,-89.5696258,3.9,36,"ESQUINA 65, C. 22 SN, Fidel Velázquez Segunda Etapa, 97166 Mérida, Yuc., Mexico","park,point_of_interest,establishment"
ChIJxeYCIutwVo8RuCr0kK9iCNo,LAS FLORES Park,20.9704525,-89.5695205,4.2,73,"C. 55, Fidel Velázquez Segunda Etapa, 97166 Mérida, Yuc., Mexico","park,point_of_interest,establishment"
ChIJ7dPE29pwVo8ROn3qP6uEngc,PHEASANT AND DEER,20.9831616,-89.5789235,4.0,162,"C. 34ᴬ, Emiliano Zapata Oriente, 97144 Mérida, Yuc., Mexico","park,point_of_interest,establishment"
ChIJ2WgS7uVwVo8Ri7zwc9lzmsI,Parque Pacabtún,20.9668033,-89.578864,4.5,145,"C. 67, Pacabtún, 97160 Mérida, Yuc., Mexico","park,point_of_interest,establishment"
ChIJvQG3leFwVo8Rk3EQVzu2Na0,Recreativo de Oriente Park,20.969386200000002,-89.5860929,4.6,1799,"C. 55 671, Fraccionamiento del Parque, 97160 Mérida, Yuc., Mexico","state_park,park,point_of_interest,establishment"
ChIJpTv8mt5wVo8R09Va5rGuENQ,AVILA CAMACHO LA CANCHA Park,20.9776071,-89.58305999999999,4.2,235,"C. 4, Manuel Ávila Camacho, 97159 Mérida, Yuc., Mexico","park,point_of_interest,establishment"
ChIJP_HePx1xVo8RADhBR9pjuag,Arco Iris Park,20.963566999999998,-89.5887443,4.1,156,"C. 20 630, Emilio Portes Gil, 97167 Mérida, Yuc., Mexico","park,point_of_interest,establishment"
ChIJnTjCculwVo8RqP86hCkwgpE,"""LA CROC"" Park",20.9702412,-89.5745601,4.3,46,"C. 53 Supermanzana x40, Fidel Velázquez, 97166 Mérida, Yuc., Mexico","park,point_of_interest,establishment"
ChIJGeEvHwBxVo8RejrdDrkOrgU,Col. CHICHEN ITZA Park,20.963982599999998,-89.5803918,4.5,4,"Chichén Itzá, 97170 Mérida, Yuc., Mexico","park,point_of_interest,establishment"
ChIJKei88sFwVo8ReL5LEEyMPYU,"Cancha De Futbol ""Salvador Alvarado Oriente""",20.975386000000004,-89.5727927,3.9,46,"Salvador Alvarado Oriente, 97166 Mérida, Yuc., Mexico","park,point_of_interest,establishment"
ChIJCbH8pKJwVo8R6riFWhivtO8,Parque San Camilo,20.974774099999998,-89.5590234,4.0,214,"C. 37 298, San Camilo, 97370 Kanasín, Yuc., Mexico","park,point_of_interest,establishment"
ChIJq_Krdp9wVo8RZlVtyGYwZbE,LA UNION Park,20.9728258,-89.5524026,4.1,107,"C 51 X 2A, C. 49 B, San Camilo, 97370 Mérida, Yuc., Mexico","park,point_of_interest,establishment"
ChIJ5yNG5Ap6Vo8RCmLUsmB-xkE,Fraccionamiento Puerta Del Sol Park,20.9758832,-89.54780869999999,3.8,238,"97370 Kanasín, Yucatan, Mexico","park,point_of_interest,establishment"
ChIJTx4uQQBxVo8RkHDPNkKwksU,Privado Esmeralda Residencial 2 Park,20.9864089,-89.5497712,4.8,6,"97306 Merida, Yucatan, Mexico","park,point_of_interest,establishment"
ChIJ-d_-p5ZxVo8ReZ17LHwth2M,Privado Esmeralda Residencial Park,20.9839757,-89.5509775,5.0,3,"C. 180, 97306 Mérida, Yuc., Mexico","park,point_of_interest,establishment"
ChIJEdlfIXd6Vo8RrSs7fDe2jhA,"Glorieta Villas Oriente. ""Kúuchil koonol Lak'in Villas """,20.9646002,-89.5460033,4.2,124,"C. 8 225c, Villas de Oriente, 97370 Kanasín, Yuc., Mexico","park,point_of_interest,establishment"
ChIJndnON51wVo8RacocW-h6iAQ,Glorieta Alamos East,20.962590199999998,-89.55099489999999,3.8,25,"C. 65-F 321, Centro, 97370 Kanasín, Yuc., Mexico","park,point_of_interest,establishment"
ChIJ8d151JtwVo8Rab1X0zpDgcQ,"Flor De Mayo ""VecinosUnidos"" Park",20.967658,-89.5565759,4.2,44,"C. 4-C 419, Flor de Mayo, 97370 Kanasín, Yuc., Mexico","park,point_of_interest,establishment"
ChIJzSSnDj97Vo8RoPlyteQ0vAQ,"Villas Amanecer. ""Píik'il villas k'íiwik"" Park",20.9654233,-89.5431031,4.5,34,"97370 Kanasín, Yucatan, Mexico","park,point_of_interest,establishment"
ChIJB4ivJgBxVo8RMixTMn5yNDA,Melchor Ocampo - Kanasín Park,20.973177099999997,-89.56193669999999,,0,"Melchor Ocampo, 97165 Mérida, Yuc., Mexico","park,point_of_interest,establishment"
ChIJtdnhAwBxVo8RBavBl2x4S_Y,El ceibo,20.9614841,-89.5530181,5.0,1,"Francisco Villa Oriente, 97370 Mérida, Yuc., Mexico","park,point_of_interest,establishment"
ChIJsX3lYw56Vo8R6DSLC0fJr0g,Glorieta Los Heroes 1,20.9809293,-89.5424366,4.2,20,"97370 Merida, Yucatan, Mexico","park,point_of_interest,establishment"
ChIJOU12QU17Vo8RQ0bNNwKCfKA,Casa Sánchez,20.965863799999997,-89.5416631,,0,"97370, Villas amanecer, 97370 Mérida, Yuc., Mexico","park,point_of_interest,establishment"
ChIJaaandQBxVo8R52cAUy_L8oM,privado para perros Esmeralda Residencial Park,20.984830199999998,-89.5507682,4.3,6,"C. 141 948, entre 182 y 186, Residencial Esmeralda, 97306 Mérida, Yuc., Mexico","dog_park,park,point_of_interest,establishment"
ChIJ8SMg3SZ7Vo8R9zO2w9ae_jI,Villas Amanecer C-65,20.965404799999998,-89.5453495,4.0,1,"Villas de Amanecer, 97370 Kanasín, Yuc., Mexico","park,point_of_interest,establishment"
ChIJeUtWxKRwVo8Rcm597jOYyLI,Glorieta Carta Clara,20.9819414,-89.55843229999999,3.7,15,"Sin Nombre de Col 6, 97306 Mérida, Yuc., Mexico","park,point_of_interest,establishment"
ChIJheSCFAB7Vo8RUCuKm1CXvlo,Los Héroes Merida Park,20.9822676,-89.5451818,,0,"C. 147 813, Los Héroes, 97306 Mérida, Yuc., Mexico","park,point_of_interest,establishment"
ChIJI9ln4Hl6Vo8RbCSdy52yAUA,Glorieta De Guadalupe,20.9618444,-89.54615749999999,3.8,16,"C. 6 252, Villas de Oriente, 97370 Kanasín, Yuc., Mexico","park,point_of_interest,establishment"
ChIJkeXxHhB6Vo8RfxsRDejB6bE,"Glorieta ""May""",20.9845008,-89.5402415,4.8,16,"Los Héroes, 97306 Mérida, Yuc., Mexico","park,point_of_interest,establishment"
ChIJMWeddAB7Vo8RqkYUTelLN14,Área Verde Puerta Del Sol,20.9744511,-89.54804299999999,,0,"Área verde fraccionamiento, C. 2F 289-depto 24, 97370 Kanasín, Yuc., Mexico","garden,park,point_of_interest,establishment"
ChIJS_KVUjFxVo8RwmUB8vbDS6o,Parque de la Alemán,20.9913667,-89.6014691,4.7,12337,"Calle 21 281F, Miguel Alemán, 97148 Mérida, Yuc., Mexico","park,tourist_attraction,point_of_interest,establishment"
ChIJq3V6sC1xVo8R758MGNGKGdQ,Glorieta Cri-Cri,20.9939593,-89.5950273,4.4,272,"Por Calle 14 y 12, C. 27, San Miguel, 97140 Mérida, Yuc., Mexico","park,monument,point_of_interest,establishment"
ChIJHdqhdNdwVo8R4_k4w3isWSE,Parque de Brisas El Triángulo,20.9873251,-89.5848427,4.5,735,"C. 26 Diag. 296, Las Brisas, 97144 Mérida, Yuc., Mexico","park,point_of_interest,establishment"
ChIJS_ynB9RwVo8RAUH5xapNFqk,Parque Hundido de Brisas,20.9918825,-89.58326149999999,4.2,667,"C. 39 430-x36, Brisas del Nte., 97144 Mérida, Yuc., Mexico","park,tourist_attraction,point_of_interest,establishment"
ChIJAVTKdtV2Vo8RXIb1wO-5TyA,Las Flores Park,21.0004776,-89.5882838,4.6,183,"Jardines de Mérida, 97135 Mérida, Yuc., Mexico","park,point_of_interest,establishment"
ChIJkfEI59V2Vo8RO7kactERotA,Deportivo field of Diaz Ordaz,21.003479799999997,-89.5884131,4.1,159,"Calle 7, Díaz Ordaz, 97138 Mérida, Yuc., Mexico","park,point_of_interest,establishment"
ChIJ81hfns52Vo8R6yF_bKxD6mQ,PRADO NORTE Park,21.0041253,-89.60021859999999,4.4,178,"C. 13ᴬ, Prado Nte., 97139 Mérida, Yuc., Mexico","park,point_of_interest,establishment"
ChIJ-bjjSy1xVo8Rd1iLMirHZkg,Parque la Amistad,20.9975177,-89.5959724,4.5,348,"C. 19, Jardines de Mérida, 97130 Mérida, Yuc., Mexico","park,point_of_interest,establishment"
ChIJiWVGbjNxVo8Rby6WlahWVL4,Parque Felipe Carrillo Puerto,20.9957635,-89.6008373,4.3,529,"C. 11 64, Felipe Carrillo Puerto, 97136 Mérida, Yuc., Mexico","park,tourist_attraction,point_of_interest,establishment"
ChIJt3omxtJwVo8RsXobjF5rpCA,fraccionamiento Nuevo Yucatan Park,20.9970695,-89.5794253,4.6,241,"Nuevo Yucatán, 97147 Mérida, Yuc., Mexico","park,point_of_interest,establishment"
ChIJ88hKw81wVo8R9BoMc-VTJXs,Acrobatico Park,20.9925517,-89.5766069,4.3,271,"C. 30ᴮ x 23, Itzimná 108, 97143 Mérida, Yuc., Mexico","park,point_of_interest,establishment"
ChIJNYjxOmhxVo8R9Y2JuQMOQgU,Glorieta De Brisas,20.9851141,-89.58927740000001,4.1,60,"Las Brisas, 97144 Mérida, Yuc., Mexico","park,point_of_interest,establishment"
ChIJ04BKXipxVo8RSRQL2BOZp2M,SAN NICOLAS Ayuntamiento de Merida Park,20.994679899999998,-89.5887348,4.4,207,"C. 50ᶜ, San Nicolás Nte, 97147 Mérida, Yuc., Mexico","park,point_of_interest,establishment"
ChIJ-flQ1c9wVo8R1b7fYOAf-LU,Vicente Guerrero Park,20.9886542,-89.57829439999999,4.3,200,"Por calle 27, C. 38, Vicente Guerrero Oriente, 97143 Mérida, Yuc., Mexico","park,point_of_interest,establishment"
ChIJEfNEyNFwVo8RDBzGXaFjdnY,LAS TORRES Park,20.989672199999998,-89.57900680000002,3.9,69,"Por Calle 31 A por 30ᴬ, Polígono 108, 97143 Mérida, Yuc., Mexico","park,point_of_interest,establishment"
ChIJ4fsos9dwVo8R6ojjAd0Tj2c,Parque San Juan Grande,20.9883243,-89.58594839999999,4.2,107,"Calle 41 251, San Juan Grande, 97145 Mérida, Yuc., Mexico","park,point_of_interest,establishment"
ChIJg3qrsTZxVo8RIGbVCGSoi_I,Skate Park,20.9910653,-89.6021317,4.5,344,"C. 26 283, Miguel Alemán, 97148 Mérida, Yuc., Mexico","park,point_of_interest,establishment"
ChIJKT8cFdN2Vo8RVETiDXPyhRs,Margarita Maza Park,20.999728599999997,-89.5934477,4.4,40,"por 68, Calle 17, Jardines de Mérida, 97130 Mérida, Yuc., Mexico","park,point_of_interest,establishment"
ChIJT9EGL7ZwVo8R3DlhNpxCfm0,Polígono CTM Park,20.989746,-89.56776669999999,4.3,883,"Calle 16, C. 31ᴬ &, CTM, 97142 Mérida, Yuc., Mexico","park,point_of_interest,establishment"
ChIJ4SIjasxwVo8RfrMzpWWXniI,LA BIBLIOTECA Park,20.9936832,-89.57443529999999,4.4,330,"Por 27A y 27B, C. 26ᶜ, Itzimná 108, 97143 Mérida, Yuc., Mexico","park,point_of_interest,establishment"
ChIJebFc_jZ3Vo8Rrc-FHgdkpJ0,Parque de San Pedro Cholul,21.006614799999998,-89.5711899,4.5,249,"Calle 24 179, San Pedro Cholul, 97138 Mérida, Yuc., Mexico","park,point_of_interest,establishment"
ChIJf5rvTDJ3Vo8Rsl-18ukulhU,Campanita Park,21.001788299999998,-89.5758022,4.5,149,"X 29 y 31, C. 40ᴬ, Los Pinos, 97138 Mérida, Yuc., Mexico","park,point_of_interest,establishment"
ChIJ1zj5yjR3Vo8RrC3fZMHMLbw,La Xtabay Park,20.998003,-89.57201570000001,4.3,1159,"Calle 17 Diagonal 338, Itzimná 108, 97143 Mérida, Yuc., Mexico","park,point_of_interest,establishment"
ChIJK9gFRlN3Vo8RGDwCG_ZOxHk,CHICHI SUAREZ Park,20.998705299999997,-89.555217,4.4,702,"C. 35 149, Chichí Suárez, 97306 Mérida, Yuc., Mexico","park,point_of_interest,establishment"
ChIJJeb8Cw13Vo8ReSOO66l4cdE,San Pedro Cholul Park,21.006411,-89.57056999999999,4.8,8,"C. 22 176, San Pedro Cholul, 97138 Mérida, Yuc., Mexico","park,point_of_interest,establishment"
ChIJD6yxNclwVo8RBsT1zCah_cw,TORRES MESIAS Park,20.9900991,-89.5732434,4.3,147,"por 29A, C. 22, Polígono 108, 97143 Mérida, Yuc., Mexico","park,point_of_interest,establishment"
ChIJkc3imEl3Vo8RTA-EyF0m50w,PINOS DEL NTE. Park,21.005195399999998,-89.566544,4.3,110,"C. 16ᴬ Diag. 23, Pinos del Nte., 97138 Mérida, Yuc., Mexico","park,point_of_interest,establishment"
ChIJv-YxXUp3Vo8RKAd809waNrA,"""Santa Maria"" Park",21.0012449,-89.56741079999999,4.2,97,"Calle 12, por 29 y 31, Sta Maria Chuburná, 97138 Mérida, Yuc., Mexico","park,point_of_interest,establishment"
ChIJE9ry1LZwVo8RcfK2A0ypGNo,SAN VICENTE,20.9891315,-89.5640303,4.4,84,"C. 31ᴮ, San Vicente Oriente, 97142 Mérida, Yuc., Mexico","park,point_of_interest,establishment"
ChIJP3vYy8hwVo8RcXT3ciVzido,"polígono 108 ""La Croc"" Park",20.987700699999998,-89.5732592,4.2,84,"97143, C. 20ᴬ 310, Polígono 108, 97143 Mérida, Yuc., Mexico","park,point_of_interest,establishment"
ChIJFzYipLZwVo8RnIbMClGno2Y,JIMENES TRAVA Park,20.9915402,-89.56503359999999,4.1,77,"por 12 y 14, Calle 27A 7A, Poligono CTM, 97144 Mérida, Yuc., Mexico","park,point_of_interest,establishment"
ChIJnT2Bhs1wVo8RA7iuPT_n2J0,Brisas del Bosque Park,20.9939759,-89.5775893,4.4,100,"C. 48, Brisas del Bosque, 97143 Mérida, Yuc., Mexico","park,point_of_interest,establishment"
ChIJz8WnNc5wVo8R-VNqJhMlk-U,CANACINTRA Park,20.989082099999997,-89.5769844,4.0,26,"Calle 33 Por Calle 26B, Polígono 108, 97143 Mérida, Yuc., Mexico","park,point_of_interest,establishment"
ChIJcRN5pmFxVo8RQLK3EXl6S4E,Bioparque bepensa,20.9854275,-89.5618544,3.8,5,"Sin Nombre de Col 6, 97306 Mérida, Yuc., Mexico","park,point_of_interest,establishment"
ChIJOT7k3MRxVo8RJNkd2O9ZA6s,Skate Park,20.9922213,-89.5766695,3.0,2,"C. 31 Diag. 432, Brisas del Bosque, 97143 Mérida, Yuc., Mexico","park,point_of_interest,establishment"
ChIJ3Shxhq92Vo8RW5KoTLfIvhU,Parque San Juanistas,21.0097222,-89.61805559999999,4.6,1177,"Av Campestre 972120, entre 5 y 7, Campestre, 97120 Mérida, Yuc., Mexico","city_park,park,point_of_interest,establishment"
ChIJUXVWY892Vo8R8Se7p9ydFjU,La Juventud Park,21.0096097,-89.5997481,4.5,286,"C. 2, Residencial Montecristo, 97133 Mérida, Yuc., Mexico","park,point_of_interest,establishment"
ChIJvffNusJ2Vo8R2NalVljRzHw,Kalia Park,21.0207915,-89.5976421,4.6,389,"10 C. 22 280B, Monterreal, 97133 Mérida, Yuc., Mexico","park,point_of_interest,establishment"
ChIJuZjOLbx2Vo8RfQuwHS-bU9M,VILLAS HACIENDA Park,21.018465499999998,-89.61149909999999,4.6,194,"Con calle 45, C. 57, Villas la Hacienda, 97119 Mérida, Yuc., Mexico","park,point_of_interest,establishment"
ChIJfT5gqMh2Vo8R0c_CO6ABveg,"Glorieta Montecristo ""El centrito"". "" Centrito k'íiwik """,21.009663399999997,-89.6021104,4.6,7,"C. 22 59, Residencial Montecristo, 97133 Mérida, Yuc., Mexico","park,point_of_interest,establishment"
ChIJx0QjbUl3Vo8RLU7KJKJwZ00,Dog Park,21.0089012,-89.6002261,4.7,53,"C. 16 16, San Antonio Cinta, 97139 Mérida, Yuc., Mexico","park,point_of_interest,establishment"
ChIJDbV_ktl2Vo8RASfvockzGpo,VIFAC Park,21.011469299999998,-89.59159650000001,4.4,148,"C. 2ᴮ 90-84, Residencial Montecristo, 97133 Mérida, Yuc., Mexico","park,point_of_interest,establishment"
ChIJc3hJSNt2Vo8Rz0yNkGJYInU,Montecristo Park,21.0143737,-89.5964439,4.3,59,"97133, C. 11 152, Residencial Montecristo, 97133 Mérida, Yuc., Mexico","park,point_of_interest,establishment"
ChIJlRfQ21x3Vo8RNbjkQfUMFk8,"""Cámara de Comercio Norte"" Montecarlo Park",21.018471500000004,-89.5902124,4.8,13,"C. 22 301, Residencial Cámara de Comercio Nte., 97133 Mérida, Yuc., Mexico","park,point_of_interest,establishment"
ChIJbVraKex2Vo8R4-WGqlLLTgQ,"Montebello II Park. ""Montebello 2 k'íiwik""",21.030170100000003,-89.60164329999999,4.3,90,"Calle 24 314B, Montebello, 97113 Mérida, Yuc., Mexico","park,point_of_interest,establishment"
ChIJ-Yc4YQB3Vo8Rq0vpq17ulf0,Divina Misericordia Park,21.0260764,-89.6064462,5.0,1,"C. 39 247, San Ramón Nte, 97117 Mérida, Yuc., Mexico","park,point_of_interest,establishment"
ChIJHdIc-xN3Vo8RBO3x5mG4O2U,San Ramón Norte Park,21.029822400000004,-89.6071888,3.1,8,"C. 34A 299, San Ramón Nte, 97117 Mérida, Yuc., Mexico","park,point_of_interest,establishment"
ChIJ8XdiYed2Vo8R6kxlu2IJNsI,Glorieta Cabañas,21.021961,-89.5936665,4.6,23,"Residencial Montecristo, 97133 Mérida, Yuc., Mexico","park,point_of_interest,establishment"
ChIJGeE0kOl2Vo8RqakTrKD7xUs,"Park ""Sol Campestre"".",21.0237847,-89.6008964,4.3,87,"C. 43 LB, Sol Campestre, 97114 Mérida, Yuc., Mexico","park,point_of_interest,establishment"
ChIJW8u818l2Vo8RLvETmkX1fMc,Col.MEXICO NORTE Park,21.006204399999998,-89.6062175,4.3,69,"X 9A Y 11, C. 12, San Antonio Cinta III, 97139 Mérida, Yuc., Mexico","park,point_of_interest,establishment"
ChIJHZ1oged2Vo8RUPAQzECn0U4,MONTERREAL Park,21.0220414,-89.59475909999999,4.4,27,"por 31 y 33, C. 18, Monterreal, 97133 Mérida, Yuc., Mexico","park,point_of_interest,establishment"
ChIJ73KuUMh2Vo8RwcgLxNf1Pms,San Antonio Cinta Park,21.0075407,-89.6042872,4.3,40,"97100, Calle 9 122, San Antonio Cinta, 97139 Mérida, Yuc., Mexico","park,point_of_interest,establishment"
ChIJTYCsVwB3Vo8R3Jogx9-HAKQ,Colonia Mexico Park,21.009031099999998,-89.6074654,4.8,4,"C. 32 61, San Antonio Cinta, 97139 Mérida, Yuc., Mexico","park,point_of_interest,establishment"
ChIJS0jKBMh2Vo8R3FcBr4MlDRc,Residencial Col.Mexico Park,21.0090687,-89.6059989,4.3,36,"Por 14a y 14e, C. 3ᴬ, Jardines del Nte, 97128 Mérida, Yuc., Mexico","park,point_of_interest,establishment"
ChIJyX83rjx3Vo8Ry5ktfEEaxlI,"Colonia Maya. ""Colonia Maaya k'íiwik "" Park",21.0158698,-89.5769583,4.3,365,"C. 26 530, Maya, 97134 Mérida, Yuc., Mexico","park,point_of_interest,establishment"
ChIJYcVF2xZ3Vo8RB-BtJmWD3wA,Vista Alegre Norte Park,21.0260598,-89.57523700000002,4.5,362,"C. 8-A entre Calle 3-A, Vista Alegre Nte, 97130 Mérida, Yuc., Mexico","park,point_of_interest,establishment"
ChIJBxGFhnN3Vo8RJiO2qdY5Ya0,jardines del norte I Park,21.0141706,-89.5689921,4.6,184,"C. 20 J 238, Jardines del Nte., 97138 Mérida, Yuc., Mexico","park,point_of_interest,establishment"
ChIJ6XzVnS53Vo8RBTM3Uf_g99A,Los Pinos,21.004865499999998,-89.5788429,4.5,147,"C. 21 Diag. x 42, Residencial, Los Pinos, 97138 Mérida, Yuc., Mexico","park,point_of_interest,establishment"
ChIJRxETOCd3Vo8RefjHYJ-DGAM,TABENTHA Park,21.015234799999998,-89.5869884,4.5,1471,"Av. Cámara de Comercio, Residencial Montecristo, 97130 Mérida, Yuc., Mexico","park,tourist_attraction,point_of_interest,establishment"
ChIJb7Y3LS53Vo8RFxZg6k2DSNo,Florida Pines Park,21.006545799999998,-89.5790699,4.2,155,"336 Calle 21 esquina con 19, La Florida, 97138 Mérida, Yuc., Mexico","park,point_of_interest,establishment"
ChIJC2qBVRl3Vo8RhZBHSCNIdks,Parque Montecarlo,21.0276168,-89.5825749,4.4,236,"C. 25, Montecarlo, Sin Nombre de Col 26, 97130 Mérida, Yuc., Mexico","park,point_of_interest,establishment"
ChIJIwIiFi93Vo8Rn4KCLyltJac,Del Arco,21.0078048,-89.581572,4.5,56,"Calle 21 x10 y 12, Residencial, Sin Nombre de Col 4, 97138 Mérida, Yuc., Mexico","park,point_of_interest,establishment"
ChIJdadtFDp3Vo8RNvr1naZMnqA,La Florida Park,21.0097056,-89.574151,4.6,110,"C. 27 248, La Florida, 97138 Mérida, Yuc., Mexico","park,point_of_interest,establishment"
ChIJoR21_z93Vo8RTJwWERBKeEU,Aguilas Park,21.0214754,-89.5689529,4.3,180,"Calle 6 X Calle 23, Maya, José María Iturralde, 97134 Mérida, Yuc., Mexico","park,point_of_interest,establishment"
ChIJlxulv_t3Vo8RC8uSDiuQ_KY,Paraiso Maya Park,21.0217194,-89.5720693,4.8,106,"Mérida Municipality, Paraiso Maya, Maya, 97134 Merida, Yucatan, Mexico","park,point_of_interest,establishment"
ChIJcyE6rCh3Vo8Rlh42O-S4qaM,Jardines Vista Alegre Park,21.0087626,-89.5825115,4.3,91,"Calle 10, C. 8A esquina, Jardines de Vista Alegre I, 97138 Mérida, Yuc., Mexico","park,point_of_interest,establishment"
ChIJgXQDLRR3Vo8RNJ7OporonMA,Las Águilas Park,21.0247933,-89.5728853,4.2,99,"Fraccionamiento José Maria Iturbide, Calle 9, José María Iturralde, 97130 Mérida, Yuc., Mexico","park,point_of_interest,establishment"
ChIJe73VcCd3Vo8RHUU9u_nW7So,LOS TAMARINDOS Park,21.0131431,-89.58675029999999,4.4,45,"X 14, C. 12 Diag., Residencial San Carlos, 97130 Mérida, Yuc., Mexico","park,point_of_interest,establishment"
ChIJs92i8Bl3Vo8RpBei8fEAlqU,"""EL TRIANGULO"" Park",21.0274487,-89.5786002,4.3,44,"Esquina 21 diagonal por 21, C. 24 S/N, Montecarlo, Sin Nombre de Col 26, 97130 Mérida, Yuc., Mexico","park,point_of_interest,establishment"
ChIJ5Y0ekEB3Vo8RL3FqW0Xgs4M,Jardines del Norte II Park,21.0179106,-89.5679789,4.2,69,"97139, C. 19 202, Jardines del Nte., 97138 Mérida, Yuc., Mexico","park,point_of_interest,establishment"
ChIJccUc_QZ3Vo8R_9plvgvx-Ks,The columpio Park | Kabah Coto 2,21.025194499999998,-89.55086949999999,4.3,15,"Gran San Pedro Cholul, 97305 Cholul, Yuc., Mexico","park,point_of_interest,establishment"
ChIJE47saYV5Vo8RET6iwNZb8XM,Noell Osorio Park,21.018823299999998,-89.54600429999999,5.0,6,"C. 45 117, Gran San Pedro Cholul, 97305 Mérida, Yuc., Mexico","park,point_of_interest,establishment"
ChIJ0fK2-F13Vo8RdYjYrk_xWoo,Glorieta De Derecho,21.0215376,-89.5547979,4.2,12,"C. 18D 274, Gran San Pedro Cholul, 97305 Mérida, Yuc., Mexico","park,point_of_interest,establishment"
ChIJTw3cCJJ3Vo8RD_8Mtjzmas4,Gran Balam Park,21.027653,-89.551481,4.3,3,"C. 33B 278, Gran San Pedro Cholul, 97305 Cholul, Yuc., Mexico","park,point_of_interest,establishment"
ChIJcyrDzdp3Vo8RpYToZrYOpig,Gardenia Park,21.0133452,-89.55136949999999,4.7,6,"C. 65-A, Residencial Floresta, 97305 Mérida, Yuc., Mexico","park,point_of_interest,establishment"
ChIJ1zFJNwB5Vo8RNph_O7HnDsE,Claudia Gabriela Park,21.0191366,-89.544938,5.0,2,"97305 Merida, Yucatan, Mexico","park,point_of_interest,establishment"
ChIJ16wY8YV3Vo8RC0aainEjmKc,las banquitas Park,21.0266185,-89.55013149999999,5.0,2,"C. 18D 203, Gran San Pedro Cholul, 97305 Mérida, Yuc., Mexico","park,point_of_interest,establishment"
ChIJA5TdGGB3Vo8R_48xgvlATZY,Parque Gran San Pedro Cholul,21.0231891,-89.551034,4.3,142,"Gran San Pedro Cholul, 97305 Cholul, Yuc., Mexico","park,point_of_interest,establishment"
ChIJBQ-eCeB5Vo8RMXnvkzlkziA,Parque,21.0214186,-89.5489356,4.1,44,"C. 39D 190, 97305 Mérida, Yuc., Mexico","park,point_of_interest,establishment"
ChIJDRlMynN5Vo8RtKdv0H6nYpg,Manuel Puerto park,21.0221131,-89.54643779999999,4.4,22,"97305 Merida, Yucatan, Mexico","park,point_of_interest,establishment"
ChIJgTINp8x3Vo8RBIg57DjxjX4,Begonia Park,21.013365,-89.5546634,5.0,1,"Residencial Floresta, 97306 Merida, Yucatan, Mexico","park,point_of_interest,establishment"
ChIJo1f2Itd5Vo8RHe9bElGhuqk,Parque Los Arbolitos,21.027006800000002,-89.5485054,3.9,9,"Gran San Pedro Cholul, 97305 Cholul, Yuc., Mexico","park,point_of_interest,establishment"
ChIJq1Jsr853Vo8RSPhydRlBnTU,El Almendro Coto 1 Tulum Park,21.0258955,-89.5522944,4.6,7,"Gran San Pedro Cholul, 97305 Cholul, Yuc., Mexico","park,point_of_interest,establishment"
ChIJU3s8Me95Vo8R2HjsLZ80JV4,Laurel Park,21.0168766,-89.54877839999999,4.5,4,"97305 Merida, Yucatan, Mexico","park,point_of_interest,establishment"
ChIJ0daaNK53Vo8RsfK4mkrRIBM,El Suspiro Park,21.022693999999998,-89.5502301,4.3,3,"Gran San Pedro Cholul, 97305 Cholul, Yuc., Mexico","park,point_of_interest,establishment"
ChIJA-y8jbh5Vo8Rw-i1MKTkS7U,"Laurel park 2, Floresta",21.0187785,-89.5488628,5.0,3,"C. 45 129, Residencial Floresta, Laurel, 97306 Mérida, Yuc., Mexico","park,point_of_interest,establishment"
ChIJBfDr3V93Vo8RbR80PD-b3cI,Glorieta Gran Yucatán,21.0211614,-89.5509999,4.3,8,"C. 16E 244, Gran San Pedro Cholul, 97305 Mérida, Yuc., Mexico","park,point_of_interest,establishment"
ChIJtXSUnsR3Vo8R0LOKfm8X6xw,PET PARK FLORESTA,21.0141645,-89.56159559999999,5.0,1,"97306 Merida, Yucatan, Mexico","park,point_of_interest,establishment"
ChIJOzK6QwB5Vo8RqQ9JDoU7Y7s,Ameba Park,21.020229699999998,-89.53948779999999,5.0,2,"2FC6+36, 97305 Merida, Yucatan, Mexico","park,point_of_interest,establishment"
ChIJESDQnQZ3Vo8RxsN5zkYfopQ,infantil salvia 57 Park,21.0144354,-89.54998640000001,,0,"Calle 63, Residencial Floresta, 97306 Mérida, Yuc., Mexico","park,point_of_interest,establishment"
ChIJnRfsYql3Vo8RiBMl8ElbSGs,"Parque, Fracc. Algarrobos",21.050569199999998,-89.5941204,4.6,21,"97305 Merida, Yucatan, Mexico","park,point_of_interest,establishment"
ChIJQ-eGaO52Vo8RnztAwqdXz_0,"Montebello. ""K'íiwik Montebello"". Park",21.0315095,-89.60051299999999,4.3,65,"Por 23, C. 22A, Montebello, 97113 Mérida, Yuc., Mexico","park,point_of_interest,establishment"
ChIJPz5zS793Vo8RUiW3z0rc5NE,"Santa Gertrudis. ""K'íiwik Santa Gertrudis"" Park",21.0399019,-89.5966524,5.0,1,"C. 7ᴮ 16, Santa Gertrudis Copo, 97305 Mérida, Yuc., Mexico","park,point_of_interest,establishment"
ChIJT_0hWlZ2Vo8RphdLcjJDQog,Glorieta Algarrobos,21.0481458,-89.5938874,4.2,19,"C. 88 600, 97305 Mérida, Yuc., Mexico","park,point_of_interest,establishment"
ChIJeUHXDD13Vo8R62FxBZsclj4,"Glorieta ""Laguna de Cuitzeo""",21.0289935,-89.58656099999999,5.0,1,"C. 18A, Col. Altabrisa, 97133 Mérida, Yuc., Mexico","park,point_of_interest,establishment"
ChIJj70PheF2Vo8RjG0H7gVqvEw,Glorieta Cobá,21.027066599999998,-89.5893548,3.9,9,"97133, C. 23 309, Col. Altabrisa, 97130 Mérida, Yuc., Mexico","park,point_of_interest,establishment"
ChIJXT6lOpt3Vo8R0Lq9FZAR2rk,Círculo de convivencia,21.0275933,-89.5829222,4.5,2,"C. 27 308, Montecarlo, Sin Nombre de Col 26, 97130 Mérida, Yuc., Mexico","park,point_of_interest,establishment"
ChIJJ18XBeF2Vo8R1DNGlDTCEDQ,Glorieta Gobierno Del Estado,21.0252922,-89.5903388,3.8,5,"Montebello, 97130 Mérida, Yuc., Mexico","park,point_of_interest,establishment"
ChIJIYL1EAB3Vo8R7ZPqY9VhnTw,palapa Algarrobos Park,21.0473882,-89.594678,,0,"C. 88A 609, 97305 Mérida, Yuc., Mexico","park,point_of_interest,establishment"
ChIJJSno_Xh3Vo8RdH8YSvR9wAs,"Cholul. ""K'íiwik Cholul"" Park",21.0425446,-89.5566315,4.6,386,"por 21 y 23, C. 20, Cholul, 97305 Cholul, Yuc., Mexico","park,point_of_interest,establishment"
ChIJqf9BdAB3Vo8RlKvmm_x1Mzw,Iglesia Cholul,21.0421576,-89.5572753,5.0,2,"Calle 22 & Calle 21, Cholul, 97305 Cholul, Yuc., Mexico","park,point_of_interest,establishment"
ChIJCaJ6GMR3Vo8RPyTFCC_CS4g,el columpio Park,21.0411724,-89.55505389999999,5.0,1,"Cholul, 97305 Cholul, Yucatan, Mexico","park,point_of_interest,establishment"
ChIJ4VGF9Rh3Vo8RY0pghNDeV2I,Arcos de la Comisaria de Cholul,21.0429142,-89.5569276,5.0,4,"C. 21 1106, Cholul, 97305 Cholul, Yuc., Mexico","park,point_of_interest,establishment"
ChIJi9jyDwB3Vo8RWPf7DV9PAQ8,Cholul,21.0413996,-89.5568448,4.0,3,"C. 23 913, Cholul, 97305 Cholul, Yuc., Mexico","park,point_of_interest,establishment"
ChIJab9sRwB3Vo8RyYi0MdzjF_k,Área infantil Parque Guadalupe,21.0418515,-89.54993669999999,,0,"C. 21-C 74A, Cholul, 97305 Cholul, Yuc., Mexico","park,point_of_interest,establishment"
ChIJgxI6v913Vo8RT1i2QiwXdTY,Glorieta y Acceso Juarez,21.0286732,-89.55710409999999,,0,"Gran San Pedro Cholul, 97305 Cholul, Yuc., Mexico","park,point_of_interest,establishment"
ChIJGfX6mx13Vo8RCxyhWLn9VFM,Estelas 4 elementos GSPC,21.0290714,-89.557861,,0,"Yucatan, Gran San Pedro Cholul, 97305 Cholul, Yuc., Mexico","park,point_of_interest,establishment"
ChIJ6xHFCwB3Vo8RzBOUXXZDjD0,Tianguis Cholul,21.041809,-89.55660739999999,,0,"C. 20 104, Cholul, 97305 Cholul, Yuc., Mexico","park,point_of_interest,establishment"
ChIJS210mGh3Vo8R20uw8jKlP6o,Glorieta Uady,21.0260802,-89.5596983,,0,"Merida - Motul 5110, Gran San Pedro Cholul, 97305 Cholul, Yuc., Mexico","park,point_of_interest,establishment"
ChIJ-V0lCAB3Vo8RHz2kyp40xyk,Penewais,21.055145900000003,-89.56507850000001,5.0,1,"Caoba 137-147, Cholul, 97305 Cholul, Yuc., Mexico","park,point_of_interest,establishment"
ChIJYZHDdgB3Vo8R-vUvE5XHV-k,Glorieta Principal de Gran San Pedro Cholul,21.0286789,-89.55736809999999,5.0,1,"2CHV+F3, Gran San Pedro Cholul, 97305 Merida, Yucatan, Mexico","park,point_of_interest,establishment"
ChIJw_rgCgB3Vo8R2IFElydH1HQ,Temozón Nte Park,21.0650896,-89.596181,3.0,3,"Carr Temozón - Chablekal, Temozon Norte, 97302 Temozón Nte., Yuc., Mexico","park,point_of_interest,establishment"
ChIJZ-XOht13Vo8RD0L3ggULzgU,Lago de La Isla Mérida,21.0558281,-89.59432679999999,4.7,41,"97305 Merida, Yucatan, Mexico","park,point_of_interest,establishment"
ChIJhbTCsG52Vo8RXY6VJ7dGGGo,Glorieta Temozón,21.0624537,-89.6115166,4.0,66,"Temozon Norte, 97302 Mérida, Yuc., Mexico","park,point_of_interest,establishment"
ChIJCWMUK_F3Vo8RXWm7JLfLCdM,La cuadritita,21.066430900000004,-89.61144259999999,,0,"C. 35 s/n, Temozon Norte, Temozón Nte, 97302 Mérida, Yuc., Mexico","park,point_of_interest,establishment"
ChIJG8iszK57Vo8RL-eUm8AskWo,| Los Héroes Public Park,20.991576,-89.5284492,4.6,233,"97306 Merida, Yucatan, Mexico","park,point_of_interest,establishment"
ChIJ4xCAUqx7Vo8R49lMyL9KzdM,Los Héroes Park,20.992411099999998,-89.5383794,4.1,110,"C. 105, Los Héroes, 97309 Mérida, Yuc., Mexico","park,point_of_interest,establishment"
ChIJf3-0BAB5Vo8Rbbu3nk8BrOw,"recreativo ""Los héroes VI"" Park",20.9996737,-89.52837079999999,4.0,22,"97306 Merida, Yucatan, Mexico","park,point_of_interest,establishment"
ChIJlT3iZQB7Vo8RGtWOOqjvwxw,"""Los Achiotes"" Park",20.993374799999998,-89.53683459999999,4.0,2,"Los Héroes, 97306 Mérida, Yuc., Mexico","park,point_of_interest,establishment"
ChIJr5bg6wV6Vo8RT9VCemq5C44,Glorieta Los Heroes 2,20.9870296,-89.54414849999999,4.3,55,"Los Héroes, 97306 Mérida, Yuc., Mexico","park,point_of_interest,establishment"
ChIJp4IHIQB7Vo8RwaDjUe86dvg,Los Héroes Merida Park,20.9873905,-89.54456119999999,4.3,3,"C. 168 703, Los Héroes, 97306 Mérida, Yuc., Mexico","park,point_of_interest,establishment"
ChIJmU910ZV7Vo8RyoBqmolnh10,Hotel casa frida,20.9891255,-89.538319,,0,"Los Héroes, 97306 Mérida, Yuc., Mexico","dog_park,park,point_of_interest,establishment"
ChIJZSAHCQB5Vo8Rb7jpWW8dnSU,retika Park,21.0000772,-89.5279262,,0,"C. 77 456, Los Héroes, 97306 Mérida, Yuc., Mexico","park,point_of_interest,establishment"
ChIJ51RnVAB7Vo8RvBDQkFOG3fo,Ruinas de las Tarántulas,20.9917466,-89.5320725,3.4,5,"C. 111 545, Los Héroes, 97306 Mérida, Yuc., Mexico","park,point_of_interest,establishment"
ChIJo0eMdAB7Vo8Rn3XfQIl-3Y4,Huerto Urbano Comunitario de Juan El Tolok - Comunidad Vecinal Los Héroes,20.9898177,-89.5399693,5.0,3,"C. 119 704, Los Héroes, 97306 Mérida, Yuc., Mexico","park,point_of_interest,establishment"
ChIJTV-kUgB7Vo8RnilwjRDbXXo,Ruinas de las Tarántulas Etapa 2,20.9916771,-89.53121759999999,,0,"C. 111 527, Los Héroes, 97306 Mérida, Yuc., Mexico","park,point_of_interest,establishment"
ChIJi6I8KAB7Vo8R3jraYb8vGas,Acceso Chichi Suarez/ Heroes,20.9909471,-89.5441816,,0,"C. 158, Los Héroes, 97306 Mérida, Yuc., Mexico","park,point_of_interest,establishment"
ChIJl4t5hB95Vo8R6I8QpBGza5c,"Sitpach. ""K'íiwik Sitpach"" Park",21.027193099999998,-89.52084579999999,4.6,80,"97306 Sitpach, Yuc., Mexico","park,point_of_interest,establishment"
ChIJX4KMEfV5Vo8RoCQNxXRlQDY,Campo Softbol Sitpach,21.0279238,-89.5204234,5.0,3,"C. 9 9, 97306 Sitpach, Yuc., Mexico","park,point_of_interest,establishment"
ChIJMQUXLQB5Vo8RxUHtE1Ftz4g,sitpach Main Park,21.0269433,-89.5213017,,0,"Parque de, 97306 Sitpach, Yuc., Mexico","park,point_of_interest,establishment"
ChIJOSnlNwB5Vo8RSuhe8RZeYLI,Dunas Park,21.0256136,-89.5352778,4.5,2,"2FG7+6V, 97305 Cholul, Yucatan, Mexico","park,point_of_interest,establishment"
ChIJb_nICwB5Vo8Rmf7q-LZIhp0,Fiora Park,21.0436674,-89.5289176,,0,"2FVC+4F, 97305 Merida, Yucatan, Mexico","park,point_of_interest,establishment"
ChIJ3004sw15Vo8RSWeNMdM7DHs,Las Tierras De Las Sopladoras Mágicas,21.0504552,-89.52309989999999,5.0,1,"Tablaje 8721, 97345 Conkal, Yuc., Mexico","park,point_of_interest,establishment"
ChIJX5bXE2Z4Vo8RQR-MsFdejQI,"Conkal. ""K'íiwik Conkal"" Main Park",21.074019,-89.52077039999999,4.6,274,"Conkal, 97345 Conkal, Yucatan, Mexico","park,point_of_interest,establishment"
ChIJDyl50EF5Vo8RCBHEW9He7UM,Cancha techada,21.0708154,-89.5109969,4.2,46,"Conkal, 97345 Conkal, Yucatan, Mexico","park,point_of_interest,establishment"
ChIJ7Qg-WAB5Vo8R3UzWUoqCU4o,jardines de Conkal 3 Park,21.067691399999998,-89.5151341,4.5,4,"Conkal, 97345 Conkal, Yucatan, Mexico","park,point_of_interest,establishment"
ChIJ4VFTDGZ4Vo8ROGHVIccItEg,Letras CONKAL,21.0736852,-89.51987489999999,4.4,44,"Conkal, 97345 Conkal, Yucatan, Mexico","tourist_attraction,park,point_of_interest,establishment"
ChIJ-cC9CGZ4Vo8Rqhkz4jVkLrs,Infantil Miguel Hidalgo y Costilla Park,21.0748887,-89.5208093,5.0,2,"Conkal, 97345 Conkal, Yucatan, Mexico","park,point_of_interest,establishment"
ChIJIbWgWIR5Vo8RZXLIMWP_9QE,Kaxek,21.0751632,-89.5167298,,0,"Unnamed Rd, Conkal, 97345 Merida, Yuc., Mexico","park,point_of_interest,establishment"
ChIJMSEKZAB5Vo8RIO21P2dImBI,conkal Main Park,21.0741441,-89.52030169999999,,0,"Conkal, 97345 Conkal, Yucatan, Mexico","park,point_of_interest,establishment"
ChIJySd5PwB5Vo8RRMDUhdyo1z4,Guadalupana Park,21.0716444,-89.5128123,,0,"Conkal, 97345 Conkal, Yucatan, Mexico","park,point_of_interest,establishment"
ChIJD9n5h5p3Vo8REb3psBBu1ts,Campo Scout - Gertrudis Rosado,21.056701099999998,-89.561542,4.7,109,"Zapote 97, Cholul, 97305 Cholul, Yuc., Mexico","park,point_of_interest,establishment"
ChIJPQS_SB15Vo8RdrZAiWbEXxY,Parque Central Alura Residencial,21.0546929,-89.5434733,4.3,19,"C. 5-A 21, Gran San Pedro Cholul, 97139 Mérida, Yuc., Mexico","park,point_of_interest,establishment"
ChIJC68rYQB3Vo8RZTazEsYvxOM,Jacinto Hernandez Gomez National Park,21.068433499999998,-89.55244689999999,,0,"Vega Del Mayab FRACCIONAMIENTO, 97346 Conkal, Yuc., Mexico","park,point_of_interest,establishment"
